id,wdpa_id,name,category,state,lga,area_ha_gis,area_ha_reported,area_ha_fao1998,year_established,iucn,governance,authority,designations,eco_zone_inferred,vegetation,flora,fauna,resources,tourism,threats,notes,other_names,location_source,verification_level,gbif_records,gbif_species,visitor_readiness,sources,lat,lon
w354002,354002,Mbe Mountains Community Wildlife Sanctuary,Community Forest,Cross River,Boki,8605.0,8500,,,,Local communities,Conservation Association of the Mbe Mountains (9 communities) / WCS,UNESCO Tentative List (CRIKOT),rainforest,Montane & lowland moist forest.,,"~25-30 Cross River gorillas, chimpanzee, drill, grey-necked rockfowl",,,"Hunting/snares, farming, ebony logging.",Community-managed since 2007; corridor between Afi and Okwangwo.,Mbe Mountains.,wdpa,A,490,155,,https://wiki.iucnapesportal.org/index.php/Mbe_Mountains | https://whc.unesco.org/en/tentativelists/6204/,6.244,9.076
w36711,36711,Bakin Dutse Forest Reserve,Forest Reserve,Taraba,Ardo-Kola,4907.0,,,,,Sub-national ministry or agency,,,sguinea,,,,,,,Listed in GeoNames; little documented.,Bakin Dutse.,wdpa,C,44,24,,https://www.geonames.org/search.html?q=forest+reserve+taraba&country=NG,8.783,11.232
w354003,354003,Afi Mountain Wildlife Sanctuary,Wildlife Sanctuary,Cross River,Boki,10396.0,10400,,2000,,Sub-national ministry or agency,Cross River State Forestry Commission,IBA/KBA; UNESCO Tentative List (CRIKOT),rainforest,"Lowland to sub-montane forest, rocky peaks to 1,300 m.","Pterocarpus osun, Albizia zygia, Parkia bicolor, Irvingia gabonensis","~25 Cross River gorillas, drill, chimpanzee, grey-necked rockfowl, ~20 million wintering swallows",NTFPs,"Canopy walkway (25 m), Drill Ranch lodge and cabins.","Dry-season bushfires, hunting.",Created May 2000 from northern Afi River FR; surrounded by 16 villages. Coords = KBA centre.,Afi Mountain.,wdpa,A,606,278,Basic,https://en.wikipedia.org/wiki/Afi_Mountain_Wildlife_Sanctuary | https://whc.unesco.org/en/tentativelists/6204/ | https://www.keybiodiversityareas.org/site/factsheet/6738,6.344,8.981
w300841,300841,Seri Forest Reserve,Forest Reserve,Taraba,Gashaka,10227.0,,,,,Sub-national ministry or agency,,,montane,,,,,,,,,wdpa,C,218,114,,,7.471,11.397
w300863,300863,Ifon Forest Reserve,Forest Reserve,Ondo,Ose,27034.0,28270,,,,Sub-national ministry or agency,,,rainforest,"Forest fragments, derived savanna.","Irvingia gabonensis, Piper guineensis, Xylopia aethiopica, 119 spp",Chimpanzee (historic),"Timber, NTFPs",,"Degradation, timber harvesting.","Proposed game reserve/wildlife sanctuary (28,270 ha per FAO).",Ifon.,wdpa,A,435,124,,https://jsrd.unilag.edu.ng/article/view/34 | https://www.fao.org/4/ab578e/AB578E06.htm | https://www.geonames.org/advanced-search.html?q=forest+reserve&country=NG&featureClass=L&maxRows=500,7.115,5.796
w36742,36742,Kurmi Agyaragu Forest Reserve,Forest Reserve,Nasarawa,Obi,200,,,,,Sub-national ministry or agency,,,sguinea,,,,,,,,,wdpa,C,5,5,,,8.362,8.52
w37007,37007,Umuokpara Umuowa Ogee Forest Reserve,Forest Reserve,Imo,Okigwe,122.0,,,,,Sub-national ministry or agency,,,rainforest,,,,,,,,,wdpa,C,4,2,,,5.777,7.348
w36273,36273,Shekato Forest Reserve,Forest Reserve,Jigawa,Kafin Hausa,512.0,512.1,,,,Sub-national ministry or agency,Jigawa State Forestry Department,,sudan,Sudan savanna zone.,,,,,,WDPA-listed forest reserve; polygon centroid nearest town Kafin Hausa.,Shekato.,wdpa,C,140,49,,https://www.protectedplanet.net/country/NGA | https://services9.arcgis.com/IkktFdUAcY3WrH25/arcgis/rest/services/WDPA_Terrestrial_Simplification50/FeatureServer/0,12.188,10.125
w36274,36274,Hardaali Forest Reserve,Forest Reserve,Jigawa,Kafin Hausa,346.0,345.5,,,,Sub-national ministry or agency,Jigawa State Forestry Department,,sudan,Sudan savanna zone.,,,,,,WDPA-listed forest reserve; polygon centroid nearest town Auyo.,Hardaali.,wdpa,C,0,0,,https://www.protectedplanet.net/country/NGA | https://services9.arcgis.com/IkktFdUAcY3WrH25/arcgis/rest/services/WDPA_Terrestrial_Simplification50/FeatureServer/0,12.268,10.105
w36275,36275,Hadejia Plantation Forest Reserve,Forest Reserve,Jigawa,Hadejia,320.0,320.0,,,,Sub-national ministry or agency,Jigawa State Forestry Department,,sudan,Sudan savanna zone.,,,,,,WDPA-listed forest reserve; polygon centroid nearest town Hadejia.,Hadejia Plantation.,wdpa,C,3,3,,https://www.protectedplanet.net/country/NGA | https://services9.arcgis.com/IkktFdUAcY3WrH25/arcgis/rest/services/WDPA_Terrestrial_Simplification50/FeatureServer/0,12.465,10.073
w36276,36276,Sheya Forest Reserve,Forest Reserve,Jigawa,Malam Madori,255.0,255.0,,,,Sub-national ministry or agency,Jigawa State Forestry Department,,sudan,Sudan/Sahel savanna zone.,,,,,,WDPA-listed forest reserve; polygon centroid nearest town Mallammaduri.,Sheya.,wdpa,C,0,0,,https://www.protectedplanet.net/country/NGA | https://services9.arcgis.com/IkktFdUAcY3WrH25/arcgis/rest/services/WDPA_Terrestrial_Simplification50/FeatureServer/0,12.515,9.975
w36277,36277,Dumbari Futu Forest Reserve,Forest Reserve,Jigawa,Kaugama,290.0,290.1,,,,Sub-national ministry or agency,Jigawa State Forestry Department,,sudan,Sudan/Sahel savanna zone.,,,,,,WDPA-listed forest reserve; polygon centroid nearest town Kaugama.,Dumbari Futu.,wdpa,C,0,0,,https://www.protectedplanet.net/country/NGA | https://services9.arcgis.com/IkktFdUAcY3WrH25/arcgis/rest/services/WDPA_Terrestrial_Simplification50/FeatureServer/0,12.505,9.775
w36199,36199,Dan Babba Forest Reserve,Forest Reserve,Katsina,Mashi,586.0,585.7,,,,Sub-national ministry or agency,Katsina State Ministry of Environment (Forestry),,sudan,Sudan/Sahel savanna zone.,,,,,,WDPA-listed forest reserve; polygon centroid nearest town Dankama.,Dan Babba.,wdpa,C,0,0,,https://www.protectedplanet.net/country/NGA | https://services9.arcgis.com/IkktFdUAcY3WrH25/arcgis/rest/services/WDPA_Terrestrial_Simplification50/FeatureServer/0,13.297,7.888
w36219,36219,Ngala Forest Reserve,Forest Reserve,Borno,Ngala,387.0,,,,,Sub-national ministry or agency,,,sudan,,,,,,,,,wdpa,C,1,1,,,12.385,14.162
w36220,36220,Meleri Forest Reserve,Forest Reserve,Borno,Ngala,469.0,,,,,Sub-national ministry or agency,,,sudan,,,,,,,,,wdpa,C,2,1,,,12.21,14.27
w36221,36221,Mudu Forest Reserve,Forest Reserve,Borno,Dikwa,289.0,,,,,Sub-national ministry or agency,,,sudan,,,,,,,,,wdpa,C,0,0,,,12.06,14.277
w36222,36222,Kwoiba Forest Reserve,Forest Reserve,Borno,Dikwa,370.0,,,,,Sub-national ministry or agency,,,sudan,,,,,,,,,wdpa,C,46,7,,,12.005,13.91
w36278,36278,Hadin Forest Reserve,Forest Reserve,Jigawa,Kaugama,326.0,325.9,,,,Sub-national ministry or agency,Jigawa State Forestry Department,,sudan,Sudan savanna zone.,,,,,,WDPA-listed forest reserve; polygon centroid nearest town Miga.,Hadin.,wdpa,C,3,3,,https://www.protectedplanet.net/country/NGA | https://services9.arcgis.com/IkktFdUAcY3WrH25/arcgis/rest/services/WDPA_Terrestrial_Simplification50/FeatureServer/0,12.335,9.762
w36279,36279,Ungua Jiburu Forest Reserve,Forest Reserve,Jigawa,Kaugama,337.0,337.1,,,,Sub-national ministry or agency,Jigawa State Forestry Department,,sudan,Sudan savanna zone.,,,,,,WDPA-listed forest reserve; polygon centroid nearest town Kaugama.,Ungua Jiburu.,wdpa,C,0,0,,https://www.protectedplanet.net/country/NGA | https://services9.arcgis.com/IkktFdUAcY3WrH25/arcgis/rest/services/WDPA_Terrestrial_Simplification50/FeatureServer/0,12.405,9.66
w36171,36171,Zauna Forest Reserve,Forest Reserve,Sokoto,Illela,3687.0,3687.0,,,,Sub-national ministry or agency,Sokoto State Forestry Department,,sahel,Sudan/Sahel savanna zone.,,,,,,WDPA-listed forest reserve; polygon centroid nearest town Illela.,Zauna.,wdpa,C,1,1,,https://www.protectedplanet.net/country/NGA | https://services9.arcgis.com/IkktFdUAcY3WrH25/arcgis/rest/services/WDPA_Terrestrial_Simplification50/FeatureServer/0,13.623,5.18
w36280,36280,Kaugama Motso Forest Reserve,Forest Reserve,Jigawa,Kaugama,736.0,736.1,,,,Sub-national ministry or agency,Jigawa State Forestry Department,,sudan,Sudan savanna zone.,,,,,,WDPA-listed forest reserve; polygon centroid nearest town Kaugama.,Kaugama Motso.,wdpa,C,0,0,,https://www.protectedplanet.net/country/NGA | https://services9.arcgis.com/IkktFdUAcY3WrH25/arcgis/rest/services/WDPA_Terrestrial_Simplification50/FeatureServer/0,12.455,9.675
w36281,36281,Naanabi Forest Reserve,Forest Reserve,Jigawa,Gagarawa,588.0,588.1,,,,Sub-national ministry or agency,Jigawa State Forestry Department,,sudan,Sudan savanna zone.,,,,,,WDPA-listed forest reserve; polygon centroid nearest town Gagarawa.,Naanabi.,wdpa,C,0,0,,https://www.protectedplanet.net/country/NGA | https://services9.arcgis.com/IkktFdUAcY3WrH25/arcgis/rest/services/WDPA_Terrestrial_Simplification50/FeatureServer/0,12.41,9.585
w36282,36282,Gugunguma Forest Reserve,Forest Reserve,Jigawa,Gagarawa,457.0,456.7,,,,Sub-national ministry or agency,Jigawa State Forestry Department,,sudan,Sudan savanna zone.,,,,,,WDPA-listed forest reserve; polygon centroid nearest town Gagarawa.,Gugunguma.,wdpa,C,0,0,,https://www.protectedplanet.net/country/NGA | https://services9.arcgis.com/IkktFdUAcY3WrH25/arcgis/rest/services/WDPA_Terrestrial_Simplification50/FeatureServer/0,12.4,9.51
w36283,36283,Matsago Forest Reserve,Forest Reserve,Jigawa,Gagarawa,732.0,732.4,,,,Sub-national ministry or agency,Jigawa State Forestry Department,,sudan,Sudan savanna zone.,,,,,,WDPA-listed forest reserve; polygon centroid nearest town Gagarawa.,Matsago.,wdpa,C,135,49,,https://www.protectedplanet.net/country/NGA | https://services9.arcgis.com/IkktFdUAcY3WrH25/arcgis/rest/services/WDPA_Terrestrial_Simplification50/FeatureServer/0,12.383,9.475
w36284,36284,Maiwado Forest Reserve,Forest Reserve,Jigawa,Garki,878.0,878.2,,,,Sub-national ministry or agency,Jigawa State Forestry Department,,sudan,Sudan savanna zone.,,,,,,WDPA-listed forest reserve; polygon centroid nearest town Garki.,Maiwado.,wdpa,C,1,1,,https://www.protectedplanet.net/country/NGA | https://services9.arcgis.com/IkktFdUAcY3WrH25/arcgis/rest/services/WDPA_Terrestrial_Simplification50/FeatureServer/0,12.383,9.32
w36301,36301,Dutsin Kwaita Forest Reserve,Forest Reserve,Jigawa,Roni,377.0,377.1,,,,Sub-national ministry or agency,Jigawa State Forestry Department,,sudan,Sudan/Sahel savanna zone.,,,,,,WDPA-listed forest reserve; polygon centroid nearest town Kazaure.,Dutsin Kwaita.,wdpa,C,3,1,,https://www.protectedplanet.net/country/NGA | https://services9.arcgis.com/IkktFdUAcY3WrH25/arcgis/rest/services/WDPA_Terrestrial_Simplification50/FeatureServer/0,12.588,8.34
w36302,36302,Dutsin Kodawa Forest Reserve,Forest Reserve,Jigawa,Roni,747.0,747.4,,,,Sub-national ministry or agency,Jigawa State Forestry Department,,sudan,Sudan/Sahel savanna zone.,,,,,,WDPA-listed forest reserve; polygon centroid nearest town Kazaure.,Dutsin Kodawa.,wdpa,C,0,0,,https://www.protectedplanet.net/country/NGA | https://services9.arcgis.com/IkktFdUAcY3WrH25/arcgis/rest/services/WDPA_Terrestrial_Simplification50/FeatureServer/0,12.585,8.367
w36303,36303,Gasartani Forest Reserve,Forest Reserve,Jigawa,Roni,359.0,359.0,,,,Sub-national ministry or agency,Jigawa State Forestry Department,,sudan,Sudan/Sahel savanna zone.,,,,,,WDPA-listed forest reserve; polygon centroid nearest town Kazaure.,Gasartani.,wdpa,C,0,0,,https://www.protectedplanet.net/country/NGA | https://services9.arcgis.com/IkktFdUAcY3WrH25/arcgis/rest/services/WDPA_Terrestrial_Simplification50/FeatureServer/0,12.58,8.447
w36909,36909,Kakara Forest Reserve,Forest Reserve,Taraba,Sardauna,2155.0,,,,,Sub-national ministry or agency,,,montane,,,,,,,,,wdpa,C,9,5,,,6.81,11.108
w36318,36318,Dan Gagi Forest Reserve,Forest Reserve,Katsina,Baure,855.0,855.5,,,,Sub-national ministry or agency,Katsina State Ministry of Environment (Forestry),,sudan,Sudan/Sahel savanna zone.,,,,,,WDPA-listed forest reserve; polygon centroid nearest town Baure.,Dan Gagi.,wdpa,C,48,29,,https://www.protectedplanet.net/country/NGA | https://services9.arcgis.com/IkktFdUAcY3WrH25/arcgis/rest/services/WDPA_Terrestrial_Simplification50/FeatureServer/0,12.78,8.722
w36172,36172,Garu Forest Reserve,Forest Reserve,Sokoto,Illela,2970.0,2970.1,,,,Sub-national ministry or agency,Sokoto State Forestry Department,,sahel,Sudan/Sahel savanna zone.,,,,,,WDPA-listed forest reserve; polygon centroid nearest town Illela.,Garu.,wdpa,C,0,0,,https://www.protectedplanet.net/country/NGA | https://services9.arcgis.com/IkktFdUAcY3WrH25/arcgis/rest/services/WDPA_Terrestrial_Simplification50/FeatureServer/0,13.656,5.4
w36319,36319,Muni Forest Reserve,Forest Reserve,Jigawa,Babura,142.0,142.1,,,,Sub-national ministry or agency,Jigawa State Forestry Department,,sudan,Sudan/Sahel savanna zone.,,,,,,WDPA-listed forest reserve; polygon centroid nearest town Babura.,Muni.,wdpa,C,52,27,,https://www.protectedplanet.net/country/NGA | https://services9.arcgis.com/IkktFdUAcY3WrH25/arcgis/rest/services/WDPA_Terrestrial_Simplification50/FeatureServer/0,12.743,8.988
w36910,36910,Nguroje Forest Reserve,Forest Reserve,Taraba,Sardauna,1596.0,,,,,Sub-national ministry or agency,,,montane,,,,,,,,,wdpa,C,301,103,,,6.958,11.148
w36911,36911,Mayo Ndaga Forest Reserve,Forest Reserve,Taraba,Sardauna,2131.0,,,,,Sub-national ministry or agency,,,montane,,,,,,,Mambilla Plateau / escarpment reserve listed in GeoNames; little documented.,Mayo Ndaga.,wdpa,C,59,48,,https://www.geonames.org/search.html?q=forest+reserve+taraba&country=NG,6.922,11.438
w36320,36320,Jabi Rawa Forest Reserve,Forest Reserve,Jigawa,Babura,599.0,599.0,,,,Sub-national ministry or agency,Jigawa State Forestry Department,,sudan,Sudan/Sahel savanna zone.,,,,,,WDPA-listed forest reserve; polygon centroid nearest town Babura.,Jabi Rawa.,wdpa,C,80,38,,https://www.protectedplanet.net/country/NGA | https://services9.arcgis.com/IkktFdUAcY3WrH25/arcgis/rest/services/WDPA_Terrestrial_Simplification50/FeatureServer/0,12.607,8.863
w36321,36321,Bakanbawa Forest Reserve,Forest Reserve,Jigawa,Garki,409.0,408.7,,,,Sub-national ministry or agency,Jigawa State Forestry Department,,sudan,Sudan/Sahel savanna zone.,,,,,,WDPA-listed forest reserve; polygon centroid nearest town Garki.,Bakanbawa.,wdpa,C,76,39,,https://www.protectedplanet.net/country/NGA | https://services9.arcgis.com/IkktFdUAcY3WrH25/arcgis/rest/services/WDPA_Terrestrial_Simplification50/FeatureServer/0,12.525,8.942
w36912,36912,Gembu Forest Reserve,Forest Reserve,Taraba,Sardauna,1745.0,,,,,Sub-national ministry or agency,,,montane,,,,,,,Mambilla Plateau / escarpment reserve listed in GeoNames; little documented.,Gembu.,wdpa,C,122,79,,https://www.geonames.org/search.html?q=forest+reserve+taraba&country=NG,6.718,11.23
w36913,36913,Dorofi Forest Reserve,Forest Reserve,Taraba,Sardauna,599.0,,,,,Sub-national ministry or agency,,,montane,,,,,,,Mambilla Plateau / escarpment reserve listed in GeoNames; little documented.,Dorofi.,wdpa,C,0,0,,https://www.geonames.org/search.html?q=forest+reserve+taraba&country=NG,6.552,11.37
w36914,36914,Ihugh Forest Reserve,Forest Reserve,Benue,Ushongo,81.0,,,,,Sub-national ministry or agency,Benue State Ministry of Agriculture/Forestry,,mosaic,Southern Guinea savanna / derived savanna.,,,,,,Gazetted forest reserve; location from GeoNames point. Current condition not documented.,Ihugh.,wdpa,C,0,0,,http://www.geonames.org/search.html?q=forest+reserve&country=NG,6.995,9.037
w36915,36915,Mbaafon Forest Reserve,Forest Reserve,Benue,Vandeikya,69.0,,,,,Sub-national ministry or agency,Benue State Ministry of Agriculture/Forestry,,mosaic,Southern Guinea savanna / derived savanna.,,,,,,Gazetted forest reserve; location from GeoNames point. Current condition not documented.,Mbaafon.,wdpa,C,87,46,,http://www.geonames.org/search.html?q=forest+reserve&country=NG,6.875,9.138
w36916,36916,Mbakoso Forest Reserve,Forest Reserve,Benue,Kwande,189.0,,,,,Sub-national ministry or agency,Benue State Ministry of Agriculture/Forestry,,mosaic,Southern Guinea savanna / derived savanna.,,,,,,Gazetted forest reserve; location from GeoNames point. Current condition not documented.,Mbakoso.,wdpa,C,30,29,,http://www.geonames.org/search.html?q=forest+reserve&country=NG,6.873,9.297
w36917,36917,Mbahura Forest Reserve,Forest Reserve,Benue,Kwande,471.0,,,,,Sub-national ministry or agency,Benue State Ministry of Agriculture/Forestry,,rainforest,Southern Guinea savanna / derived savanna.,,,,,,Gazetted forest reserve; location from GeoNames point. Current condition not documented.,Mbahura.,wdpa,C,0,0,,http://www.geonames.org/search.html?q=forest+reserve&country=NG,6.752,9.32
w37012,37012,Agoi Forest Reserve,Forest Reserve,Cross River,Akamkpa,5202.0,5490,5490,,,Sub-national ministry or agency,Cross River State Forestry Commission,,rainforest,Lowland rainforest.,,,Timber,,,State forest reserve (FAO list).,Agoi.,wdpa,B,431,214,,https://www.fao.org/4/ab578e/AB578E10.htm,5.662,8.21
w37013,37013,Oban Group Forest Reserve,Forest Reserve,Cross River,Akamkpa,219211.0,73257,73257,,,Sub-national ministry or agency,Cross River State Forestry Commission,,rainforest,Lowland rainforest.,,,Timber,,,Largely incorporated into Cross River National Park (Oban Division).,Oban Group.,wdpa,B,5620,1495,,https://www.fao.org/4/ab578e/AB578E10.htm,5.395,8.451
w37025,37025,Eme River Forest Reserve,Forest Reserve,Abia,Bende,217.0,,,,,Sub-national ministry or agency,,,rainforest,,,,,,,,,wdpa,C,7,7,,,5.607,7.567
w37026,37026,Akanto Forest Reserve,Forest Reserve,Ebonyi,Afikpo South,2768.0,,,,,Sub-national ministry or agency,,,rainforest,,,,,,,,,wdpa,C,56,36,,,5.955,7.807
w36926,36926,Yache Forest Reserve,Forest Reserve,Benue,Konshisha,6753.0,,,,,Sub-national ministry or agency,,,mosaic,,,,,,,,,wdpa,C,19,17,,,6.878,8.83
w36833,36833,Oni Forest Reserve,Forest Reserve,Osun,Atakunmosa East,5237.0,5600,,,,Sub-national ministry or agency,,,rainforest,"Plantations, degraded forest.",,Chimpanzee absent since 1993,,,"Farm clearing, timber extraction.",State attribution unclear (A.P.E.S. lists Ekiti; point lies near Osun–Ondo border).,Oni.,wdpa,A,119,30,,https://wiki.iucnapesportal.org/index.php/Oni_Forest_Reserve | https://www.geonames.org/advanced-search.html?q=forest+reserve&country=NG&featureClass=L&maxRows=500,7.373,4.811
w36866,36866,South Ibie Forest Reserve,Forest Reserve,Edo,Etsako Central,375.0,,,,,Sub-national ministry or agency,,,rainforest,,,,,,,,,wdpa,C,115,57,,,7.043,6.375
w36880,36880,Oglewu Forest Reserve,Forest Reserve,Benue,Ohimini,378.0,,,,,Sub-national ministry or agency,,,mosaic,,,,,,,,,wdpa,C,4,1,,,7.223,8.088
w36881,36881,Oturkpo Forest Reserve,Forest Reserve,Benue,Oturkpo,419.0,,,,,Sub-national ministry or agency,,,mosaic,,,,,,,,,wdpa,C,5,1,,,7.23,8.13
w36882,36882,Mbaav 1 Forest Reserve,Forest Reserve,Benue,Gwer East,246.0,,,,,Sub-national ministry or agency,,,mosaic,,,,,,,,,wdpa,C,0,0,,,7.275,8.39
w36883,36883,Mbaav 2 Forest Reserve,Forest Reserve,Benue,Konshisha,867.0,,,,,Sub-national ministry or agency,,,mosaic,,,,,,,,,wdpa,C,0,0,,,7.237,8.508
w36884,36884,Mbatan Forest Reserve,Forest Reserve,Benue,Gboko,603.0,,,,,Sub-national ministry or agency,,,mosaic,,,,,,,,,wdpa,C,31,29,,,7.297,8.87
w36885,36885,Gboko Forest Reserve,Forest Reserve,Benue,Gboko,171.0,,,,,Sub-national ministry or agency,Benue State Ministry of Agriculture/Forestry,,mosaic,Southern Guinea savanna / derived savanna.,,,,,"Farming, logging, fuelwood, settlement.","Forest cover fell from ~74% (2005) to ~21% (2020) in remote-sensing study; one of 52 Benue forest reserves. GeoNames has a second point at 7.349, 8.983.",Gboko.,wdpa,C,0,0,,http://www.geonames.org/search.html?q=forest+reserve&country=NG | https://www.researchsquare.com/article/rs-8824690/v1,7.283,8.99
w36886,36886,Anwo Forest Reserve,Forest Reserve,Benue,Gboko,518.0,,,,,Sub-national ministry or agency,,,mosaic,,,,,,,,,wdpa,C,0,0,,,7.34,8.955
w36887,36887,Shangey Tiev Forest Reserve,Forest Reserve,Benue,Konshisha,842.0,,,,,Sub-national ministry or agency,,,mosaic,,,,,,,,,wdpa,C,0,0,,,7.054,8.602
w36888,36888,Mbaava Forest Reserve,Forest Reserve,Benue,Konshisha,1593.0,,,,,Sub-national ministry or agency,,,mosaic,,,,,,,,,wdpa,C,16,14,,,7.047,8.727
w36894,36894,Yandev Forest Reserve,Forest Reserve,Benue,Gboko,288.0,,,,,Sub-national ministry or agency,Benue State Ministry of Agriculture/Forestry,,mosaic,Southern Guinea savanna / derived savanna.,,,,,,Gazetted forest reserve; location from GeoNames point. Current condition not documented.,Yandev.,wdpa,C,5,4,,http://www.geonames.org/search.html?q=forest+reserve&country=NG,7.365,9.053
w36895,36895,Mkar Forest Reserve,Forest Reserve,Benue,Gboko,552.0,,,,,Sub-national ministry or agency,,,mosaic,,,,,,,,,wdpa,C,9,5,,,7.33,9.053
w36896,36896,Katsina-Ala Forest Reserve,Forest Reserve,Benue,Buruku,122.0,,,,,Sub-national ministry or agency,,,mosaic,,,,,,,,,wdpa,C,105,3,,,7.172,9.27
w36897,36897,Mbamsjrom Forest Reserve,Forest Reserve,Benue,Ushongo,467.0,,,,,Sub-national ministry or agency,,,mosaic,,,,,,,,,wdpa,C,9,8,,,7.03,9.295
w36898,36898,Takum Forest Reserve,Forest Reserve,Taraba,Takum,1005.0,,,,,Sub-national ministry or agency,,,mosaic,,,,,,,,,wdpa,C,41,41,,,7.272,9.96
w36927,36927,Gabu Forest Reserve,Forest Reserve,Benue,Konshisha,7318.0,,,,,Sub-national ministry or agency,,,mosaic,,,,,,,,,wdpa,C,0,0,,,6.922,8.712
w36935,36935,Akwari Ani Forest Reserve,Forest Reserve,Enugu,Nsukka,213.0,,,,,Sub-national ministry or agency,,,rainforest,,,,,,,,,wdpa,C,1,1,,,6.812,7.48
w36936,36936,Ojogba-Ugun Forest Reserve,Forest Reserve,Edo,Esan West,1046.0,1154,1154,,,Sub-national ministry or agency,Edo State Ministry of Environment (Forestry),,rainforest,Lowland rainforest.,,,Timber,,,Gazetted state forest reserve listed by FAO; exact location not established.,Ojogba-Ugun.,wdpa,C,4,2,,https://www.fao.org/4/ab578e/AB578E10.htm,6.51,6.103
w37033,37033,Obeaku Forest Reserve,Forest Reserve,Abia,Ukwa East,2353.0,,1700,,,Sub-national ministry or agency,,,mangrove,,,,,,,,,wdpa,C,28,27,,https://www.fao.org/4/ab578e/AB578E10.htm,4.854,7.466
w36937,36937,Ujrohi-Ojogba Forest Reserve,Forest Reserve,Edo,Esan West,3020.0,,,,,Sub-national ministry or agency,,,rainforest,,,,,,,,,wdpa,C,21,20,,,6.563,6.102
w36939,36939,Ogwa Forest Reserve,Forest Reserve,Edo,Esan West,459.0,,,,,Sub-national ministry or agency,,,rainforest,,,,,,,,,wdpa,C,0,0,,,6.513,6.172
w36940,36940,Udo Forest Reserve,Forest Reserve,Edo,Esan South-East,2045.0,,,,,Sub-national ministry or agency,,,rainforest,,,,,,,,,wdpa,C,0,0,,,6.597,6.34
w36941,36941,Ubiaja Forest Reserve,Forest Reserve,Edo,Esan South-East,1279.0,960,960,,,Sub-national ministry or agency,Edo State Ministry of Environment (Forestry),,rainforest,Lowland rainforest.,,,Timber,,,Gazetted state forest reserve (FAO list of Bendel/Edo reserves); location approximate to LGA.,Ubiaja.,wdpa,C,20,20,,https://www.fao.org/4/ab578e/AB578E10.htm,6.608,6.366
w36942,36942,Okhuessan Forest Reserve,Forest Reserve,Edo,Esan South-East,2368.0,,,,,Sub-national ministry or agency,,,rainforest,,,,,,,,,wdpa,C,4,4,,,6.582,6.398
w300898,300898,Enugu Forest Reserve,Forest Reserve,Enugu,Enugu North,1162.0,,,,,Sub-national ministry or agency,Enugu State Ministry of Environment (Forestry Dept.),,rainforest,Derived savanna/escarpment forest with pine plantation.,,,"Timber, watershed",,"Allocation of land, farming.",GeoNames feature on the Ngwo/Udi escarpment west of Enugu city; likely overlaps Ngwo Pine Forest/Milken Hill area.,Enugu.,wdpa,C,52,36,,https://www.geonames.org/search.html?q=forest+reserve+enugu&country=NG,6.457,7.46
w300906,300906,Unnamed Forest Reserve (No.72),Forest Reserve,Ebonyi,Ezza North,342.0,,,,,Sub-national ministry or agency,,,rainforest,,,,,,,,,wdpa,C,3,2,,,6.348,8.035
w300916,300916,Unnamed Forest Reserve (No.74),Forest Reserve,Ebonyi,Ikwo,763.0,,,,,Sub-national ministry or agency,,,rainforest,,,,,,,,,wdpa,C,0,0,,,6.192,8.18
w300917,300917,Unnamed Forest Reserve (No.75),Forest Reserve,Ebonyi,Ikwo,282.0,,,,,Sub-national ministry or agency,,,rainforest,,,,,,,,,wdpa,C,0,0,,,6.158,8.285
w300922,300922,Unnamed Forest Reserve (No.78),Forest Reserve,Ebonyi,Ezza South,211.0,,,,,Sub-national ministry or agency,,,rainforest,,,,,,,,,wdpa,C,38,18,,,6.058,8.035
w300925,300925,Unnamed Forest Reserve (No.80),Forest Reserve,Ebonyi,Ikwo,463.0,,,,,Sub-national ministry or agency,,,rainforest,,,,,,,,,wdpa,C,46,43,,,6.02,8.092
w36943,36943,Ologholo-Emu-Urho Forest Reserve,Forest Reserve,Edo,Esan South-East,11512.0,12044,12044,,,Sub-national ministry or agency,Edo State Ministry of Environment (Forestry),,rainforest,Lowland rainforest.,,,Timber,,,Gazetted state forest reserve listed by FAO; exact location not established.,Ologholo-Emu-Urho.,wdpa,B,1,1,,https://www.fao.org/4/ab578e/AB578E10.htm,6.607,6.552
w36944,36944,Inyelen Forest Reserve,Forest Reserve,Edo,Esan South-East,187.0,,,,,Sub-national ministry or agency,,,rainforest,,,,,,,,,wdpa,C,0,0,,,6.495,6.557
w36945,36945,Akpugo Forest Reserve,Forest Reserve,Enugu,Uzo-Uwani,224.0,,,,,Sub-national ministry or agency,,,rainforest,,,,,,,,,wdpa,C,0,0,,,6.715,7.265
w36951,36951,Niocha Forest Reserve,Forest Reserve,Delta,Oshimili North,2490.0,,,,,Sub-national ministry or agency,,,rainforest,,,,,,,,,wdpa,C,1,1,,,6.28,6.624
w36952,36952,Oroma Anam Forest Reserve,Forest Reserve,Anambra,Anambra West,1296.0,,,,,Sub-national ministry or agency,,,rainforest,,,,,,,,,wdpa,C,3,1,,,6.363,6.726
w36953,36953,Achalla Forest Reserve,Forest Reserve,Anambra,Awka North,146.0,276.09,,,,Sub-national ministry or agency,Anambra State Ministry of Environment (Dept. of Forestry),,rainforest,Derived savanna / secondary forest.,,,"Timber, fuelwood",,"Unapproved chainsaw logging, farming, fire outbreaks.",Area also reported as 202.5 ha; community proposed relocating the reserve.,Achalla.,wdpa,C,67,34,,https://www.geonames.org/search.html?q=forest+reserve+anambra&country=NG | https://www.icirnigeria.org/?p=132584 | https://ebrary.net/202324/sociology/anambra_state,6.352,6.975
w36954,36954,Nkachu-Ituku Forest Reserve,Forest Reserve,Anambra,Awka North,393.0,109.67,,,,Sub-national ministry or agency,Anambra State Ministry of Environment (Dept. of Forestry),,rainforest,Secondary forest / plantation.,,,Afforestation (National Green Bond),,"Developers, land sales.","At Umuoye village, Ebenebe; also called Ebenebe Forest Reserve. Placed approx at Ebenebe.",Nkachu-Ituku.,wdpa,C,0,0,,https://www.icirnigeria.org/?p=132584 | https://ebrary.net/202324/sociology/anambra_state | https://www.icirnigeria.org/concerns-as-urbanisation-threatens-anambra-forest-reserves/,6.326,7.021
w36955,36955,Isiamaigbo Forest Reserve,Forest Reserve,Anambra,Awka North,357.0,,,,,Sub-national ministry or agency,,,rainforest,,,,,,,,,wdpa,C,0,0,,,6.397,7.04
w36956,36956,Umude Ugbenu Forest Reserve,Forest Reserve,Anambra,Awka North,179.0,,,,,Sub-national ministry or agency,,,rainforest,,,,,,,,,wdpa,C,0,0,,,6.393,7.075
w36957,36957,Aguobu Owa Forest Reserve,Forest Reserve,Enugu,Ezeagu,723.0,,,,,Sub-national ministry or agency,,,rainforest,,,,,,,,,wdpa,C,57,29,,,6.38,7.293
w36968,36968,Irite Amoli Forest Reserve,Forest Reserve,Enugu,Awgu,419.0,,,,,Sub-national ministry or agency,,,rainforest,,,,,,,,,wdpa,C,111,53,,,6.198,7.39
w36969,36969,Awlaw-Isikwe Forest Reserve,Forest Reserve,Enugu,Oji-River,510.0,,,,,Sub-national ministry or agency,,,rainforest,,,,,,,,,wdpa,C,0,0,,,6.07,7.345
w36230,36230,Gazabure Forest Reserve,Forest Reserve,Borno,Gubio,1861.0,,,,,Sub-national ministry or agency,,,sahel,,,,,,,,,wdpa,C,2,2,,,12.91,12.758
w36231,36231,Gajiram Forest Reserve,Forest Reserve,Borno,Nganzai,1548.0,,,,,Sub-national ministry or agency,,,sudan,,,,,,,,,wdpa,C,1,1,,,12.505,13.212
w36814,36814,Eleiyele Forest Reserve,Forest Reserve,Oyo,Ido,681.0,,,,,Sub-national ministry or agency,,,rainforest,,,,,,,,,wdpa,C,80,54,,,7.433,3.865
w36816,36816,Arakanga Forest Reserve,Forest Reserve,Ogun,Abeokuta North,266.0,,,,,Sub-national ministry or agency,,,rainforest,,,,,,,One of Ogun Central's two reserves (with Olokemeji).,Arakanga.,wdpa,C,159,19,,https://newtelegraphng.com/ogun-a-paradigm-shift-in-forestry-conservation/ | https://archive.businessday.ng/agriculture/article/ogun-to-create-more-forest-reserves-for-improved-revenue-generation/ | https://www.geonames.org/advanced-search.html?q=forest+reserve&country=NG&featureClass=L&maxRows=500,7.193,3.35
w36899,36899,Baissa Forest Reserve,Forest Reserve,Taraba,Kurmi,9446.0,,,,,Sub-national ministry or agency,,IBA; KBA,mosaic,Lowland high forest (Donga valley).,"Terminalia superba, Khaya grandifoliola","Chimpanzee, buffalo, 190+ bird spp. incl. Sharpe's broadbill (only Nigerian site)","Timber, cocoa land",,"Logging, cocoa and slash-and-burn farming, chemical fishing, hunting.",Logged out by the 1980s; part of Donga River Basin Forests IBA. LGA inferred.,Baissa.,wdpa,A,135,109,,https://www.keybiodiversityareas.org/site/factsheet/6747 | https://www.canterbury.ac.nz/content/dam/uoc-main-site/documents/faculties/science/biological-sciences/afromontane/The%20Forests%20of%20Adamawa%20and%20Taraba%20States%20Nigeria%20-%20Chapman%20and%20Chapman%20-WEB.pdf,7.276,10.497
w36232,36232,Kenjimiram Forest Reserve,Forest Reserve,Borno,Nganzai,302.0,,,,,Sub-national ministry or agency,,,sudan,,,,,,,,,wdpa,C,2,1,,,12.393,13.163
w36817,36817,Gambari (Onigambari) Forest Reserve,Forest Reserve,Oyo,Oluyole,17174.0,17984,17984,,,Sub-national ministry or agency,Oyo State Ministry of Environment (shared with Ogun),,rainforest,Lowland semi-deciduous forest.,"Tectona grandis, Gmelina arborea, Swietenia macrophylla, Cassia siamea, Albizia spp",,"Timber, plantations, fuelwood",Near Ibadan (Mamu); research and plantation forestry site.,"Illegal logging, crop farming, sand mining, settlements; >5,240 ha lost 1984–2014.","Five series: Onigambari, Busogboro, Onipe, Olonde, Mamu; parts de-reserved for CRIN.",Gambari.,wdpa,A,1959,573,,https://www.intechopen.com/chapters/81984 | https://www.fao.org/4/ab578e/AB578E10.htm | https://www.geonames.org/advanced-search.html?q=forest+reserve&country=NG&featureClass=L&maxRows=500,7.17,3.833
w36233,36233,Bida (Bornu State) Forest Reserve,Forest Reserve,Borno,Monguno,719.0,,,,,Sub-national ministry or agency,,,sudan,,,,,,,,,wdpa,C,0,0,,,12.34,13.425
w26627,26627,Lekki Strict Nature Reserve,Strict Nature Reserve,Lagos,Ibeju Lekki,490.0,78,,1990,Ia,Federal or national ministry or agency,Nigerian Conservation Foundation,,mangrove,,,,,,,Listed in WDPA as a strict nature reserve at Lekki. The Nigerian Conservation Foundation’s Lekki Conservation Centre (shown separately) lies about 20 km to the west; the relationship between the two listings is not confirmed.,,wdpa,C,197,92,,,6.462,3.722
w36359,36359,Ikom Forest Reserve,Forest Reserve,Cross River,Ikom,847.0,,,,,Sub-national ministry or agency,,,rainforest,,,,,,,,,wdpa,C,27,8,,,5.97,8.67
w36809,36809,Eruwa Forest Reserve,Forest Reserve,Oyo,Ibarapa East,157.0,,,,,Sub-national ministry or agency,,,rainforest,,,,,,,,Eruwa.,wdpa,C,2,1,,https://www.geonames.org/advanced-search.html?q=forest+reserve&country=NG&featureClass=L&maxRows=500,7.498,3.375
w36811,36811,Olokemeji Forest Reserve,Forest Reserve,Ogun,Odeda,5028.0,5900,,1899,,Sub-national ministry or agency,Ogun State Forestry Department,,rainforest,Mixed moist semi-deciduous forest; freshwater swamp forest in south.,,,"Timber, research plots","Historic reserve on the Abeokuta–Ibadan road; reforestation projects (IITA, Nigerian Breweries).","Farming pressure, human interference.",Often cited as Nigeria's first forest reserve (c. 1899–1900); heavily human-modified.,Olokemeji.,wdpa,A,933,413,,https://en.wikipedia.org/wiki/Olokemeji_Forest_Reserve | https://www.geonames.org/advanced-search.html?q=forest+reserve&country=NG&featureClass=L&maxRows=500 | https://www.iita.org/iita-project/olokemeji-reforestation-project/,7.418,3.55
w36812,36812,Osho Forest Reserve,Forest Reserve,Oyo,Ido,3286.0,3822,3822,,,Sub-national ministry or agency,,,rainforest,,,,,,,,Osho.,wdpa,C,87,42,,https://www.fao.org/4/ab578e/AB578E10.htm | https://www.academia.edu/50121600/FOREST_RESERVES_AND_RESIDENTIAL_AREAS_A_CASE_STUDY_OF_GOVERNMENT_FOREST_RESERVES_IN_OYO_STATE | https://www.geonames.org/advanced-search.html?q=forest+reserve&country=NG&featureClass=L&maxRows=500,7.467,3.652
w36813,36813,Ibadan Forest Reserve,Forest Reserve,Oyo,Ibadan North West,327.0,,,,,Sub-national ministry or agency,,,rainforest,,,,,,,,,wdpa,C,6472,578,,,7.388,3.862
w36818,36818,Ago-Owu Forest Reserve,Forest Reserve,Osun,Ayedade,23852.0,24847,24847,,,Sub-national ministry or agency,,,rainforest,Lowland rainforest.,,,"Plantations, timber",,,,Ago-Owu.,wdpa,A,1792,191,,https://www.fao.org/4/ab578e/AB578E10.htm | https://www.geonames.org/advanced-search.html?q=forest+reserve&country=NG&featureClass=L&maxRows=500,7.149,4.211
w36819,36819,Ife Forest Reserve,Forest Reserve,Osun,Ife South,14169.0,8383,8383,,,Sub-national ministry or agency,,,rainforest,Lowland rainforest. Lowland rain forest,,,,,,"Listed by FAO's national forest resources study at 8,383 ha.",Ife.,wdpa,B,437,147,,https://www.fao.org/4/ab578e/AB578E10.htm | https://www.geonames.org/advanced-search.html?q=forest+reserve&country=NG&featureClass=L&maxRows=500,7.155,4.42
w36830,36830,Ogotun Forest Reserve (group),Forest Reserve,Ekiti,Ekiti South-West,571.0,,,,,Sub-national ministry or agency,,,rainforest,,,,,,,,Ogotun West.,wdpa,C,0,0,,https://www.geonames.org/advanced-search.html?q=forest+reserve&country=NG&featureClass=L&maxRows=500 | https://ijras.org/administrator/components/com_jresearch/files/publications/IJRAS_81_Final.pdf,7.51,4.968
w36831,36831,Ogotun South Forest Reserve,Forest Reserve,Ekiti,Ekiti South-West,571.0,,,,,Sub-national ministry or agency,,,rainforest,,,,,,,,,wdpa,C,0,0,,,7.48,4.975
w36832,36832,Ikeji-Ipetu Forest Reserve,Forest Reserve,Osun,Oriade,4512.0,4849,4849,,,Sub-national ministry or agency,,,rainforest,Lowland rainforest.,,,,,,,Ikeji.,wdpa,B,41,20,,https://www.fao.org/4/ab578e/AB578E10.htm | https://www.geonames.org/advanced-search.html?q=forest+reserve&country=NG&featureClass=L&maxRows=500,7.396,4.95
w36820,36820,Omo Forest Reserve,Forest Reserve,Ogun,Ijebu East,131907.0,130500,134730,1925,,Sub-national ministry or agency,Ogun State Forestry Department,IBA; UNESCO MAB (core),rainforest,Mixed moist semi-deciduous & dry evergreen rainforest.,"Diospyros spp, Drypetes spp, Strombosia pustulata, Rinorea dentata, Khaya ivorensis","Forest elephant, chimpanzee, white-throated monkey, yellow-casqued hornbill, pangolin, ~125 bird spp","Timber, plantations (Gmelina, teak), NTFPs, fuelwood, Omo River watershed",Elephant and primate viewing with NGO-guided visits; strong ecotourism and research potential.,"Illegal logging, poaching, farm encroachment, plantation conversion.","One of Nigeria's largest reserves; comprises the Ijebu 'J' areas (J1, J3, J4, J6 ~136,000 ha). Borders Shasha and Oluwa reserves.",Omo.,wdpa,A,6806,972,Basic,https://en.wikipedia.org/wiki/Omo_Forest_Reserve | https://newtelegraphng.com/ogun-a-paradigm-shift-in-forestry-conservation/ | https://www.fao.org/4/ab578e/AB578E10.htm,6.848,4.347
w36826,36826,Ise Forest Reserve,Forest Reserve,Ekiti,Ise/Orun,4536.0,5263,5263,,,Sub-national ministry or agency,Ekiti State Ministry of Environment,,rainforest,Lowland rainforest.,"Mansonia altissima, Khaya ivorensis, Milicia excelsa, Entandrophragma, Terminalia ivorensis","Chimpanzee, red-capped mangabey, white-throated guenon, forest buffalo, elephant, ~661 butterflies","Timber, Gmelina/teak",Primate research site; ecotourism potential.,"Illegal logging, slash-and-burn, hunting, cannabis farms.",Ekiti's key chimpanzee site; Wikipedia gives 142 km2.,Ise.,wdpa,A,142,92,,https://en.wikipedia.org/wiki/Ise_Forest_Reserve | https://www.fao.org/4/ab578e/AB578E10.htm | https://www.geonames.org/advanced-search.html?q=forest+reserve&country=NG&featureClass=L&maxRows=500,7.391,5.387
w36828,36828,Ikerre Forest Reserve,Forest Reserve,Ekiti,Ikere,1476.0,,,,,Sub-national ministry or agency,,,rainforest,,,,,,,,,wdpa,C,19,15,,,7.492,5.133
w36834,36834,Akure Forest Reserve,Forest Reserve,Ondo,Ile Oluji/Okeigbo,6593.0,7870,7870,,,Sub-national ministry or agency,,Strict Nature Reserve (32 ha),rainforest,Degraded moist forest; plantations.,Queen Elizabeth Plot (natural remnant),Possible relict chimpanzees,"Teak, Gmelina plantations",,"Taungya farming, plantations, hunting.",Contains Akure Strict Nature Reserve (32 ha).,Akure.,wdpa,A,610,265,,https://wiki.iucnapesportal.org/index.php/Akure_Forest_Reserve | https://www.fao.org/4/ab578e/AB578E10.htm | https://www.fao.org/4/ab578e/AB578E06.htm,7.291,5.033
w36835,36835,Little Ose Forest Reserve,Forest Reserve,Ekiti,Emure,2081.0,2723,2723,,,Sub-national ministry or agency,,,rainforest,,,,,,,Listed with Ogbese as 'Little Ose Ogbese' in Ekiti lists.,Little Osse.,wdpa,C,0,0,,https://www.fao.org/4/ab578e/AB578E10.htm | https://www.geonames.org/advanced-search.html?q=forest+reserve&country=NG&featureClass=L&maxRows=500 | https://ijras.org/administrator/components/com_jresearch/files/publications/IJRAS_81_Final.pdf,7.493,5.563
w36836,36836,Eporo Forest Reserve,Forest Reserve,Ondo,Akoko South West,3620.0,,,,,Sub-national ministry or agency,,,rainforest,,,,,,,GeoNames places it in Ondo; also listed among Ekiti reserves.,Eporo.,wdpa,C,6,1,,https://www.geonames.org/advanced-search.html?q=forest+reserve&country=NG&featureClass=L&maxRows=500 | https://ijras.org/administrator/components/com_jresearch/files/publications/IJRAS_81_Final.pdf,7.326,5.59
w36837,36837,Oyinno Forest Reserve,Forest Reserve,Ondo,Akoko South West,3351.0,,,,,Sub-national ministry or agency,,,rainforest,,,,,,,,,wdpa,C,30,29,,,7.315,5.63
w36838,36838,Ipele-Idoani Forest Reserve,Forest Reserve,Ondo,Ose,3100,3340,3340,,,Sub-national ministry or agency,,,rainforest,,,,,,,,Ipeli-Idoani.,wdpa,C,0,0,,https://www.fao.org/4/ab578e/AB578E10.htm | https://www.geonames.org/advanced-search.html?q=forest+reserve&country=NG&featureClass=L&maxRows=500,7.237,5.738
w36840,36840,Owo Forest Reserve,Forest Reserve,Ondo,Owo,23337.0,24061,24061,,,Sub-national ministry or agency,,,rainforest,"Degraded forest, plantations.",,Chimpanzee (unconfirmed),"Teak, Gmelina plantations",,"Farm clearing, plantations, fire.",,Owo.,wdpa,A,429,123,,https://wiki.iucnapesportal.org/index.php/Owo_Forest_Reserve | https://www.fao.org/4/ab578e/AB578E10.htm,6.932,5.558
w36841,36841,Ala Forest Reserve,Forest Reserve,Ondo,Idanre,19280.0,20858,20858,,,Sub-national ministry or agency,,,rainforest,Lowland rainforest.,,Chimpanzee (likely extirpated),,,"Oil palm/cocoa conversion, teak clearing, logging, hunting.",,Ala.,wdpa,A,784,162,,https://wiki.iucnapesportal.org/index.php/Ala_Forest_Reserve | https://www.fao.org/4/ab578e/AB578E10.htm | https://www.geonames.org/advanced-search.html?q=forest+reserve&country=NG&featureClass=L&maxRows=500,7.043,5.449
w36842,36842,Akure-Ofosu Forest Reserve,Forest Reserve,Ondo,Idanre,39239.0,39236,39236,1936,,Sub-national ministry or agency,,,rainforest,Lowland rainforest.,,"Chimpanzee, red-capped mangabey, white-throated guenon, putty-nosed & mona monkeys","Timber, chewing sticks, honey, fuelwood",,Conversion to farmland.,"Borders Ala, Owo and Ohosu reserves in a large forest block.",Akure-Ofosu.,wdpa,A,270,102,,https://en.wikipedia.org/wiki/Akure_Ofosu_Forest_Reserve | https://www.fao.org/4/ab578e/AB578E10.htm | https://www.geonames.org/advanced-search.html?q=forest+reserve&country=NG&featureClass=L&maxRows=500,6.98,5.357
w36858,36858,Acharane Forest Reserve,Forest Reserve,Kogi,Ankpa,5890.0,,,,,Sub-national ministry or agency,Kogi State Ministry of Environment (Forestry),,mosaic,Southern Guinea savanna / derived savanna.,,,,,,Gazetted forest reserve; location from GeoNames point. Current condition not documented.,Acharane.,wdpa,C,59,29,,http://www.geonames.org/search.html?q=forest+reserve&country=NG,7.363,7.445
w36859,36859,Alla Forest Reserve,Forest Reserve,Kogi,Igalamela-Odolu,2421.0,,,,,Sub-national ministry or agency,Kogi State Ministry of Environment (Forestry),,mosaic,Southern Guinea savanna / derived savanna.,,,,,,Gazetted forest reserve; location from GeoNames point. Current condition not documented.,Alla.,wdpa,C,1,1,,http://www.geonames.org/search.html?q=forest+reserve&country=NG,7.252,7.076
w36860,36860,Adoru Forest Reserve,Forest Reserve,Kogi,Igalamela-Odolu,33239.0,,,,,Sub-national ministry or agency,Kogi State Ministry of Environment (Forestry),,mosaic,Southern Guinea savanna / derived savanna.,,,,,,Gazetted forest reserve; location from GeoNames point. Current condition not documented.,Southern Adoru Forest Reserve.,wdpa,C,482,142,,http://www.geonames.org/search.html?q=forest+reserve&country=NG,7.028,7.065
w36862,36862,Ibaji-Ojok Forest Reserve,Forest Reserve,Kogi,Ibaji,39065.0,,,,,Sub-national ministry or agency,,,mosaic,,,,,,,,,wdpa,C,1318,157,,,6.932,6.911
w36863,36863,Okura River Forest Reserve,Forest Reserve,Kogi,Ofu,3073.0,,,,,Sub-national ministry or agency,,,mosaic,,,,,,,,,wdpa,C,0,0,,,7.344,7.148
w36864,36864,Ukpilla Forest Reserve,Forest Reserve,Edo,Etsako East,6089.0,,,,,Sub-national ministry or agency,,,rainforest,,,,,,,,,wdpa,C,125,83,,,7.202,6.352
w36865,36865,Auchi Forest Reserve,Forest Reserve,Edo,Etsako West,694.0,,,,,Sub-national ministry or agency,,,rainforest,,,,,,,,,wdpa,C,0,0,,,7.093,6.268
w36867,36867,Orle River Forest Reserve,Forest Reserve,Edo,Etsako Central,45234.0,42621,42621,,,Sub-national ministry or agency,Edo State Ministry of Environment (Forestry),,mosaic,Lowland rainforest / derived savanna.,,,Timber,,,Gazetted state forest reserve listed by FAO; exact location not established.,Orle River.,wdpa,B,8250,328,,https://www.fao.org/4/ab578e/AB578E10.htm,6.936,6.503
w36875,36875,Ikwe Forest Reserve,Forest Reserve,Benue,Gwer East,1141.0,4000,,,,Sub-national ministry or agency,Benue State Ministry of Agriculture/Forestry,,mosaic,"Guinea savanna rangeland with grasses and shrubs. Woodland, riparian and hilly vegetation","Pennisetum, Ludwigia decurrens, Tephrosia, Berlinia auriculata (dominant on hills), Syzygium guineense (riparian), Prosopis africana (woodland), 32 woody species in 20 families",,,,"Grazing, bush burning, erosion, deforestation. Farming, firewood collection, logging, charcoal production and indiscriminate fire; woodland grossly degraded","Range condition rated 'fair' (41.5%) with downward trend in 2017 study; deforestation monitored by remote sensing. State game reserve at Igbor, Gwer LGA, about 30 km south of Makurdi (7°15'-7°17'N, 8°20'-8°22'E), about 40 km2.",Ikwe.,wdpa,C,0,0,,http://www.geonames.org/search.html?q=forest+reserve&country=NG | https://zenodo.org/records/831256 | https://journals.unizik.edu.ng/faic/article/download/1959/1598/4826,7.47,8.595
w36876,36876,Mbanue Forest Reserve,Forest Reserve,Benue,Gboko,522.0,,,,,Sub-national ministry or agency,,,mosaic,,,,,,,,,wdpa,C,0,0,,,7.45,8.762
w36878,36878,Odoba Forest Reserve,Forest Reserve,Benue,Ogbadibo,539.0,,,,,Sub-national ministry or agency,,,mosaic,,,,,,,,,wdpa,C,0,0,,,7.152,7.723
w36879,36879,Okpobi Forest Reserve,Forest Reserve,Benue,Ohimini,788.0,,,,,Sub-national ministry or agency,Benue State Ministry of Agriculture/Forestry,,mosaic,Southern Guinea savanna / derived savanna.,,,,,,Gazetted forest reserve; location from GeoNames point. Current condition not documented.,Okpobi.,wdpa,C,48,23,,http://www.geonames.org/search.html?q=forest+reserve&country=NG,7.196,8.036
w36900,36900,Bissaula River Forest Reserve,Forest Reserve,Taraba,Kurmi,22092.0,,,,,Sub-national ministry or agency,,IBA; KBA,mosaic,Lowland high forest (Donga valley).,Khaya grandifoliola,"Chimpanzee, buffalo, 190+ bird spp. incl. Sharpe's broadbill (only Nigerian site)","Timber, cocoa land",,"Logging, cocoa and slash-and-burn farming, chemical fishing, hunting.",Baissola/Bissaula; part of Donga River Basin Forests IBA. LGA inferred.,Bissaula.,wdpa,A,5,4,,https://www.keybiodiversityareas.org/site/factsheet/6747 | https://www.canterbury.ac.nz/content/dam/uoc-main-site/documents/faculties/science/biological-sciences/afromontane/The%20Forests%20of%20Adamawa%20and%20Taraba%20States%20Nigeria%20-%20Chapman%20and%20Chapman%20-WEB.pdf,7.07,10.473
w36902,36902,River Amboi Forest Reserve,Forest Reserve,Taraba,Kurmi,10103.0,,,,,Sub-national ministry or agency,,IBA; KBA,mosaic,Lowland high forest (Donga valley).,,"Chimpanzee, buffalo, 190+ bird spp. incl. Sharpe's broadbill (only Nigerian site)","Timber, cocoa land",,"Logging, cocoa and slash-and-burn farming, chemical fishing, hunting.",Part of Donga River Basin Forests IBA; under increasing pressure. LGA inferred.,River Amboi.,wdpa,A,20,20,,https://www.keybiodiversityareas.org/site/factsheet/6747 | https://www.canterbury.ac.nz/content/dam/uoc-main-site/documents/faculties/science/biological-sciences/afromontane/The%20Forests%20of%20Adamawa%20and%20Taraba%20States%20Nigeria%20-%20Chapman%20and%20Chapman%20-WEB.pdf,7.163,10.769
w36903,36903,Mai Samari Forest Reserve,Forest Reserve,Taraba,Sardauna,407.0,,,,,Sub-national ministry or agency,,,montane,,,,,,,Mambilla Plateau / escarpment reserve listed in GeoNames; little documented.,Mai Samari.,wdpa,C,1,0,,https://www.geonames.org/search.html?q=forest+reserve+taraba&country=NG,7.155,11.102
w36904,36904,Ngel Nyaki Forest Reserve,Forest Reserve,Taraba,Sardauna,3004.0,4600,,1969,,Sub-national ministry or agency,Taraba State Government / Nigerian Montane Forest Project,IBA; KBA,montane,"Dry submontane forest in montane grassland, 1,400-1,600 m.","Pouteria (Aningeria) altissima, Entandrophragma angolense, Lovoa trichilioides, Millettia conraui, Newtonia buchananii","Nigeria-Cameroon chimpanzee, putty-nosed & mona monkeys, Bannerman's weaver, Crossley's ground-thrush, frog Phrynobatrachus danko",,Mambilla Plateau scenery; Nigerian Montane Forest Project field station near Yelwa.,"Grazing, fire, farming, hunting.","Mambilla Plateau forest reserve (Gashaka-Mambilla NA order, 1969); forest core only ~7.5 km2.",Ngel - Nyaki.,wdpa,C,26,22,Limited,https://en.wikipedia.org/wiki/Ngel_Nyaki_Forest_Reserve | https://www.keybiodiversityareas.org/site/factsheet/6736 | https://www.canterbury.ac.nz/content/dam/uoc-main-site/documents/faculties/science/biological-sciences/afromontane/The%20Forests%20of%20Adamawa%20and%20Taraba%20States%20Nigeria%20-%20Chapman%20and%20Chapman%20-WEB.pdf,7.08,11.126
w36907,36907,Kurmin Danki Forest Reserve,Forest Reserve,Taraba,Gashaka,1117.0,,,,,Sub-national ministry or agency,,,montane,,,,,,,Mambilla Plateau / escarpment reserve listed in GeoNames; little documented.,Kurmin Danki.,wdpa,C,0,0,,https://www.geonames.org/search.html?q=forest+reserve+taraba&country=NG,7.238,11.447
w36908,36908,River Nwum Forest Reserve,Forest Reserve,Taraba,Sardauna,1755.0,,,,,Sub-national ministry or agency,,,montane,Lowland rain forest outlier (~760 m).,"Khaya grandifoliola, Uapaca sp",,,,,Includes Kop Nti forest; location detail limited.,River Nwum.,wdpa,C,0,0,,https://www.canterbury.ac.nz/content/dam/uoc-main-site/documents/faculties/science/biological-sciences/afromontane/The%20Forests%20of%20Adamawa%20and%20Taraba%20States%20Nigeria%20-%20Chapman%20and%20Chapman%20-WEB.pdf,6.82,10.96
w36919,36919,Afi River Forest Reserve,Forest Reserve,Cross River,Boki,31018.0,31200,53605,,,Sub-national ministry or agency,Cross River State Forestry Commission,IBA/KBA,rainforest,"Guinea-Congo lowland rainforest, 150-1,281 m.","Berlinia confusa, Coula edulis, Khaya ivorensis, Lophira alata, Klainedoxa","Cross River gorilla, drill, chimpanzee, red-eared guenon, forest elephant, grey-necked rockfowl","Timber, NTFPs",,"Logging concessions, farming, hunting, bushfires, superhighway.","Wikipedia 312 km2; FAO 53,605 ha (incl. area later made Afi Mountain WS).",Afi River.,wdpa,A,2276,462,,https://en.wikipedia.org/wiki/Afi_River_Forest_Reserve | https://www.keybiodiversityareas.org/site/factsheet/6738 | https://www.fao.org/4/ab578e/AB578E10.htm,6.282,8.995
w36921,36921,Agala Forest Reserve,Forest Reserve,Benue,Ado,711.0,,,,,Sub-national ministry or agency,,,rainforest,,,,,,,,,wdpa,C,0,0,,,6.592,7.933
w36922,36922,Effium Forest Reserve,Forest Reserve,Ebonyi,Ohaukwu,355.0,,724,,,Sub-national ministry or agency,Ebonyi State Forestry Department,,rainforest,,,,,,,"Listed in the schedule of Forest Reserve Orders under the Ebonyi State Forest Law (Cap. 85); name read from a poor scan, spelling uncertain; location approximate.",Effium.,wdpa,C,0,0,,https://faolex.fao.org/docs/pdf/nig238501.pdf | https://www.informea.org/en/content/legislation/ebonyi-state-forest-law | https://www.fao.org/4/ab578e/AB578E10.htm,6.605,8.072
w36923,36923,Ishieki Forest Reserve,Forest Reserve,Ebonyi,Ebonyi,581.0,,,,,Sub-national ministry or agency,,,rainforest,,,,,,,,,wdpa,C,0,0,,,6.422,8.072
w36924,36924,Unuhu Agbaja Forest Reserve,Forest Reserve,Ebonyi,Ebonyi,314.0,,,,,Sub-national ministry or agency,Ebonyi State Forestry Department,,rainforest,,,,,,,"Listed in the schedule of Forest Reserve Orders under the Ebonyi State Forest Law (Cap. 85); name read from a poor scan, spelling uncertain; location approximate.",Unuhu Agbaja.,wdpa,C,186,69,,https://faolex.fao.org/docs/pdf/nig238501.pdf | https://www.informea.org/en/content/legislation/ebonyi-state-forest-law,6.345,8.105
w36925,36925,Ikrigon Forest Reserve,Forest Reserve,Cross River,Ikom,1682.0,1882,1882,,,Sub-national ministry or agency,Cross River State Forestry Commission,,rainforest,Lowland rainforest.,,,Timber,,,Listed in FAO table for Cross River; exact location not established.,Ikrigon.,wdpa,C,0,0,,https://www.fao.org/4/ab578e/AB578E10.htm,6.332,8.532
w36234,36234,Damakuli Forest Reserve,Forest Reserve,Borno,Monguno,772.0,,,,,Sub-national ministry or agency,,,sudan,,,,,,,,,wdpa,C,0,0,,,12.293,13.422
w36928,36928,Ivi-Ada-Obi Forest Reserve,Forest Reserve,Edo,Owan East,18173.0,,,,,Sub-national ministry or agency,,,rainforest,,,,,,,,,wdpa,C,106,39,,,6.903,6.134
w36929,36929,Aviele Forest Reserve,Forest Reserve,Edo,Etsako West,7258.0,,,,,Sub-national ministry or agency,,,rainforest,,,,,,,,,wdpa,C,49,31,,,6.898,6.23
w36930,36930,Irrua-Unea Forest Reserve,Forest Reserve,Edo,Esan Central,577.0,,,,,Sub-national ministry or agency,,,rainforest,,,,,,,,,wdpa,C,16,14,,,6.807,6.32
w36931,36931,Irrua Uromi Forest Reserve,Forest Reserve,Edo,Esan North-East,1124.0,,,,,Sub-national ministry or agency,,,rainforest,,,,,,,,,wdpa,C,0,0,,,6.81,6.422
w36933,36933,Ugboha Forest Reserve,Forest Reserve,Edo,Esan South-East,6123.0,,,,,Sub-national ministry or agency,,,rainforest,,,,,,,,,wdpa,C,146,93,,,6.734,6.554
w36934,36934,Anambra Forest Reserve,Forest Reserve,Anambra,Anambra East,15091.0,14571.27,15748,,,Sub-national ministry or agency,Anambra State Ministry of Environment (Dept. of Forestry),,rainforest,Floodplain / riverine forest.,,,"Timber, fuelwood",,"Flooding, encroachment.","Condition unverified due to flooding (2021). Also called Anambra East FR; another source gives 1,457 ha. Placed at Otuocha.",Anambra.,wdpa,A,0,0,,https://www.icirnigeria.org/?p=132584 | https://von.gov.ng/anambra-reserves-protection-suffers-from-lack-of-funds-expert/ | https://ebrary.net/202324/sociology/anambra_state | https://www.fao.org/4/ab578e/AB578E10.htm,6.65,6.874
w36946,36946,Ohaodo-Mbanasa Forest Reserve,Forest Reserve,Enugu,Udi,57167.0,,,,,Sub-national ministry or agency,,,rainforest,,,,,,,,,wdpa,C,432,110,,,6.579,7.281
w36947,36947,Ebue Forest Reserve,Forest Reserve,Edo,Uhunmwonde,9479.0,10422,10422,,,Sub-national ministry or agency,Edo State Ministry of Environment (Forestry),,rainforest,Lowland rainforest.,,,Timber,,,Gazetted state forest reserve listed by FAO; exact location not established.,Ebue.,wdpa,B,1,1,,https://www.fao.org/4/ab578e/AB578E10.htm,6.247,5.9
w36948,36948,Ewohimi (Ewohinmi) Forest Reserve,Forest Reserve,Edo,Esan South-East,616.0,1235,1235,,,Sub-national ministry or agency,Edo State Ministry of Environment (Forestry),,rainforest,Lowland rainforest.,,,Timber,,,Gazetted state forest reserve (FAO list of Bendel/Edo reserves); location approximate to LGA.,Ewohimi.,wdpa,C,0,0,,https://www.fao.org/4/ab578e/AB578E10.htm,6.432,6.35
w36949,36949,Akumazi Forest Reserve,Forest Reserve,Delta,Ika North East,2343.0,,,,,Sub-national ministry or agency,,,rainforest,,,,,,,,,wdpa,C,1,1,,,6.339,6.347
w36950,36950,Ogiopa Forest Reserve,Forest Reserve,Edo,Esan South-East,1139.0,,,,,Sub-national ministry or agency,,,rainforest,,,,,,,,,wdpa,C,0,0,,,6.412,6.43
w36958,36958,Usonigbe Forest Reserve,Forest Reserve,Edo,Orhionmwon,32428.0,3159,3159,,,Sub-national ministry or agency,Edo State Ministry of Environment (Forestry),,rainforest,Lowland rainforest.,,,Timber,,,Gazetted state forest reserve listed by FAO; exact location not established.,Usonigbe.,wdpa,B,835,224,,https://www.fao.org/4/ab578e/AB578E10.htm,5.961,6.001
w36959,36959,Ute-Ukpu Forest Reserve,Forest Reserve,Delta,Ika North East,6134.0,,,,,Sub-national ministry or agency,,,rainforest,,,,,,,,,wdpa,C,60,29,,,6.13,6.307
w36960,36960,Nsukwai Forest Reserve,Forest Reserve,Delta,Ika North East,1520.0,,,,,Sub-national ministry or agency,,,rainforest,,,,,,,,,wdpa,C,24,11,,,6.2,6.372
w36961,36961,Ogwashi-Uku Forest Reserve,Forest Reserve,Delta,Aniocha South,2342.0,258,258,,,Sub-national ministry or agency,Delta State Ministry of Environment (Forestry),,rainforest,Lowland rainforest/derived savanna.,,,Timber,,,Small state reserve (FAO list).,Ogwashi-Uku.,wdpa,C,363,123,,https://www.fao.org/4/ab578e/AB578E10.htm,6.107,6.469
w36962,36962,Akpaka Forest Reserve,Forest Reserve,Anambra,Onitsha North,373.0,276,,1929,,Sub-national ministry or agency,Anambra State Ministry of Environment (Dept. of Forestry),,rainforest,Riverine/lowland forest (largely cleared).,,,Watershed protection (River Niger),,Urbanisation; converted to housing estate.,Established as a River Niger watershed reserve; now largely built over (illegally de-reserved per ICIR). Area reported as 109–480 ha in different sources.,Akpaka.,wdpa,C,87,77,,https://www.geonames.org/search.html?q=forest+reserve+anambra&country=NG | https://www.icirnigeria.org/concerns-as-urbanisation-threatens-anambra-forest-reserves/ | https://www.icirnigeria.org/?p=132584,6.178,6.787
w36963,36963,Nkisi River Forest Reserve,Forest Reserve,Anambra,Onitsha North,254.0,,,,,Sub-national ministry or agency,,,rainforest,,,,,,,,,wdpa,C,9,5,,,6.155,6.815
w36964,36964,Aguara Forest Reserve,Forest Reserve,Anambra,Awka North,349.0,,,,,Sub-national ministry or agency,,,rainforest,,,,,,,,,wdpa,C,0,0,,,6.23,7.138
w36965,36965,Mamu River Forest Reserve,Forest Reserve,Anambra,Orumba North,5249.0,8183,2556,1928,,Sub-national ministry or agency,Anambra State Ministry of Environment (Dept. of Forestry),,rainforest,Lowland rainforest / derived savanna mosaic with plantations.,,,"Timber, fuelwood, NTFPs",Largest forest block in Anambra; potential for eco-tourism and research.,"Gully erosion, farm clearance, logging, partial release of ~1,500 ha to an individual.","Hosted by Ozzu and Ubani villages (Ndiukwuenu, Okpeze); originally 64 compartments, only 18 functional. Area reported variously as 4,636 ha and 8,183 ha.",Mamu River.,wdpa,A,69,35,,https://www.geonames.org/search.html?q=forest+reserve+anambra&country=NG | https://www.icirnigeria.org/?p=132584 | https://ebrary.net/202324/sociology/anambra_state | https://www.fao.org/4/ab578e/AB578E10.htm,6.187,7.177
w36966,36966,Oji River Forest Reserve,Forest Reserve,Enugu,Oji-River,306.0,,,,,Sub-national ministry or agency,Enugu State Ministry of Environment (Forestry Dept.),,rainforest,Derived savanna / secondary forest.,,,,,,GeoNames-listed reserve near Oji River town.,Oji River.,wdpa,C,7,4,,https://www.geonames.org/search.html?q=forest+reserve+enugu&country=NG,6.228,7.305
w36967,36967,Umuabi Forest Reserve,Forest Reserve,Enugu,Udi,1090.0,,,,,Sub-national ministry or agency,,,rainforest,,,,,,,,,wdpa,C,110,52,,,6.218,7.356
w36971,36971,Oluwa Forest Reserve,Forest Reserve,Ondo,Odigbo,82364.0,84636,84636,,,Sub-national ministry or agency,,,rainforest,Lowland rainforest.,"Mahogany, iroko, teak","Chimpanzee, forest elephant, monkeys, grey parrot, hornbills","Timber, NTFPs",,"Logging, bushmeat hunting, agriculture.",Part of Omo–Shasha–Oluwa forest complex near Ore.,Oluwa.,wdpa,A,1345,211,,https://en.wikipedia.org/wiki/Oluwa_Forest_Reserve | https://www.fao.org/4/ab578e/AB578E10.htm | https://www.geonames.org/advanced-search.html?q=forest+reserve&country=NG&featureClass=L&maxRows=500,6.814,4.665
w36972,36972,Eba Island Forest Reserve,Forest Reserve,Ondo,Ilaje,2019.0,2042,2042,,,Sub-national ministry or agency,,,rainforest,Mangrove forest.,,Chimpanzee site (A.P.E.S.),,,,,Eba Island.,wdpa,C,0,0,,https://www.fao.org/4/ab578e/AB578E10.htm | https://wiki.iucnapesportal.org/index.php/Nigeria,6.406,4.524
w36973,36973,Ejigbobini Forest Reserve,Forest Reserve,Ondo,Ese Odo,1740.0,2046,2046,,,Sub-national ministry or agency,,,rainforest,Mangrove forest.,,,,,,,Ejigbobini.,wdpa,C,99,45,,https://www.fao.org/4/ab578e/AB578E10.htm,6.278,4.947
w36974,36974,Irele Forest Reserve,Forest Reserve,Ondo,Irele,3353.0,2410,2410,,,Sub-national ministry or agency,,,rainforest,,,,,,,,Irele.,wdpa,C,192,80,,https://www.fao.org/4/ab578e/AB578E10.htm | https://www.geonames.org/advanced-search.html?q=forest+reserve&country=NG&featureClass=L&maxRows=500,6.634,4.974
w36235,36235,Guji-Ganna Forest Reserve,Forest Reserve,Borno,Magumeri,974.0,,,,,Sub-national ministry or agency,,,sudan,,,,,,,,,wdpa,C,0,0,,,12.295,13.078
w36975,36975,Otu Forest Reserve,Forest Reserve,Ondo,Odigbo,8433.0,,,,,Sub-national ministry or agency,,,rainforest,,,,,,,,Otu.,wdpa,C,133,45,,https://www.geonames.org/advanced-search.html?q=forest+reserve&country=NG&featureClass=L&maxRows=500,6.695,4.985
w36976,36976,Onishere Forest Reserve,Forest Reserve,Ondo,Odigbo,11136.0,11521,11521,,,Sub-national ministry or agency,,,rainforest,Lowland rainforest. Lowland rain forest,,,,,,"Listed by FAO (Ondo/Ekiti) at 11,521 ha. Onisheri is one of the reserves of the Idanre Forest Cluster, which holds forest elephants and several primate species.",Onishere.,wdpa,B,201,83,,https://www.fao.org/4/ab578e/AB578E10.htm | https://www.geonames.org/advanced-search.html?q=forest+reserve&country=NG&featureClass=L&maxRows=500 | https://www.swnigerdeltaforestproject.org.ng/where-we-work,6.823,4.992
w36977,36977,Idanre Forest Reserve,Forest Reserve,Ondo,Idanre,55780.0,56092,56092,,,Sub-national ministry or agency,Ondo State Ministry of Natural Resources,,rainforest,Lowland rainforest.,"Mahogany, iroko, obeche","Forest elephant, chimpanzee, monkeys, antelopes, grey parrot","Timber, cocoa land",Adjoins Idanre Hills cultural landscape (UNESCO tentative).,"Farm encroachment, land disputes, partial sale.",Area 561 km2 (Wikipedia).,Idanre.,wdpa,A,589,165,,https://en.wikipedia.org/wiki/Idanre_Forest_Reserve | https://www.fao.org/4/ab578e/AB578E10.htm | https://www.geonames.org/advanced-search.html?q=forest+reserve&country=NG&featureClass=L&maxRows=500,6.853,5.148
w36236,36236,Karnowa Forest Reserve,Forest Reserve,Borno,Magumeri,360.0,,,,,Sub-national ministry or agency,,,sudan,,,,,,,,,wdpa,C,0,0,,,12.175,13.063
w36978,36978,Ohosu Forest Reserve,Forest Reserve,Edo,Ovia South-West,49411.0,51519,51519,,,Sub-national ministry or agency,,,rainforest,Lowland rain forest,,"Forest elephant, Nigerian white-throated monkey, putty-nosed monkey, mona monkey, red-capped mangabey, forest buffalo, red river hog, Maxwell's duiker, sitatunga, African tree pangolin (recorded for the Idanre forest cluster as a whole)",,,,"Listed by FAO at 51,519 ha of lowland rain forest; part of Ohosu (47,100 ha) was proposed as a game reserve, and Wikipedia gives Ohosu Game Reserve as 471 km2. Ohosu forms part of the Idanre Forest Cluster with Ondo State reserves, one of three remaining forest-elephant areas in south-west Nigeria.",,wdpa,A,1600,329,,https://www.fao.org/4/ab578e/AB578E10.htm | https://www.fao.org/4/ab578e/AB578E06.htm | https://en.wikipedia.org/wiki/Ohosu_Game_Reserve | https://www.swnigerdeltaforestproject.org.ng/where-we-work,6.751,5.257
w36980,36980,Iguobazuwa Forest Reserve,Forest Reserve,Edo,Ovia North-East,30668.0,32199,,,,Sub-national ministry or agency,,,rainforest,Lowland rain forest,"Afzelia africana, Anonidium mannii (106 tree species recorded in PSP 148)",,,,,"Listed by FAO as 'Igbuobazuwa' at 32,199 ha. Permanent Sample Plot 148 was established here in 1961 and is monitored by the Forestry Research Institute of Nigeria (FRIN) ecology section.",,wdpa,A,537,149,,https://www.fao.org/4/ab578e/AB578E10.htm | https://www.gbif.org/dataset/60c5b2f3-6106-4dd0-bf65-c915c9cf6d1e,6.63,5.44
w36981,36981,Ora-Iuleha-Ozalla Forest Reserve,Forest Reserve,Edo,Owan West,5448.0,14540,14540,,,Sub-national ministry or agency,Edo State Ministry of Environment (Forestry),,rainforest,Lowland rainforest.,,,Timber,,,Gazetted state forest reserve (FAO list of Bendel/Edo reserves); location approximate to LGA.,Ora-Iuleha-Ozalla.,wdpa,B,7,5,,https://www.fao.org/4/ab578e/AB578E10.htm,6.921,5.833
w36256,36256,Tarana Forest Reserve,Forest Reserve,Jigawa,Maigatari,895.0,895.1,,,,Sub-national ministry or agency,Jigawa State Forestry Department,,sudan,Sudan/Sahel savanna zone.,,,,,,WDPA-listed forest reserve; polygon centroid nearest town Maigatari.,Tarana.,wdpa,C,0,0,,https://www.protectedplanet.net/country/NGA | https://services9.arcgis.com/IkktFdUAcY3WrH25/arcgis/rest/services/WDPA_Terrestrial_Simplification50/FeatureServer/0,12.672,9.615
w36979,36979,Okomu Forest Reserve,Forest Reserve,Edo,Ovia South-West,111626.0,108100,113766,1912,II,Sub-national ministry or agency,Edo State Ministry of Environment (Forestry),IBA/KBA (Okomu),rainforest,Lowland rainforest.,"Mahogany (Khaya), Lophira, ebony, bush mango, wild yams, medicinal plants","Forest elephant, white-throated (red-bellied) guenon, forest buffalo, ~150 bird species","Timber, NTFPs, oil palm and rubber plantations",Surrounds Okomu National Park; largest remaining lowland rainforest block in western Nigeria.,"Illegal logging, poaching, conversion to oil palm/rubber plantations.","Colonial reserve (1912) of ~1,081 km2; Okomu NP (~200 km2) lies within it. Okomu South block concessioned to ANI Foundation (2022, 30 yrs).",Okomu.,wdpa,A,5189,725,,https://en.wikipedia.org/wiki/Okomu_Forest_Reserve | https://www.keybiodiversityareas.org/site/factsheet/6739 | https://www.fao.org/4/ab578e/AB578E10.htm,6.32,5.209
w36982,36982,Owan Forest Reserve,Forest Reserve,Edo,Owan West,8216.0,30780,30780,,,Sub-national ministry or agency,Edo State Ministry of Environment (Forestry),,rainforest,Lowland rainforest.,,,Timber,,,Gazetted state forest reserve (FAO list of Bendel/Edo reserves); location approximate to LGA.,Owan.,wdpa,B,218,104,,https://www.fao.org/4/ab578e/AB578E10.htm,6.828,5.915
w36983,36983,Okeluse Forest Reserve,Forest Reserve,Ondo,Ose,14388.0,16944,16944,,,Sub-national ministry or agency,,,rainforest,Lowland rainforest.,"Mahogany, iroko, obeche",,,,"Logging, agriculture, poaching.","FAO lists Okeluse as proposed game reserve/sanctuary (11,440 ha).",Okeluse.,wdpa,A,141,68,,https://en.wikipedia.org/wiki/Okeluse_Forest_Reserve | https://www.fao.org/4/ab578e/AB578E10.htm | https://www.fao.org/4/ab578e/AB578E06.htm,6.793,5.698
w36984,36984,Ekiadolor Forest Reserve,Forest Reserve,Edo,Ovia North-East,23658.0,24720,,,,Sub-national ministry or agency,,,rainforest,Lowland rain forest,,,,,,"Listed by FAO's national forest resources study at 24,720 ha (Edo State, lowland rain forest management unit).",,wdpa,B,338,96,,https://www.fao.org/4/ab578e/AB578E10.htm,6.687,5.684
w36986,36986,Obaretin Forest Reserve,Forest Reserve,Edo,Ikpoba-Okha,11127.0,11352,11352,,,Sub-national ministry or agency,Edo State Ministry of Environment (Forestry),,rainforest,Lowland rainforest.,,,Timber,,,Gazetted state forest reserve listed by FAO; exact location not established.,Obaretin.,wdpa,B,180,101,,https://www.fao.org/4/ab578e/AB578E10.htm,6.166,5.711
w36997,36997,Isheagu Forest Reserve,Forest Reserve,Delta,Ndokwa West,1378.0,,,,,Sub-national ministry or agency,,,rainforest,,,,,,,,,wdpa,C,104,50,,,5.96,6.444
w36988,36988,Ekenwan Forest Reserve,Forest Reserve,Edo,Oredo,21109.0,20997,20997,,,Sub-national ministry or agency,Edo State Ministry of Environment (Forestry),,rainforest,Lowland rainforest.,,,Timber,,,Gazetted state forest reserve listed by FAO; exact location not established.,Ekenwan.,wdpa,B,1136,260,,https://www.fao.org/4/ab578e/AB578E10.htm,6.118,5.485
w36989,36989,Gilli-Gilli Forest Reserve,Forest Reserve,Edo,Ovia North-East,30986.0,36300,30927,,,Sub-national ministry or agency,Edo State Ministry of Environment (Forestry),WDPA,rainforest,Lowland rainforest.,,,Timber,,,"WDPA area 363 km2; FAO lists 30,927 ha in Edo plus 554 ha in Delta.",Gilli-Gilli.,wdpa,A,314,135,,https://protectedplanet.net/7844 | https://www.fao.org/4/ab578e/AB578E10.htm,6.042,5.346
w36990,36990,Ilaro Forest Reserve,Forest Reserve,Ogun,Yewa South,5472.0,,,,,Sub-national ministry or agency,,,rainforest,Lowland semi-deciduous forest.,,,Plantations,,,Ogun West reserve; government has proposed expansion near Ilaro.,Ilaro.,wdpa,A,306,127,,https://newtelegraphng.com/ogun-a-paradigm-shift-in-forestry-conservation/ | https://archive.businessday.ng/agriculture/article/ogun-to-create-more-forest-reserves-for-improved-revenue-generation/ | https://www.geonames.org/advanced-search.html?q=forest+reserve&country=NG&featureClass=L&maxRows=500,6.777,3.068
w36991,36991,Ogun Forest Reserve (Lagos),Forest Reserve,Lagos,Kosofe,2242.0,,,,,Sub-national ministry or agency,,,rainforest,,,,,,,Small reserve on the lower Ogun River per GeoNames; little documented.,Ogun River.,wdpa,C,295,155,,https://www.geonames.org/advanced-search.html?q=forest+reserve&country=NG&featureClass=L&maxRows=500,6.618,3.445
w36992,36992,Ijebu-Ode Forest Reserve,Forest Reserve,Ogun,Odogbolu,754.0,,,,,Sub-national ministry or agency,,,rainforest,,,,,,,,,wdpa,C,2,1,,,6.774,3.902
w36993,36993,Oshun Forest Reserve,Forest Reserve,Ogun,Ijebu East,1982.0,,,,,Sub-national ministry or agency,,,rainforest,,,,,,,,,wdpa,C,19,18,,,6.88,4.138
w36994,36994,Olague Forest Reserve,Forest Reserve,Delta,Warri North,23268.0,29023,29023,,,Sub-national ministry or agency,Delta State Ministry of Environment (Forestry),,rainforest,,,,Timber,,,Listed in FAO table for Delta; location not established.,Olague.,wdpa,B,243,97,,https://www.fao.org/4/ab578e/AB578E10.htm,5.712,5.159
w37006,37006,Ajata Ibeku Forest Reserve,Forest Reserve,Abia,Umuahia North,110.0,,,,,Sub-national ministry or agency,Abia State Ministry of Environment (Forestry),,rainforest,Lowland rainforest / plantation.,,,Timber,,Illegal land sales.,State reported plans to illegally sell portions. Placed at Ibeku/Umuahia.,Umuahia Ibeku.,wdpa,C,112,61,,https://businessday.ng/?p=1120296,5.542,7.475
w36995,36995,Uremure-Yokri Forest Reserve,Forest Reserve,Delta,Warri South-West,32666.0,35401,35401,,,Sub-national ministry or agency,Delta State Ministry of Environment (Forestry),,swamp,Swamp/mangrove forest.,,,Timber,,,Listed under Bendel/Edo in FAO table; named communities lie in Delta's riverine area — state attribution uncertain.,Uremure Yokri.,wdpa,B,34,29,,https://www.fao.org/4/ab578e/AB578E10.htm,5.505,5.292
w36996,36996,Ukpe-Sobo Forest Reserve,Forest Reserve,Delta,Sapele,15816.0,,,,,Sub-national ministry or agency,,,rainforest,,,,,,,,,wdpa,C,281,146,,,5.865,5.626
w36998,36998,Osomari Forest Reserve,Forest Reserve,Anambra,Ogbaru,13631.0,12098,14177,,,Sub-national ministry or agency,Anambra State Ministry of Environment (Dept. of Forestry),,rainforest,Freshwater swamp / riverine forest (Niger floodplain).,,,"Fuelwood, timber",,"Annual flooding, illegal felling, firewood trade.",Also spelt Ossomala/Osamalla; reported as largely barren with no mature trees and failed replanting (2021).,Osomari.,wdpa,A,47,27,,https://www.geonames.org/search.html?q=forest+reserve+anambra&country=NG | https://www.icirnigeria.org/?p=132584 | https://ebrary.net/202324/sociology/anambra_state | https://www.fao.org/4/ab578e/AB578E10.htm,5.82,6.742
w36999,36999,Ohaji Forest Reserve,Forest Reserve,Imo,Ohaji/Egbema,1107.0,,1163,,,Sub-national ministry or agency,,,swamp,,,,,,,,,wdpa,C,0,0,,https://www.fao.org/4/ab578e/AB578E10.htm,5.498,6.798
w37000,37000,Egbedi Creek Forest Reserve,Forest Reserve,Bayelsa,Kolokuma/Opokuma,6397.0,6718,6718,,,Sub-national ministry or agency,Bayelsa State Ministry of Environment,,swamp,Freshwater swamp forest.,,,"Timber, fish",,,Listed in FAO table (Rivers/Bayelsa); exact location not established.,Egbedi Creek.,wdpa,B,75,31,,https://www.fao.org/4/ab578e/AB578E10.htm,5.087,6.213
w37002,37002,Sambrero Forest Reserve,Forest Reserve,Rivers,Emuoha,13673.0,14206,,,,Sub-national ministry or agency,,,swamp,Freshwater swamp forest,,,,,,"Listed by FAO as 'Proposed Sombriero' forest reserve, 14,206 ha.",,wdpa,B,248,129,,https://www.fao.org/4/ab578e/AB578E10.htm,5.138,6.73
w37003,37003,Otamiri River Forest Reserve,Forest Reserve,Rivers,Etche,17341.0,18131,18131,,,Sub-national ministry or agency,,,swamp,Lowland rain forest,,,,,,"Listed by FAO as 'Proposed Otamiri River' forest reserve, 18,131 ha.",,wdpa,B,48,34,,https://www.fao.org/4/ab578e/AB578E10.htm,5.172,6.968
w37004,37004,Otamiri Forest Reserve,Forest Reserve,Imo,Owerri West,146.0,,,,,Sub-national ministry or agency,,,rainforest,,,,,,,,,wdpa,C,21,20,,,5.443,7.028
w37005,37005,Upper Imo River Forest Reserve,Forest Reserve,Rivers,Etche,10054.0,10384,10384,,,Sub-national ministry or agency,,,rainforest,Lowland rain forest,,,,,,"Listed by FAO's national forest resources study at 10,384 ha.",,wdpa,B,30,20,,https://www.fao.org/4/ab578e/AB578E10.htm,5.014,7.159
w37009,37009,Cross River North Forest Reserve,Forest Reserve,Cross River,Etung,16664.0,16422,16422,,,Sub-national ministry or agency,Cross River State Forestry Commission,,rainforest,Lowland rainforest.,"Allanblackia floribunda, Acioa, Barteria (PSP 87 checklist)",,Timber,,,Permanent sample plot PSP 87 surveyed 1961.,Cross River North.,wdpa,A,612,206,,https://www.fao.org/4/ab578e/AB578E10.htm | https://www.gbif.org/dataset/8038429a-6a6e-42e8-8325-5c5b64cb4195,5.833,8.799
w37010,37010,Cross River South Forest Reserve,Forest Reserve,Cross River,Obubra,80589.0,29119,,,,Sub-national ministry or agency,,,rainforest,Lowland rain forest,,,,,,"Listed by FAO's national forest resources study at 29,119 ha.",,wdpa,B,1497,501,,https://www.fao.org/4/ab578e/AB578E10.htm,5.819,8.492
w37014,37014,Ekinta River Forest Reserve,Forest Reserve,Cross River,Akamkpa,16028.0,38263,38263,,,Sub-national ministry or agency,Cross River State Forestry Commission,,rainforest,Lowland rainforest.,,,Timber,,,Listed in FAO table for Cross River; exact location not established.,Ekinta River.,wdpa,B,976,277,,https://www.fao.org/4/ab578e/AB578E10.htm,5.032,8.558
w37015,37015,Obieze-Isu Forest Reserve,Forest Reserve,Cross River,Biase,2545.0,,2720,,,Sub-national ministry or agency,,,rainforest,,,,,,,,,wdpa,C,6,2,,https://www.fao.org/4/ab578e/AB578E10.htm,5.42,8.018
w37016,37016,Uwet Odot Forest Reserve,Forest Reserve,Cross River,Odukpani,24157.0,25088,25088,,,Sub-national ministry or agency,Cross River State Forestry Commission,,rainforest,Lowland rainforest.,,,Timber,,,Listed in FAO table for Cross River; exact location not established.,Uwet Odot.,wdpa,B,471,217,,https://www.fao.org/4/ab578e/AB578E10.htm,5.231,8.113
w37017,37017,Umon Ndealichi Forest Reserve,Forest Reserve,Cross River,Biase,9234.0,,,,,Sub-national ministry or agency,,,rainforest,,,,,,,,,wdpa,C,61,32,,,5.379,8.132
w37018,37018,Lower Enyong Forest Reserve,Forest Reserve,Cross River,Odukpani,2546.0,2747,2747,,,Sub-national ministry or agency,Cross River State Forestry Commission,,rainforest,Swamp/riverine forest.,,,Timber,,,Listed in FAO table for Cross River; exact location not established. Enyong Creek borders Akwa Ibom.,Lower Enyong.,wdpa,C,8,7,,https://www.fao.org/4/ab578e/AB578E10.htm,5.304,7.964
w37019,37019,Ogu Itu Forest Reserve,Forest Reserve,Akwa Ibom,Ini,375.0,,,,,Sub-national ministry or agency,,,rainforest,,,,,,,,,wdpa,C,18,18,,,5.442,7.787
w37020,37020,Obot-Ndom Forest Reserve,Forest Reserve,Akwa Ibom,Ini,352.0,,,,,Sub-national ministry or agency,,,rainforest,,,,,,,,,wdpa,C,0,0,,,5.428,7.748
w37021,37021,Achara Ihe Forest Reserve,Forest Reserve,Cross River,Odukpani,1513.0,,,,,Sub-national ministry or agency,,,rainforest,,,,,,,,,wdpa,C,0,0,,,5.522,7.966
w37022,37022,Ubibia Forest Reserve,Forest Reserve,Abia,Bende,155.0,,,,,Sub-national ministry or agency,Abia State Ministry of Environment (Forestry),,rainforest,,,,,,Illegal cocoa plantations.,Placed approx at Bende LGA.,Ubibia.,wdpa,C,0,0,,https://businessday.ng/?p=1120296,5.512,7.657
w37023,37023,Kalunta Forest Reserve,Forest Reserve,Abia,Bende,160.0,,,,,Sub-national ministry or agency,,,rainforest,,,,,,,,,wdpa,C,1,1,,,5.485,7.632
w37024,37024,Ukpom Bende Forest Reserve,Forest Reserve,Abia,Bende,469.0,,,,,Sub-national ministry or agency,Abia State Ministry of Environment (Forestry),,rainforest,,,,Timber,,Illegal tree felling.,Arrests made for illegal felling (state govt). Placed at Bende.,Ukpom-Bende.,wdpa,C,20,11,,https://businessday.ng/?p=1120296,5.532,7.602
w37027,37027,Stubbs Creek Forest Reserve,Forest Reserve,Akwa Ibom,Mbo,29385.0,29477,29477,1930,,Sub-national ministry or agency,Akwa Ibom State Ministry of Environment,Game Reserve,mangrove,Coastal lowland/swamp forest.,"African mahogany, satinwood, afara, African walnut","Sclater's guenon, red-capped mangabey, mona & putty-nosed monkeys, crocodiles","Timber, fuelwood, fish, bushmeat",,"Refinery clearing (BUA), coastal highway, logging, fire, land disputes.",~300 km2 gazetted 1930; also listed as a game reserve/wildlife sanctuary; forest cover fell to ~27% by 2019.,Stubbs Creek.,wdpa,A,612,296,,https://news.mongabay.com/2022/09/new-oil-refinery-a-huge-disaster-for-nigerian-forest-reserve/ | https://en.wikipedia.org/wiki/Stubb_Creek_Forest_Reserve | https://www.fao.org/4/ab578e/AB578E10.htm,4.594,8.16
w37028,37028,Lower Imo River Forest Reserve,Forest Reserve,Rivers,Khana,7657.0,,8124,,,Sub-national ministry or agency,,,mangrove,,,,,,,,,wdpa,B,14,12,,https://www.fao.org/4/ab578e/AB578E10.htm,4.724,7.506
w37029,37029,Nun River Forest Reserve,Forest Reserve,Bayelsa,Yenegoa,9235.0,9692,9692,,,Sub-national ministry or agency,Bayelsa State Ministry of Environment,,mangrove,Freshwater swamp forest.,,,"Timber, fish",,,Listed in FAO table (Rivers/Bayelsa); exact location not established.,Nun River.,wdpa,B,68,33,,https://www.fao.org/4/ab578e/AB578E10.htm,4.95,6.184
w37030,37030,Upper Orashi River Forest Reserve,Forest Reserve,Rivers,Ahoada West,9883.0,25165,10384,1899,,Sub-national ministry or agency,,,mangrove,"Freshwater swamp forest and lowland rainforest, flooded Sept-Nov, with marshes and seasonal lakes","Lophira alata, Ricinodendron heudelotii, Albizia adianthifolia, Hexalobus crispiflorus, Hallea ledermannii, Elaeis guineensis, Musanga cecropioides","Sclater's guenon, white-throated guenon, red colobus, pygmy hippopotamus (Heslop's), grey parrot roost, Guinea-Congo biome waterbirds",,"Ramsar listing notes potential for tourism, education and research, held back by insecurity.","Poaching, uncontrolled logging (Hallea ledermannii heavily depleted), insecurity","Ramsar site no. 1759 (designated 30 April 2008, 25,165 ha). Wikipedia gives the original reservation as 30 Dec 1899 (9,696 ha). It is administered by the Rivers State Forestry Department, and a management plan exists but is not implemented.",,wdpa,A,188,75,,https://rsis.ramsar.org/ris/1759 | https://en.wikipedia.org/wiki/Upper_Orashi_Forest_Reserve | https://www.fao.org/4/ab578e/AB578E10.htm,4.882,6.52
w37031,37031,Lower Orashi River Forest Reserve,Forest Reserve,Rivers,Akuku Toru,3981.0,4220,4220,,,Sub-national ministry or agency,Rivers State Ministry of Environment,WDPA,mangrove,Freshwater swamp forest.,,,Timber,,,"In WDPA (id 37031); FAO area 4,220 ha.",Lower Orashi River.,wdpa,C,2,1,,https://protectedplanet.net/37031 | https://www.fao.org/4/ab578e/AB578E10.htm,4.736,6.7
w37034,37034,Apoi Creek Forest Reserve,Forest Reserve,Bayelsa,Southern Ijaw,18630.0,29213,7080,2008,,Sub-national ministry or agency,,,mangrove,Tidal freshwater lowland swamp forest with marshes and mangroves,,"Niger Delta red colobus (most significant remaining population), chimpanzee, other monkeys, vultures, parrots; fish spawning and nursery grounds","Non-timber forest products, farmland, fisheries",,"Timber extraction canals, logging, oil and gas pollution, pressure from local resource use","Designated Ramsar site no. 1751 (Apoi Creek Forests, 29,213 ha) on 30 April 2008; year_established refers to that designation. FAO lists the forest reserve at 7,080 ha. Community conservation areas at Apoi, Kokologbene and Gbanraun protect the red colobus, and a biodiversity action plan was started in 2025 linked to an oil-and-gas project.",,wdpa,A,265,243,,https://rsis.ramsar.org/ris/1751 | https://www.fao.org/4/ab578e/AB578E10.htm | https://www.swnigerdeltaforestproject.org.ng/where-we-work | https://von.gov.ng/apoi-creek-forest-conservation-underway-in-bayelsa-state/,4.662,5.906
w37035,37035,Ikebiri Creek Forest Reserve,Forest Reserve,Bayelsa,Southern Ijaw,6681.0,19673,19673,,,Sub-national ministry or agency,Bayelsa State Ministry of Environment,,mangrove,Freshwater swamp forest.,,,"Timber, fish",,,Listed in FAO table (Rivers/Bayelsa); exact location not established.,Ikebiri Creek.,wdpa,B,219,207,,https://www.fao.org/4/ab578e/AB578E10.htm,4.76,5.846
w37036,37036,Ohumbe Forest Reserve,Forest Reserve,Ogun,Yewa North,9842.0,,,,,Sub-national ministry or agency,,,rainforest,,,,,,,,,wdpa,C,1683,293,,,6.918,2.787
w37037,37037,Eggua Forest Reserve,Forest Reserve,Ogun,Yewa North,4941.0,,,,,Sub-national ministry or agency,,,rainforest,,,,,,,Ogun West reserve near Benin Republic border.,Eggua.,wdpa,C,87,47,,https://archive.businessday.ng/agriculture/article/ogun-to-create-more-forest-reserves-for-improved-revenue-generation/ | https://www.geonames.org/advanced-search.html?q=forest+reserve&country=NG&featureClass=L&maxRows=500,7.005,2.885
w36257,36257,Katika Forest Reserve,Forest Reserve,Jigawa,Maigatari,293.0,292.9,,,,Sub-national ministry or agency,Jigawa State Forestry Department,,sudan,Sudan/Sahel savanna zone.,,,,,,WDPA-listed forest reserve; polygon centroid nearest town Maigatari.,Katika.,wdpa,C,0,0,,https://www.protectedplanet.net/country/NGA | https://services9.arcgis.com/IkktFdUAcY3WrH25/arcgis/rest/services/WDPA_Terrestrial_Simplification50/FeatureServer/0,12.688,9.625
w37039,37039,Aworo Forest Reserve,Forest Reserve,Ogun,Yewa North,24926.0,,,,,Sub-national ministry or agency,,,rainforest,Guinea savanna–forest mosaic.,,,,,,Listed among Ogun's nine reserves (Imeko).,Aworo.,wdpa,C,212,86,,https://newtelegraphng.com/ogun-a-paradigm-shift-in-forestry-conservation/ | https://www.geonames.org/advanced-search.html?q=forest+reserve&country=NG&featureClass=L&maxRows=500,7.263,2.847
w36712,36712,Wuro Mallum Forest Reserve,Forest Reserve,Taraba,Ardo-Kola,553.0,,,,,Sub-national ministry or agency,,,sguinea,,,,,,,Listed in GeoNames; little documented.,Wuro Mallum.,wdpa,C,58,29,,https://www.geonames.org/search.html?q=forest+reserve+taraba&country=NG,8.865,11.308
w300868,300868,Shasha Forest Reserve,Forest Reserve,Osun,Ife South,30804.0,30834,30834,,,Sub-national ministry or agency,,,rainforest,Lowland rainforest.,,Possibly chimpanzee (unconfirmed),Timber,,"Illegal logging, conversion to oil palm and cocoa.",Contiguous with Omo to the south; ~30 km2 of north de-gazetted.,Shasha.,wdpa,A,1494,334,,https://wiki.iucnapesportal.org/index.php/Shasha_Forest_Reserve | https://www.fao.org/4/ab578e/AB578E10.htm | https://www.geonames.org/advanced-search.html?q=forest+reserve&country=NG&featureClass=L&maxRows=500,7.042,4.49
w36713,36713,Jalingo Forest Reserve,Forest Reserve,Taraba,Ardo-Kola,73.0,,,,,Sub-national ministry or agency,,,sguinea,,,,,,,,,wdpa,C,1,1,,,8.85,11.335
w36714,36714,Zing Forest Reserve,Forest Reserve,Taraba,Zing,254.0,,,,,Sub-national ministry or agency,,,sguinea,,,,,,,,,wdpa,C,2,1,,,8.988,11.735
w36715,36715,Monkin Forest Reserve,Forest Reserve,Taraba,Zing,275.0,,,,,Sub-national ministry or agency,,,sguinea,,,,,,,,,wdpa,C,231,55,,,8.857,11.71
w300870,300870,Kamatan Forest Reserve,Forest Reserve,Taraba,Sardauna,7618.0,,,,,Sub-national ministry or agency,,,montane,,,,,,,Mambilla Plateau / escarpment reserve listed in GeoNames; little documented.,Kamatan.,wdpa,C,43,42,,https://www.geonames.org/search.html?q=forest+reserve+taraba&country=NG,7.018,11.337
w36716,36716,Garbe Shege Forest Reserve,Forest Reserve,Taraba,Bali,6297.0,,,,,Sub-national ministry or agency,,,sguinea,,,,,,,Listed in GeoNames; little documented.,Garba Shege.,wdpa,C,38,18,,https://www.geonames.org/search.html?q=forest+reserve+taraba&country=NG,8.425,11.015
w36717,36717,Dakka Forest Reserve,Forest Reserve,Taraba,Bali,6170.0,,,,,Sub-national ministry or agency,,,sguinea,,,,,,,,,wdpa,C,0,0,,,8.415,11.547
w36718,36718,Gangoro Forest Reserve,Forest Reserve,Taraba,Bali,4565.0,,,,,Sub-national ministry or agency,,,sguinea,,,,,,,,,wdpa,C,5,0,,,8.544,11.676
w36258,36258,Girari Forest Reserve,Forest Reserve,Jigawa,Maigatari,187.0,187.3,,,,Sub-national ministry or agency,Jigawa State Forestry Department,,sudan,Sudan/Sahel savanna zone.,,,,,,WDPA-listed forest reserve; polygon centroid nearest town Maigatari.,Girari.,wdpa,C,52,28,,https://www.protectedplanet.net/country/NGA | https://services9.arcgis.com/IkktFdUAcY3WrH25/arcgis/rest/services/WDPA_Terrestrial_Simplification50/FeatureServer/0,12.782,9.615
w36719,36719,Mai Hula Forest Reserve,Forest Reserve,Taraba,Bali,241.0,,,,,Sub-national ministry or agency,,,sguinea,,,,,,,,,wdpa,C,85,7,,,8.008,11.02
w36738,36738,Utugu and Karama Forest Reserve,Forest Reserve,Nasarawa,Wamba,327.0,,,,,Sub-national ministry or agency,,,sguinea,,,,,,,,,wdpa,C,140,63,,,8.942,8.638
w300883,300883,Ekiadolor Forest Reserve,Forest Reserve,Edo,Uhunmwonde,45823.0,,,,,Sub-national ministry or agency,,,rainforest,,,,,,,,,wdpa,C,1302,323,,,6.688,5.877
w36720,36720,Wurkam River Forest Reserve,Forest Reserve,Taraba,Bali,5070.0,,,,,Sub-national ministry or agency,,,sguinea,,,,,,,Lowland high-forest outlier near the Gashaka lowlands (Chapman & Chapman); listed in GeoNames.,Wurkam River.,wdpa,C,0,0,,https://www.geonames.org/search.html?q=forest+reserve+taraba&country=NG | https://www.canterbury.ac.nz/content/dam/uoc-main-site/documents/faculties/science/biological-sciences/afromontane/The%20Forests%20of%20Adamawa%20and%20Taraba%20States%20Nigeria%20-%20Chapman%20and%20Chapman%20-WEB.pdf,8.055,11.145
w300886,300886,Ehor Forest Reserve (BC 16/1),Forest Reserve,Edo,Uhunmwonde,3342.0,29566,38578,1950,,Sub-national ministry or agency,Edo State Ministry of Environment (Forestry),,rainforest,"Lowland rainforest (3-layer, closed canopy).",,,"Merchantable timber, state nurseries and plantations",,"Deforestation, farming encroachment.","114 compartments; FAO lists 38,578 ha. State has planted >14,000 seedlings in nurseries/plantations here.",Ehor.,wdpa,C,0,0,,https://distantreader.org/stacks/journals/jtfe/jtfe-4690.pdf | https://edostate.gov.ng/?p=23561 | https://www.fao.org/4/ab578e/AB578E10.htm,6.671,6.001
w36721,36721,River Dep Forest Reserve,Forest Reserve,Plateau,Qua'An Pan,33050.0,,,,,Sub-national ministry or agency,Plateau State Ministry of Environment (Forestry),,sguinea,Jos Plateau montane savanna / Guinea savanna.,,,,,,Gazetted forest reserve; location from GeoNames point. Current condition not documented.,Dep River.,wdpa,C,248,76,,http://www.geonames.org/search.html?q=forest+reserve&country=NG,8.726,8.972
w300893,300893,Ebor Forest Reserve,Forest Reserve,Edo,Uhunmwonde,17594.0,,,,,Sub-national ministry or agency,,,rainforest,,,,,,,,,wdpa,C,348,128,,,6.458,6.07
w36722,36722,River Kande Forest Reserve,Forest Reserve,Plateau,Qua'An Pan,12054.0,,,,,Sub-national ministry or agency,Plateau State Ministry of Environment (Forestry),,sguinea,Jos Plateau montane savanna / Guinea savanna.,,,,,,Gazetted forest reserve; location from GeoNames point. Current condition not documented.,Kande River.,wdpa,C,129,68,,http://www.geonames.org/search.html?q=forest+reserve&country=NG,8.623,9.209
w300896,300896,Unnamed Forest Reserve (No.69),Forest Reserve,Ebonyi,Ohaukwu,422.0,,,,,Sub-national ministry or agency,,,rainforest,,,,,,,,,wdpa,C,0,0,,,6.465,7.953
w36723,36723,Kurmi Akura Forest Reserve,Forest Reserve,Plateau,Qua'An Pan,1656.0,,,,,Sub-national ministry or agency,,,sguinea,,,,,,,,,wdpa,C,0,0,,,8.516,9.234
w36268,36268,Adiani Forest Reserve,Forest Reserve,Jigawa,Guri,132.0,132.0,,,,Sub-national ministry or agency,Jigawa State Forestry Department,,sudan,Sudan/Sahel savanna zone.,,,,,,WDPA-listed forest reserve; polygon centroid nearest town Guri.,Adiani.,wdpa,C,44,39,,https://www.protectedplanet.net/country/NGA | https://services9.arcgis.com/IkktFdUAcY3WrH25/arcgis/rest/services/WDPA_Terrestrial_Simplification50/FeatureServer/0,12.792,10.425
w36739,36739,Kurmi Maiakuya Forest Reserve,Forest Reserve,Nasarawa,Lafia,871.0,,,,,Sub-national ministry or agency,,,sguinea,,,,,,,,,wdpa,C,0,0,,,8.585,8.723
w36168,36168,Surami Forest Reserve,Forest Reserve,Sokoto,Silame,1867.0,1866.8,,,,Sub-national ministry or agency,Sokoto State Forestry Department,,sudan,Sudan/Sahel savanna zone.,,,,,,WDPA-listed forest reserve; polygon centroid nearest town Silame.,Surami.,wdpa,C,0,0,,https://www.protectedplanet.net/country/NGA | https://services9.arcgis.com/IkktFdUAcY3WrH25/arcgis/rest/services/WDPA_Terrestrial_Simplification50/FeatureServer/0,13.075,4.902
w36724,36724,Kurmi Kurayi Forest Reserve,Forest Reserve,Plateau,Qua'An Pan,1840.0,,,,,Sub-national ministry or agency,,,sguinea,,,,,,,,,wdpa,C,0,0,,,8.466,9.258
w36169,36169,Manu Forest Reserve,Forest Reserve,Sokoto,Tangaza,3205.0,3205.1,,,,Sub-national ministry or agency,Sokoto State Forestry Department,,sahel,Sudan/Sahel savanna zone.,,,,,,WDPA-listed forest reserve; polygon centroid nearest town Balle.,Manu.,wdpa,C,0,0,,https://www.protectedplanet.net/country/NGA | https://services9.arcgis.com/IkktFdUAcY3WrH25/arcgis/rest/services/WDPA_Terrestrial_Simplification50/FeatureServer/0,13.657,4.863
w36164,36164,West Tangaza Forest Reserve,Forest Reserve,Sokoto,Gudu,69703.0,69703.3,,,,Sub-national ministry or agency,Sokoto State Forestry Department,,sahel,Sudan/Sahel savanna zone.,,,,,,WDPA-listed forest reserve; polygon centroid nearest town Balle.,West Tangaza.,wdpa,B,9,2,,https://www.protectedplanet.net/country/NGA | https://services9.arcgis.com/IkktFdUAcY3WrH25/arcgis/rest/services/WDPA_Terrestrial_Simplification50/FeatureServer/0,13.462,4.452
w36725,36725,Kurmi Agori Forest Reserve,Forest Reserve,Nasarawa,Awe,1826.0,,,,,Sub-national ministry or agency,,,sguinea,,,,,,,,,wdpa,C,0,0,,,8.412,9.288
w36170,36170,Bauni Forest Reserve,Forest Reserve,Sokoto,Tangaza,5544.0,5544.4,,,,Sub-national ministry or agency,Sokoto State Forestry Department,,sahel,Sudan/Sahel savanna zone.,,,,,,WDPA-listed forest reserve; polygon centroid nearest town Illela.,Bauni.,wdpa,B,1,1,,https://www.protectedplanet.net/country/NGA | https://services9.arcgis.com/IkktFdUAcY3WrH25/arcgis/rest/services/WDPA_Terrestrial_Simplification50/FeatureServer/0,13.632,5.148
w36726,36726,Central Shendam Forest Reserve,Forest Reserve,Plateau,Shendam,14740.0,,,,,Sub-national ministry or agency,Plateau State Ministry of Environment (Forestry),,sguinea,Southern Guinea savanna / derived savanna.,,,,,,Gazetted forest reserve; location from GeoNames point. Current condition not documented.,Central Shendam.,wdpa,C,459,81,,http://www.geonames.org/search.html?q=forest+reserve&country=NG,8.699,9.614
w36165,36165,Lema Forest Reserve,Forest Reserve,Kebbi,Arewa Dandi,58962.0,58962.2,,,,Sub-national ministry or agency,Kebbi State Forestry Department,,sudan,Sudan/Sahel savanna zone.,,,,,,WDPA-listed forest reserve; polygon centroid nearest town Augie.,Lema.,wdpa,B,1,1,,https://www.protectedplanet.net/country/NGA | https://services9.arcgis.com/IkktFdUAcY3WrH25/arcgis/rest/services/WDPA_Terrestrial_Simplification50/FeatureServer/0,13.145,4.214
w36727,36727,Ibi Forest Reserve,Forest Reserve,Taraba,Ibi,4908.0,,,,,Sub-national ministry or agency,,,sguinea,,,,,,,Listed in GeoNames; little documented.,Ibi.,wdpa,C,37,37,,https://www.geonames.org/search.html?q=forest+reserve+taraba&country=NG,8.263,9.798
w36166,36166,North Tangaza Forest Reserve,Forest Reserve,Sokoto,Gudu,44765.0,44764.8,,,,Sub-national ministry or agency,Sokoto State Forestry Department,,sahel,Sudan/Sahel savanna zone.,,,,,,WDPA-listed forest reserve; polygon centroid nearest town Balle.,North Tangaza.,wdpa,B,0,0,,https://www.protectedplanet.net/country/NGA | https://services9.arcgis.com/IkktFdUAcY3WrH25/arcgis/rest/services/WDPA_Terrestrial_Simplification50/FeatureServer/0,13.667,4.716
w36728,36728,Kasa Kogi Forest Reserve,Forest Reserve,Taraba,Wukari,4710.0,,,,,Sub-national ministry or agency,,,sguinea,,,,,,,,,wdpa,C,0,0,,,8.187,9.958
w36167,36167,Karfe Binji Forest Reserve,Forest Reserve,Sokoto,Binji,63927.0,63927.5,,,,Sub-national ministry or agency,Sokoto State Forestry Department,,sudan,Sudan/Sahel savanna zone.,,,,,,WDPA-listed forest reserve; polygon centroid nearest town Balle.,Karfe Binji.,wdpa,B,0,0,,https://www.protectedplanet.net/country/NGA | https://services9.arcgis.com/IkktFdUAcY3WrH25/arcgis/rest/services/WDPA_Terrestrial_Simplification50/FeatureServer/0,13.264,4.704
w36729,36729,Wukari NA Forest Reserve Agbun No. 1,Forest Reserve,Taraba,Wukari,447.0,,,,,Sub-national ministry or agency,,,sguinea,,,,,,,Listed in GeoNames; little documented.,Agbun.,wdpa,C,0,0,,https://www.geonames.org/search.html?q=forest+reserve+taraba&country=NG,8.03,9.983
w36173,36173,Keaun Suna Forest Reserve,Forest Reserve,Sokoto,Gada,6689.0,6688.9,,,,Sub-national ministry or agency,Sokoto State Forestry Department,,sahel,Sudan/Sahel savanna zone.,,,,,,WDPA-listed forest reserve; polygon centroid nearest town Gada.,Keaun Suna.,wdpa,B,2,1,,https://www.protectedplanet.net/country/NGA | https://services9.arcgis.com/IkktFdUAcY3WrH25/arcgis/rest/services/WDPA_Terrestrial_Simplification50/FeatureServer/0,13.715,5.785
w36730,36730,Bantaji Forest Reserve,Forest Reserve,Taraba,Wukari,2826.0,,,,,Sub-national ministry or agency,,,sguinea,,,,,,,,,wdpa,C,0,0,,,8.228,10.202
w36174,36174,Kaikaimako Forest Reserve,Forest Reserve,Sokoto,Sabon Birni,828.0,827.9,,,,Sub-national ministry or agency,Sokoto State Forestry Department,,sahel,Sudan/Sahel savanna zone.,,,,,,WDPA-listed forest reserve; polygon centroid nearest town Sabon Birni.,Kaikaimako.,wdpa,C,0,0,,https://www.protectedplanet.net/country/NGA | https://services9.arcgis.com/IkktFdUAcY3WrH25/arcgis/rest/services/WDPA_Terrestrial_Simplification50/FeatureServer/0,13.58,5.98
w36731,36731,Dutsen Kurafe Forest Reserve,Forest Reserve,Nasarawa,Karu,1352.0,,,,,Sub-national ministry or agency,,,sguinea,,,,,,,,,wdpa,C,2,2,,,8.81,7.607
w36175,36175,Goronyo Forest Reserve,Forest Reserve,Sokoto,Goronyo,21022.0,21021.5,,,,Sub-national ministry or agency,Sokoto State Forestry Department,,sudan,Sudan/Sahel savanna zone.,,,,,,WDPA-listed forest reserve; polygon centroid nearest town Goronyo.,Goronyo.,wdpa,B,4,4,,https://www.protectedplanet.net/country/NGA | https://services9.arcgis.com/IkktFdUAcY3WrH25/arcgis/rest/services/WDPA_Terrestrial_Simplification50/FeatureServer/0,13.367,5.82
w36732,36732,Keffi Forest Reserve,Forest Reserve,Nasarawa,Keffi,360.0,,,,,Sub-national ministry or agency,,,sguinea,,,,,,,,,wdpa,C,0,0,,,8.78,7.825
w36176,36176,Farfar Forest Reserve,Forest Reserve,Sokoto,Rabah,20720.0,20720.1,,,,Sub-national ministry or agency,Sokoto State Forestry Department,,sudan,Sudan/Sahel savanna zone.,,,,,,WDPA-listed forest reserve; polygon centroid nearest town Rabah.,Farfar.,wdpa,B,5,2,,https://www.protectedplanet.net/country/NGA | https://services9.arcgis.com/IkktFdUAcY3WrH25/arcgis/rest/services/WDPA_Terrestrial_Simplification50/FeatureServer/0,13.148,5.69
w36733,36733,Tukan Forest Reserve,Forest Reserve,Nasarawa,Akwanga,1830.0,,,,,Sub-national ministry or agency,,,sguinea,,,,,,,,,wdpa,C,126,56,,,8.95,8.283
w36181,36181,Babban Rafi Forest Reserve,Forest Reserve,Sokoto,Isa,15720.0,15720.4,,,,Sub-national ministry or agency,Sokoto State Forestry Department,,sudan,Sudan/Sahel savanna zone.,,,,,,WDPA-listed forest reserve; polygon centroid nearest town Isa.,Babban Rafi.,wdpa,B,0,0,,https://www.protectedplanet.net/country/NGA | https://services9.arcgis.com/IkktFdUAcY3WrH25/arcgis/rest/services/WDPA_Terrestrial_Simplification50/FeatureServer/0,13.297,6.523
w36734,36734,Kurmi Tagwaye North Forest Reserve,Forest Reserve,Nasarawa,Akwanga,273.0,,,,,Sub-national ministry or agency,,,sguinea,,,,,,,,,wdpa,C,0,0,,,8.938,8.46
w36735,36735,Wamba Forest Reserve,Forest Reserve,Nasarawa,Wamba,346.0,,,,,Sub-national ministry or agency,Nasarawa State Ministry of Environment (Forestry),,sguinea,Southern Guinea savanna / derived savanna.,,,,,,Gazetted forest reserve; location from GeoNames point. Current condition not documented.,Wamba.,wdpa,C,0,0,,http://www.geonames.org/search.html?q=forest+reserve&country=NG,8.97,8.595
w36177,36177,Gundumi Forest Reserve,Forest Reserve,Sokoto,Rabah,89959.0,89959.3,,,,Sub-national ministry or agency,Sokoto State Forestry Department,,sudan,Sudan/Sahel savanna zone.,,,,,"Banditry, encroachment, fuelwood cutting. Major base for armed bandits in the North-West (kidnapping, cattle rustling, attacks on motorists); sections along the Isa-Sokoto highway were cleared in 2026 to remove bandit hideouts.","Large WDPA-listed reserve (c. 900 km² GIS) in eastern Sokoto; Gundumi forest is widely reported as a bandit hideout. The 'vast Gundumi Forest' stretches across parts of Sokoto and Zamfara states. In August 2026 a politically sponsored clearing of sections along the Isa-Sokoto highway (Isa LGA) and nearby Rawul Forest was reported, aimed at supporting security operations.",Gundumi.,wdpa,B,20,3,,https://www.protectedplanet.net/country/NGA | https://services9.arcgis.com/IkktFdUAcY3WrH25/arcgis/rest/services/WDPA_Terrestrial_Simplification50/FeatureServer/0 | https://thesun.ng/ajiya-funds-gundumi-forest-clearing-in-sokoto/,13.057,6.009
w36736,36736,Ambakar Forest Reserve,Forest Reserve,Nasarawa,Wamba,15216.0,,,,,Sub-national ministry or agency,Nasarawa State Ministry of Environment (Forestry),,sguinea,Southern Guinea savanna / derived savanna.,,,,,,Gazetted forest reserve; location from GeoNames point. Current condition not documented.,Ambakar.,wdpa,C,299,113,,http://www.geonames.org/search.html?q=forest+reserve&country=NG,8.928,8.893
w36737,36737,Kurmi Tagwaye South Forest Reserve,Forest Reserve,Nasarawa,Akwanga,352.0,,,,,Sub-national ministry or agency,,,sguinea,,,,,,,,,wdpa,C,0,0,,,8.913,8.46
w36178,36178,Gwadabawa Forest Reserve,Forest Reserve,Sokoto,Gwadabawa,4347.0,4346.7,,,,Sub-national ministry or agency,Sokoto State Forestry Department,,sudan,Sudan/Sahel savanna zone.,,,,,,WDPA-listed forest reserve; polygon centroid nearest town Gwadabawa.,Gwadabawa.,wdpa,B,12,5,,https://www.protectedplanet.net/country/NGA | https://services9.arcgis.com/IkktFdUAcY3WrH25/arcgis/rest/services/WDPA_Terrestrial_Simplification50/FeatureServer/0,13.399,5.339
w36740,36740,Lafia (Plateau State) Forest Reserve,Forest Reserve,Nasarawa,Lafia,47.0,,,,,Sub-national ministry or agency,Nasarawa State Ministry of Environment (Forestry),,sguinea,Southern Guinea savanna / derived savanna.,,,,,,Gazetted forest reserve; location from GeoNames point. Current condition not documented.,Lafia Kurmin Adebi Forest Reserve. Lafia (Plateau State).,wdpa,C,93,62,,http://www.geonames.org/search.html?q=forest+reserve&country=NG,8.47,8.568
w36744,36744,Obi Forest Reserve,Forest Reserve,Nasarawa,Obi,1012.0,,,,,Sub-national ministry or agency,Nasarawa State Ministry of Environment (Forestry),,sguinea,Southern Guinea savanna / derived savanna.,,,,,,Gazetted forest reserve; location from GeoNames point. Current condition not documented.,Obi.,wdpa,C,0,0,,http://www.geonames.org/search.html?q=forest+reserve&country=NG,8.297,8.758
w36179,36179,Unguwa Lalle Forest Reserve,Forest Reserve,Sokoto,Sabon Birni,1064.0,1063.9,,,,Sub-national ministry or agency,Sokoto State Forestry Department,,sahel,Sudan/Sahel savanna zone.,,,,,,WDPA-listed forest reserve; polygon centroid nearest town Sabon Birni.,Unguwa Lalle.,wdpa,C,0,0,,https://www.protectedplanet.net/country/NGA | https://services9.arcgis.com/IkktFdUAcY3WrH25/arcgis/rest/services/WDPA_Terrestrial_Simplification50/FeatureServer/0,13.598,6.07
w36745,36745,Kurmi Maisamari Forest Reserve,Forest Reserve,Nasarawa,Obi,183.0,,,,,Sub-national ministry or agency,,,sguinea,,,,,,,,,wdpa,C,0,0,,,8.335,8.973
w36746,36746,Doma Forest Reserve,Forest Reserve,Nasarawa,Doma,98867.0,,,1966,,Sub-national ministry or agency,Nasarawa State Ministry of Environment (Forestry),,sguinea,"Southern Guinea savanna / derived savanna. Guinea savanna woodland reserve, heavily converted to cropland","36 woody species in 16 families recorded in 10 plots (Fabaceae richest, 7 spp.); timber species logged include Iroko (Milicia excelsa), Obeche (Triplochiton scleroxylon), mahogany, Opepe (Nauclea diderrichii), African copaiba balsam (Daniellia oliveri), Gmelina; shea (Vitellaria paradoxa) and Prosopis africana cut for firewood/charcoal",,,,"Farming, logging, fuelwood, grazing. Farming/cropland expansion, illegal logging, grazing and herder settlements inside the reserve, fire, firewood and charcoal, settlement and construction; deforestation escalated after 2000","Gazetted 1966 (as Doma Native Area FR); lost ~83% of forest 1966-2020, cropland ~65% of reserve by 2020. One of Nasarawa State's 41 gazetted reserves charted in 1966. Landsat analysis 1986-2020 found Doma lost 83% of its forest cover, with cropland covering 65% of the reserve; NDVI fell sharply between 1999 and 2015.",Doma.,wdpa,A,729,139,,http://www.geonames.org/search.html?q=forest+reserve&country=NG | https://eprints.whiterose.ac.uk/id/eprint/230599/1/1-s2.0-S266671932500189X-main.pdf | https://eprints.whiterose.ac.uk/id/eprint/230599 | https://www.mdpi.com/2073-445X/14/7/1450 | https://wascal.org/publications/impact-of-land-use-and-climate-change-on-vegetation-dynamicsofdoma-forest-reserve-in-nasarawa-state-nigeria/,8.152,8.3
w36180,36180,Tara Forest Reserve,Forest Reserve,Sokoto,Sabon Birni,16396.0,16395.9,,,,Sub-national ministry or agency,Sokoto State Forestry Department,,sahel,Sudan/Sahel savanna zone.,,,,,,WDPA-listed forest reserve; polygon centroid nearest town Sabon Birni.,Tara.,wdpa,B,0,0,,https://www.protectedplanet.net/country/NGA | https://services9.arcgis.com/IkktFdUAcY3WrH25/arcgis/rest/services/WDPA_Terrestrial_Simplification50/FeatureServer/0,13.486,6.494
w36747,36747,Kurmi Akeno Forest Reserve,Forest Reserve,Nasarawa,Keana,518.0,,,,,Sub-national ministry or agency,,,sguinea,,,,,,,,,wdpa,C,0,0,,,8.178,8.55
w36748,36748,Kurmi Adebi Forest Reserve,Forest Reserve,Benue,Guma,407.0,,,,,Sub-national ministry or agency,,,sguinea,,,,,,,,,wdpa,C,0,0,,,8.072,8.588
w36182,36182,Isa Zurmi Forest Reserve,Forest Reserve,Sokoto,Isa,41153.0,41152.9,,,,Sub-national ministry or agency,Sokoto State Forestry Department,,sudan,Sudan/Sahel savanna zone.,,,,,,WDPA-listed forest reserve; polygon centroid nearest town Shinkafi. Name suggests it spans Isa (Sokoto) and Zurmi (Zamfara) areas.,Isa Zurmi.,wdpa,B,15,14,,https://www.protectedplanet.net/country/NGA | https://services9.arcgis.com/IkktFdUAcY3WrH25/arcgis/rest/services/WDPA_Terrestrial_Simplification50/FeatureServer/0,13.184,6.659
w36749,36749,Kurmi Akanga Forest Reserve,Forest Reserve,Benue,Guma,877.0,,,,,Sub-national ministry or agency,,,sguinea,,,,,,,,,wdpa,C,5,4,,,8.01,8.555
w36750,36750,Edotsu Forest Reserve,Forest Reserve,Niger,Bida,36.0,,,,,Sub-national ministry or agency,,,sguinea,,,,,,,,,wdpa,C,0,0,,,8.92,6.09
w36185,36185,Djibia Forest Reserve,Forest Reserve,Katsina,Jibia,1130.0,1130.4,,,,Sub-national ministry or agency,Katsina State Ministry of Environment (Forestry),,sudan,Sudan/Sahel savanna zone.,,,,,,WDPA-listed forest reserve; polygon centroid nearest town Jibia.,Djibia.,wdpa,C,0,0,,https://www.protectedplanet.net/country/NGA | https://services9.arcgis.com/IkktFdUAcY3WrH25/arcgis/rest/services/WDPA_Terrestrial_Simplification50/FeatureServer/0,13.037,7.24
w36751,36751,Gubaji Forest Reserve,Forest Reserve,Niger,Katcha,248.0,,,,,Sub-national ministry or agency,,,sguinea,,,,,,,,,wdpa,C,2,2,,,8.905,6.16
w36186,36186,Mazanbiya Forest Reserve,Forest Reserve,Katsina,Jibia,740.0,739.7,,,,Sub-national ministry or agency,Katsina State Ministry of Environment (Forestry),,sudan,Sudan/Sahel savanna zone.,,,,,,WDPA-listed forest reserve; polygon centroid nearest town Jibia.,Mazanbiya.,wdpa,C,0,0,,https://www.protectedplanet.net/country/NGA | https://services9.arcgis.com/IkktFdUAcY3WrH25/arcgis/rest/services/WDPA_Terrestrial_Simplification50/FeatureServer/0,13.05,7.292
w36752,36752,Aburifa Forest Reserve,Forest Reserve,Niger,Agaie,38.0,,,,,Sub-national ministry or agency,,,sguinea,,,,,,,,,wdpa,C,0,0,,,8.94,6.325
w36187,36187,Yangaiya Forest Reserve,Forest Reserve,Katsina,Jibia,910.0,909.6,,,,Sub-national ministry or agency,Katsina State Ministry of Environment (Forestry),,sudan,Sudan/Sahel savanna zone.,,,,,,WDPA-listed forest reserve; polygon centroid nearest town Jibia.,Yangaiya.,wdpa,C,0,0,,https://www.protectedplanet.net/country/NGA | https://services9.arcgis.com/IkktFdUAcY3WrH25/arcgis/rest/services/WDPA_Terrestrial_Simplification50/FeatureServer/0,13.015,7.335
w36753,36753,Tukoki Forest Reserve,Forest Reserve,FCT,Kuje,999.0,,,,,Sub-national ministry or agency,,,sguinea,,,,,,,,,wdpa,C,20,20,,,8.863,7.268
w36188,36188,Rafin Hill Forest Reserve,Forest Reserve,Katsina,Jibia,842.0,842.4,,,,Sub-national ministry or agency,Katsina State Ministry of Environment (Forestry),,sudan,Sudan/Sahel savanna zone.,,,,,,WDPA-listed forest reserve; polygon centroid nearest town Jibia.,Rafin Hill.,wdpa,C,0,0,,https://www.protectedplanet.net/country/NGA | https://services9.arcgis.com/IkktFdUAcY3WrH25/arcgis/rest/services/WDPA_Terrestrial_Simplification50/FeatureServer/0,13.03,7.385
w36754,36754,Babbankurmi Forest Reserve,Forest Reserve,FCT,Municipal Area Council,682.0,,,,,Sub-national ministry or agency,,,sguinea,,,,,,,,,wdpa,C,1,1,,,8.917,7.31
w36189,36189,Dutsin Kuba Forest Reserve,Forest Reserve,Katsina,Jibia,1470.0,1469.7,,,,Sub-national ministry or agency,Katsina State Ministry of Environment (Forestry),,sudan,Sudan/Sahel savanna zone.,,,,,,WDPA-listed forest reserve; polygon centroid nearest town Jibia.,Dutsin Kuba.,wdpa,C,0,0,,https://www.protectedplanet.net/country/NGA | https://services9.arcgis.com/IkktFdUAcY3WrH25/arcgis/rest/services/WDPA_Terrestrial_Simplification50/FeatureServer/0,13.08,7.412
w36755,36755,Galadima Forest Reserve,Forest Reserve,FCT,Municipal Area Council,1858.0,,,,,Sub-national ministry or agency,,,sguinea,,,,,,,,,wdpa,C,2501,176,,,8.962,7.458
w36190,36190,Kadobi Forest Reserve,Forest Reserve,Katsina,Jibia,538.0,537.6,,,,Sub-national ministry or agency,Katsina State Ministry of Environment (Forestry),,sudan,Sudan/Sahel savanna zone.,,,,,,WDPA-listed forest reserve; polygon centroid nearest town Jibia.,Kadobi.,wdpa,C,2,1,,https://www.protectedplanet.net/country/NGA | https://services9.arcgis.com/IkktFdUAcY3WrH25/arcgis/rest/services/WDPA_Terrestrial_Simplification50/FeatureServer/0,13.083,7.37
w36183,36183,Zamfara Forest Reserve,Forest Reserve,Zamfara,Birnin Magaji-Kiyaw,208712.0,208711.7,,,,Sub-national ministry or agency,Zamfara State Ministry of Environment (Forestry),,sudan,Sudan/Sahel savanna zone.,,,,,,"WDPA-listed forest reserve; polygon centroid nearest town Birnin Magaji. Very large 'Zamfara' forest reserve (c. 2,087 km² GIS) in north-eastern Zamfara near the Katsina border; cited as facing destruction.",Zamfara.,wdpa,B,405,115,,https://www.protectedplanet.net/country/NGA | https://services9.arcgis.com/IkktFdUAcY3WrH25/arcgis/rest/services/WDPA_Terrestrial_Simplification50/FeatureServer/0,12.659,6.937
w36756,36756,Soge Forest Reserve,Forest Reserve,Niger,Agaie,764.0,,,,,Sub-national ministry or agency,,,sguinea,,,,,,,,,wdpa,C,92,44,,,8.71,6.397
w36184,36184,Guidan Baure Forest Reserve,Forest Reserve,Katsina,Jibia,5142.0,5141.5,,,,Sub-national ministry or agency,Katsina State Ministry of Environment (Forestry),,sudan,Sudan/Sahel savanna zone.,,,,,,WDPA-listed forest reserve; polygon centroid nearest town Jibia.,Guidan Baure.,wdpa,B,92,47,,https://www.protectedplanet.net/country/NGA | https://services9.arcgis.com/IkktFdUAcY3WrH25/arcgis/rest/services/WDPA_Terrestrial_Simplification50/FeatureServer/0,12.999,7.124
w36757,36757,Kpashimi Forest Reserve,Forest Reserve,Niger,Lapai,22885.0,,,,,Sub-national ministry or agency,,,sguinea,,,,,,,,,wdpa,C,196,80,,,8.707,6.681
w36191,36191,Madatai Forest Reserve,Forest Reserve,Katsina,Jibia,8342.0,8342.1,,,,Sub-national ministry or agency,Katsina State Ministry of Environment (Forestry),,sudan,Sudan/Sahel savanna zone.,,,,,,WDPA-listed forest reserve; polygon centroid nearest town Katsina.,Madatai.,wdpa,B,2,1,,https://www.protectedplanet.net/country/NGA | https://services9.arcgis.com/IkktFdUAcY3WrH25/arcgis/rest/services/WDPA_Terrestrial_Simplification50/FeatureServer/0,13.137,7.546
w36758,36758,Odu Forest Reserve,Forest Reserve,FCT,Municipal Area Council,1021.0,,,,,Sub-national ministry or agency,,,sguinea,,,,,,,,,wdpa,C,4,4,,,8.713,7.487
w36193,36193,Kabobi Forest Reserve,Forest Reserve,Katsina,Kaita,461.0,460.8,,,,Sub-national ministry or agency,Katsina State Ministry of Environment (Forestry),,sudan,Sudan/Sahel savanna zone.,,,,,,WDPA-listed forest reserve; polygon centroid nearest town Dankama.,Kabobi.,wdpa,C,0,0,,https://www.protectedplanet.net/country/NGA | https://services9.arcgis.com/IkktFdUAcY3WrH25/arcgis/rest/services/WDPA_Terrestrial_Simplification50/FeatureServer/0,13.223,7.673
w36869,36869,Bagaji Forest Reserve,Forest Reserve,Benue,Agatu,549.0,,,,,Sub-national ministry or agency,,,mosaic,,,,,,,,,wdpa,C,0,0,,,7.882,7.908
w36194,36194,Dan Kabba Forest Reserve,Forest Reserve,Katsina,Kaita,360.0,360.0,,,,Sub-national ministry or agency,Katsina State Ministry of Environment (Forestry),,sudan,Sudan/Sahel savanna zone.,,,,,,WDPA-listed forest reserve; polygon centroid nearest town Dankama.,Dan Kabba.,wdpa,C,0,0,,https://www.protectedplanet.net/country/NGA | https://services9.arcgis.com/IkktFdUAcY3WrH25/arcgis/rest/services/WDPA_Terrestrial_Simplification50/FeatureServer/0,13.215,7.715
w36195,36195,Garu Gingna Forest Reserve,Forest Reserve,Katsina,Kaita,276.0,276.0,,,,Sub-national ministry or agency,Katsina State Ministry of Environment (Forestry),,sudan,Sudan/Sahel savanna zone.,,,,,,WDPA-listed forest reserve; polygon centroid nearest town Kaita.,Garu Gingna.,wdpa,C,,,,https://www.protectedplanet.net/country/NGA | https://services9.arcgis.com/IkktFdUAcY3WrH25/arcgis/rest/services/WDPA_Terrestrial_Simplification50/FeatureServer/0,13.168,7.742
w36759,36759,Kampe River Forest Reserve,Forest Reserve,Kwara,Pategi,60126.0,,,,,Sub-national ministry or agency,,,mosaic,,,,,,,The Kampe reserve in Patigi LGA (referred to as both Kampe Game Reserve and Kampe Forest Reserve) was among 10 reserves approved for upgrade to national parks by presidential declaration in November 2020; Kwara State formally handed it to the National Park Service in February 2025 as Kampe National Park.,,wdpa,C,218,89,,https://fmino.gov.ng/gov-abdulrazaq-inaugurates-steering-committee-hands-over-kampe-game-reserve-to-fg/ | https://thesun.ng/new-dawn-for-conservation-as-kampe-games-reserve-becomes-national-park/,8.516,5.87
w36196,36196,Dawan Allah Forest Reserve,Forest Reserve,Katsina,Kaita,2793.0,2792.9,,,,Sub-national ministry or agency,Katsina State Ministry of Environment (Forestry),,sudan,Sudan/Sahel savanna zone.,,,,,,WDPA-listed forest reserve; polygon centroid nearest town Dankama.,Dawan Allah.,wdpa,C,0,0,,https://www.protectedplanet.net/country/NGA | https://services9.arcgis.com/IkktFdUAcY3WrH25/arcgis/rest/services/WDPA_Terrestrial_Simplification50/FeatureServer/0,13.217,7.793
w36760,36760,Karoka Forest Reserve,Forest Reserve,Niger,Agaie,2937.0,,,,,Sub-national ministry or agency,,,sguinea,,,,,,,,,wdpa,C,5,4,,,8.612,6.446
w36197,36197,Duisin Bamli Forest Reserve,Forest Reserve,Katsina,Kaita,1374.0,1373.5,,,,Sub-national ministry or agency,Katsina State Ministry of Environment (Forestry),,sudan,Sudan/Sahel savanna zone.,,,,,,WDPA-listed forest reserve; polygon centroid nearest town Dankama.,Duisin Bamli.,wdpa,C,0,0,,https://www.protectedplanet.net/country/NGA | https://services9.arcgis.com/IkktFdUAcY3WrH25/arcgis/rest/services/WDPA_Terrestrial_Simplification50/FeatureServer/0,13.235,7.902
w36766,36766,Olle Forest Reserve,Forest Reserve,Kogi,Kabba/Bunu,6879.0,,,,,Sub-national ministry or agency,Kogi State Ministry of Environment (Forestry),,mosaic,Southern Guinea savanna / derived savanna.,,,,,,Gazetted forest reserve; location from GeoNames point. Current condition not documented.,Olle.,wdpa,C,89,56,,http://www.geonames.org/search.html?q=forest+reserve&country=NG,8.09,6.107
w36198,36198,Dono Forest Reserve,Forest Reserve,Katsina,Mashi,385.0,385.4,,,,Sub-national ministry or agency,Katsina State Ministry of Environment (Forestry),,sudan,Sudan/Sahel savanna zone.,,,,,,WDPA-listed forest reserve; polygon centroid nearest town Dankama.,Dono.,wdpa,C,1,1,,https://www.protectedplanet.net/country/NGA | https://services9.arcgis.com/IkktFdUAcY3WrH25/arcgis/rest/services/WDPA_Terrestrial_Simplification50/FeatureServer/0,13.285,7.84
w36200,36200,Daura Forest Reserve,Forest Reserve,Katsina,Daura,1130.0,1130.1,,,,Sub-national ministry or agency,Katsina State Ministry of Environment (Forestry),,sudan,Sudan/Sahel savanna zone.,,,,,,WDPA-listed forest reserve; polygon centroid nearest town Daura.,Daura.,wdpa,C,16,14,,https://www.protectedplanet.net/country/NGA | https://services9.arcgis.com/IkktFdUAcY3WrH25/arcgis/rest/services/WDPA_Terrestrial_Simplification50/FeatureServer/0,12.996,8.308
w36870,36870,Ukpam Forest Reserve,Forest Reserve,Benue,Guma,179.0,,,,,Sub-national ministry or agency,,,sguinea,,,,,,,,,wdpa,C,4,4,,,7.862,8.658
w36201,36201,Badauri Forest Reserve,Forest Reserve,Katsina,Mashi,245.0,245.3,,,,Sub-national ministry or agency,Katsina State Ministry of Environment (Forestry),,sudan,Sudan/Sahel savanna zone.,,,,,,WDPA-listed forest reserve; polygon centroid nearest town Mai'Adua.,Badauri.,wdpa,C,0,0,,https://www.protectedplanet.net/country/NGA | https://services9.arcgis.com/IkktFdUAcY3WrH25/arcgis/rest/services/WDPA_Terrestrial_Simplification50/FeatureServer/0,13.09,8.098
w36761,36761,Ebba River Forest Reserve,Forest Reserve,Kogi,Mopa-Muro,33486.0,,,,,Sub-national ministry or agency,,,mosaic,Guinea savanna woodland.,,,,,,GeoNames point with no state; lies near the Kwara-Kogi boundary close to the Ebba-Kampe area.,Ebba.,wdpa,C,289,76,,http://www.geonames.org/search.html?q=forest+reserve&country=NG,8.334,6.033
w36202,36202,Bazairam Forest Reserve,Forest Reserve,Yobe,Machina,4866.0,,,,,Sub-national ministry or agency,,,sudan,,,,,,,,,wdpa,C,2,1,,,13.033,9.975
w36762,36762,Nugboji Forest Reserve,Forest Reserve,Niger,Lapai,5571.0,,,,,Sub-national ministry or agency,,,sguinea,,,,,,,,,wdpa,C,47,24,,,8.523,6.585
w36203,36203,Matsena Forest Reserve,Forest Reserve,Yobe,Machina,13865.0,,,,,Sub-national ministry or agency,,,sahel,,,,,,,,,wdpa,C,102,43,,,13.073,10.18
w36763,36763,Buga Hill Forest Reserve,Forest Reserve,FCT,Kuje,517.0,,,,,Sub-national ministry or agency,,,sguinea,,,,,,,,,wdpa,C,1,1,,,8.498,7.322
w36204,36204,Gumsi Forest Reserve,Forest Reserve,Yobe,Yusufari,14325.0,,,,,Sub-national ministry or agency,,,sahel,Sahel/Sudan savanna.,,,,,,Listed in GeoNames; little documented.,Gumsi.,wdpa,C,2,2,,https://www.geonames.org/search.html?q=forest+reserve+yobe&country=NG,13.143,10.373
w36764,36764,Kakanda Hills Forest Reserve,Forest Reserve,Kogi,Lokoja,36862.0,,,,,Sub-national ministry or agency,Kogi State Ministry of Environment (Forestry),,mosaic,Southern Guinea savanna / derived savanna.,,,,,,Gazetted forest reserve; location from GeoNames point. Current condition not documented.,Kakanda Hills.,wdpa,C,4993,95,,http://www.geonames.org/search.html?q=forest+reserve&country=NG,8.293,6.472
w36269,36269,Birniwa Railway Forest Reserve,Forest Reserve,Jigawa,Biriniwa,2255.0,2255.3,,,,Sub-national ministry or agency,Jigawa State Forestry Department,,sudan,Sudan/Sahel savanna zone.,,,,,,WDPA-listed forest reserve; polygon centroid nearest town Birniwa.,Birniwa Railway.,wdpa,C,64,32,,https://www.protectedplanet.net/country/NGA | https://services9.arcgis.com/IkktFdUAcY3WrH25/arcgis/rest/services/WDPA_Terrestrial_Simplification50/FeatureServer/0,12.732,10.19
w36765,36765,Kurumi Zano Forest Reserve,Forest Reserve,Nasarawa,Toto,1272.0,,,,,Sub-national ministry or agency,,,sguinea,,,,,,,,,wdpa,C,0,0,,,8.268,7.245
w36205,36205,Kilboa Forest Reserve,Forest Reserve,Yobe,Yusufari,6362.0,,,,,Sub-national ministry or agency,,,sahel,,,,,,,,,wdpa,C,34,27,,,13.25,11.224
w36767,36767,Oinye Forest Reserve,Forest Reserve,Kogi,Kabba/Bunu,10031.0,,,,,Sub-national ministry or agency,,,mosaic,,,,,,,,,wdpa,C,1,0,,,7.963,6.21
w36206,36206,Ngamzagi Forest Reserve,Forest Reserve,Yobe,Geidam,3998.0,,,,,Sub-national ministry or agency,,,sahel,,,,,,,,,wdpa,C,2,2,,,12.98,12.342
w36768,36768,Bunu Forest Reserve,Forest Reserve,Kogi,Kabba/Bunu,44531.0,,,,,Sub-national ministry or agency,Kogi State Ministry of Environment (Forestry),,mosaic,Southern Guinea savanna / derived savanna.,,,,,,"Gazetted reserve in Bunu district; GeoNames lists a second Bunu FR point at 7.966, 6.433.",Bunu.,wdpa,C,6,2,,http://www.geonames.org/search.html?q=forest+reserve&country=NG,8.067,6.355
w36207,36207,Damasak Forest Reserve,Forest Reserve,Borno,Mobbar,2315.0,,,,,Sub-national ministry or agency,,,sahel,,,,,,,,,wdpa,C,0,0,,,13.183,12.618
w36769,36769,Agbaja Plateau Forest Reserve,Forest Reserve,Kogi,Lokoja,14746.0,,,,,Sub-national ministry or agency,Kogi State Ministry of Environment (Forestry),,sguinea,Savanna woodland on ironstone plateau.,,,Iron ore (Agbaja deposit) nearby,,,"Reserve on the Agbaja plateau west of Lokoja; GeoNames gives a second point at 8.006, 6.712.",Agbaja.,wdpa,B,359,118,,http://www.geonames.org/search.html?q=forest+reserve&country=NG,7.932,6.72
w36208,36208,Garunda Forest Reserve,Forest Reserve,Borno,Guzamala,1566.0,,,,,Sub-national ministry or agency,,,sahel,,,,,,,,,wdpa,C,0,0,,,13.038,12.918
w36770,36770,Adaki Forest Reserve,Forest Reserve,Kogi,Kogi,1313.0,,,,,Sub-national ministry or agency,,,sguinea,,,,,,,,,wdpa,C,18,17,,,8.142,6.81
w36209,36209,Garere Forest Reserve,Forest Reserve,Borno,Abadam,2776.0,,,,,Sub-national ministry or agency,,,sahel,,,,,,,,,wdpa,C,1,1,,,13.25,13.29
w36210,36210,Yo Forest Reserve,Forest Reserve,Borno,Abadam,8251.0,,,,,Sub-national ministry or agency,,,sahel,,,,,,,,,wdpa,C,2,2,,,13.46,13.254
w36771,36771,Swamp Forest Reserve,Forest Reserve,Kogi,Kogi,13181.0,,,,,Sub-national ministry or agency,Kogi State Ministry of Environment (Forestry),,sguinea,Riverine swamp forest (Niger-Benue confluence area).,,,,,,Gazetted forest reserve; location from GeoNames point. Current condition not documented.,Swamp Forest Reserve (north).,wdpa,C,185,82,,http://www.geonames.org/search.html?q=forest+reserve&country=NG,7.948,6.814
w36211,36211,Kalurwa Forest Reserve,Forest Reserve,Borno,Kukawa,2642.0,,,,,Sub-national ministry or agency,,,sahel,,,,,,,,,wdpa,C,0,0,,,12.962,13.584
w36772,36772,Gabo Escarpment Forest Reserve,Forest Reserve,Kogi,Kogi,3542.0,,,,,Sub-national ministry or agency,Kogi State Ministry of Environment (Forestry),,sguinea,Southern Guinea savanna / derived savanna.,,,,,,Gazetted forest reserve; location from GeoNames point. Current condition not documented.,Gabo Adagaki Forest Reserve. Gabo Escarpment.,wdpa,C,0,0,,http://www.geonames.org/search.html?q=forest+reserve&country=NG,8.062,6.903
w36212,36212,Kukawa Forest Reserve,Forest Reserve,Borno,Kukawa,1174.0,,,,,Sub-national ministry or agency,,,sahel,,,,,,,,,wdpa,C,0,0,,,12.957,13.623
w36773,36773,Alagbede Forest Reserve,Forest Reserve,Kwara,Moro,2168.0,,,,,Sub-national ministry or agency,Kwara State Ministry of Environment & Forestry,,sguinea,Guinea savanna woodland.,,,,,,Gazetted forest reserve; location from GeoNames point. Current condition not documented.,Alagbede.,wdpa,C,5,5,,http://www.geonames.org/search.html?q=forest+reserve&country=NG,8.818,4.578
w36213,36213,Yede Forest Reserve,Forest Reserve,Borno,Marte,492.0,,,,,Sub-national ministry or agency,,,sudan,,,,,,,,,wdpa,C,0,0,,,12.52,13.795
w36774,36774,Ejidogardi Forest Reserve,Forest Reserve,Kwara,Moro,483.0,,,,,Sub-national ministry or agency,,,sguinea,,,,,,,,,wdpa,C,1,1,,,8.9,4.595
w36214,36214,Zaga Forest Reserve,Forest Reserve,Borno,Marte,3345.0,,,,,Sub-national ministry or agency,,,sudan,,,,,,,,,wdpa,C,6,2,,,12.485,13.858
w36775,36775,Share Forest Reserve,Forest Reserve,Kwara,Ifelodun,7918.0,,,,,Sub-national ministry or agency,Kwara State Ministry of Environment & Forestry,,sguinea,Guinea savanna woodland.,,,,,,Gazetted forest reserve; location from GeoNames point. Current condition not documented.,Share.,wdpa,C,183,77,,http://www.geonames.org/search.html?q=forest+reserve&country=NG,8.729,4.98
w36215,36215,Moma Forest Reserve,Forest Reserve,Borno,Marte,282.0,,,,,Sub-national ministry or agency,,,sudan,,,,,,,,,wdpa,C,0,0,,,12.318,13.598
w36871,36871,Makurdi Forest Reserve,Forest Reserve,Benue,Makurdi,2228.0,,,,,Sub-national ministry or agency,Benue State Ministry of Agriculture/Forestry,,mosaic,Southern Guinea savanna / derived savanna.,,,,,,Gazetted forest reserve; location from GeoNames point. Current condition not documented.,Makurdi Fuel.,wdpa,C,5,5,,http://www.geonames.org/search.html?q=forest+reserve&country=NG,7.794,8.58
w36216,36216,Wamiri Forest Reserve,Forest Reserve,Borno,Kukawa,1676.0,,,,,Sub-national ministry or agency,,,sudan,,,,,,,,,wdpa,C,0,0,,,12.83,13.52
w36776,36776,Lafiagi Forest Reserve,Forest Reserve,Kwara,Edu,10422.0,,,,,Sub-national ministry or agency,,,sguinea,,,,,,,,,wdpa,C,27,27,,,8.881,5.191
w36217,36217,Mawulli Forest Reserve,Forest Reserve,Borno,Marte,1279.0,,,,,Sub-national ministry or agency,,,sudan,,,,,,,,,wdpa,C,0,0,,,12.307,13.699
w36777,36777,Kuzosiko Forest Reserve,Forest Reserve,Kwara,Edu,433.0,,,,,Sub-national ministry or agency,,,sguinea,,,,,,,,,wdpa,C,0,0,,,8.893,5.29
w36778,36778,Efan Forest Reserve,Forest Reserve,Kwara,Edu,3003.0,,,,,Sub-national ministry or agency,,,sguinea,,,,,,,,,wdpa,C,55,54,,,8.823,5.28
w36218,36218,Gadadri Forest Reserve,Forest Reserve,Borno,Marte,529.0,,,,,Sub-national ministry or agency,,,sudan,,,,,,,,,wdpa,C,0,0,,,12.23,13.837
w36779,36779,Edoko Hills Forest Reserve,Forest Reserve,Niger,Bida,3687.0,,,,,Sub-national ministry or agency,,,sguinea,,,,,,,,,wdpa,C,0,0,,,8.947,5.948
w36223,36223,Madagine Forest Reserve,Forest Reserve,Borno,Mafa,5861.0,,,,,Sub-national ministry or agency,,,sudan,,,,,,,,,wdpa,C,4,1,,,12.063,13.511
w36780,36780,Sobi Forest Reserve,Forest Reserve,Kwara,Moro,631.0,,,,,Sub-national ministry or agency,,,mosaic,,,,,,,,,wdpa,C,0,0,,,8.578,4.52
w36224,36224,Baga Forest Reserve,Forest Reserve,Borno,Kukawa,1079.0,,,,,Sub-national ministry or agency,,,sahel,,,,,,,,,wdpa,C,0,0,,,12.952,13.764
w36782,36782,Pategi Forest Reserve,Forest Reserve,Kwara,Pategi,1141.0,,,,,Sub-national ministry or agency,,,sguinea,,,,,,,,,wdpa,C,15,15,,,8.737,5.8
w36225,36225,Dajina Forest Reserve,Forest Reserve,Yobe,Geidam,805.0,,,,,Sub-national ministry or agency,,,sudan,,,,,,,,,wdpa,C,0,0,,,12.838,12.293
w36783,36783,Esie Forest Reserve,Forest Reserve,Kwara,Irepodun,297.0,,,,,Sub-national ministry or agency,,,mosaic,,,,,,,,,wdpa,C,0,0,,,8.185,4.857
w36784,36784,Isanlu Forest Reserve,Forest Reserve,Kwara,Irepodun,730.0,,,,,Sub-national ministry or agency,,,mosaic,,,,,,,,,wdpa,C,40,39,,,8.2,5.13
w36226,36226,Burgo Forest Reserve,Forest Reserve,Yobe,Geidam,508.0,,,,,Sub-national ministry or agency,,,sudan,,,,,,,,,wdpa,C,0,0,,,12.64,12.31
w36785,36785,Osi Forest Reserve,Forest Reserve,Kwara,Oke Ero,3454.0,,,,,Sub-national ministry or agency,Kwara State Ministry of Environment & Forestry,,mosaic,Guinea savanna woodland.,,,,,,Gazetted forest reserve; location from GeoNames point. Current condition not documented.,Osi.,wdpa,C,35,34,,http://www.geonames.org/search.html?q=forest+reserve&country=NG,8.203,5.442
w36227,36227,Kusur Forest Reserve,Forest Reserve,Yobe,Geidam,26137.0,,,,,Sub-national ministry or agency,,,sudan,,,,,,,,,wdpa,C,18,10,,,12.459,12.062
w36786,36786,Odun Forest Reserve,Forest Reserve,Kwara,Irepodun,783.0,,,,,Sub-national ministry or agency,,,mosaic,,,,,,,,,wdpa,C,0,0,,,8.102,4.988
w36228,36228,Dabira Forest Reserve,Forest Reserve,Borno,Gubio,2876.0,,,,,Sub-national ministry or agency,,,sudan,,,,,,,,,wdpa,C,0,0,,,12.526,12.506
w36787,36787,Olomu Forest Reserve,Forest Reserve,Kwara,Isin,730.0,,,,,Sub-national ministry or agency,Kwara State Ministry of Environment & Forestry,,mosaic,Guinea savanna woodland.,,,,,,Gazetted forest reserve; location from GeoNames point. Current condition not documented.,Olomu.,wdpa,C,1,1,,http://www.geonames.org/search.html?q=forest+reserve&country=NG,8.158,5.08
w36229,36229,Gubio Forest Reserve,Forest Reserve,Borno,Gubio,982.0,,,,,Sub-national ministry or agency,,,sudan,,,,,,,,,wdpa,C,0,0,,,12.486,12.746
w36788,36788,Ila Forest Reserve,Forest Reserve,Osun,Ila,113.0,,,,,Sub-national ministry or agency,,,mosaic,,,,,,,State inferred from location (Ila-Orangun).,Ila (Nigeria).,wdpa,C,58,53,,https://www.geonames.org/advanced-search.html?q=forest+reserve&country=NG&featureClass=L&maxRows=500,8.025,4.947
w36270,36270,Gadari Forest Reserve,Forest Reserve,Jigawa,Kiri Kasama,420.0,420.5,,,,Sub-national ministry or agency,Jigawa State Forestry Department,,sudan,Sudan/Sahel savanna zone.,,,,,,WDPA-listed forest reserve; polygon centroid nearest town Kiri Kasamma.,Gadari.,wdpa,C,0,0,,https://www.protectedplanet.net/country/NGA | https://services9.arcgis.com/IkktFdUAcY3WrH25/arcgis/rest/services/WDPA_Terrestrial_Simplification50/FeatureServer/0,12.668,10.205
w36237,36237,Geltur Forest Reserve,Forest Reserve,Borno,Jere,3039.0,,,,,Sub-national ministry or agency,,,sudan,,,,,,,,,wdpa,C,0,0,,,12.008,13.105
w36789,36789,Ipetu Forest Reserve,Forest Reserve,Kwara,Irepodun,395.0,,,,,Sub-national ministry or agency,Kwara State Ministry of Environment & Forestry,,mosaic,Guinea savanna woodland.,,,,,,Gazetted forest reserve; location from GeoNames point. Current condition not documented.,Ipetu.,wdpa,C,4,3,,http://www.geonames.org/search.html?q=forest+reserve&country=NG,8.098,5.082
w36790,36790,Ishan Aiyede Forest Reserve,Forest Reserve,Ekiti,Ikole,80.0,,,,,Sub-national ministry or agency,,,mosaic,,,,,,,,,wdpa,C,0,0,,,7.995,5.418
w36791,36791,Ogbe Forest Reserve,Forest Reserve,Ekiti,Ikole,931.0,,,,,Sub-national ministry or agency,,,mosaic,,,,,,,,,wdpa,C,0,0,,,8.057,5.585
w36792,36792,Laigbede Forest Reserve,Forest Reserve,Kogi,Mopa-Muro,12464.0,,,,,Sub-national ministry or agency,,,mosaic,,,,,,,,,wdpa,C,143,57,,,7.964,5.86
w36793,36793,Ilesha Forest Reserve,Forest Reserve,Kwara,Baruten,6073.0,,,,,Sub-national ministry or agency,,,sguinea,,,,,,,,,wdpa,C,22,21,,,8.965,3.435
w36795,36795,Wara Forest Reserve,Forest Reserve,Kwara,Ilorin West,564.0,,,,,Sub-national ministry or agency,Kwara State Ministry of Environment & Forestry,,mosaic,Guinea savanna woodland.,,,,,,Gazetted forest reserve; location from GeoNames point. Current condition not documented.,Wara.,wdpa,C,1,1,,http://www.geonames.org/search.html?q=forest+reserve&country=NG,8.428,4.468
w36796,36796,Old Ogbomosho Forest Reserve,Forest Reserve,Oyo,Ogbomosho South,185.0,,,,,Sub-national ministry or agency,,,mosaic,,,,,,,,,wdpa,C,18,5,,,8.095,4.208
w36797,36797,Olla Hill Forest Reserve,Forest Reserve,Oyo,Ogo Oluwa,2353.0,,,,,Sub-national ministry or agency,,,mosaic,,,,,,,,Olla Hill.,wdpa,C,,,,https://www.geonames.org/advanced-search.html?q=forest+reserve&country=NG&featureClass=L&maxRows=500,8.005,4.26
w36798,36798,Old Ogbomosho Water Works Forest Reserve,Forest Reserve,Oyo,Ogbomosho North,523.0,,,,,Sub-national ministry or agency,,,mosaic,,,,,,,,,wdpa,C,62,33,,,8.117,4.272
w36799,36799,Oloyan Forest Reserve,Forest Reserve,Oyo,Surulere,145.0,,,,,Sub-national ministry or agency,,,mosaic,,,,,,,,Oloyan.,wdpa,C,0,0,,https://www.geonames.org/advanced-search.html?q=forest+reserve&country=NG&featureClass=L&maxRows=500,8.095,4.488
w36806,36806,Lanlate Forest Reserve,Forest Reserve,Oyo,Ibarapa East,10620.0,10880,10880,,,Sub-national ministry or agency,,,mosaic,Derived savanna / dry forest. Lowland rain forest (FAO management unit 1),,,,,,"Listed by FAO's national forest resources study at 10,880 ha.",Lanlate.,wdpa,B,113,44,,https://www.fao.org/4/ab578e/AB578E10.htm | https://ejesm.org/wp-content/uploads/2023/08/ejesm.v16i3.6.pdf | https://www.geonames.org/advanced-search.html?q=forest+reserve&country=NG&featureClass=L&maxRows=500,7.723,3.618
w36872,36872,Akobiwho Forest Reserve,Forest Reserve,Benue,Makurdi,782.0,,,,,Sub-national ministry or agency,,,mosaic,,,,,,,,,wdpa,C,0,0,,,7.754,8.692
w36800,36800,Meko Forest Reserve,Forest Reserve,Ogun,Imeko Afon,74661.0,,,,,Sub-national ministry or agency,,,mosaic,,,,,,"Occupation by transhumant herders and attendant insecurity reported in 2019 (e.g. attack at Jabata village, Imeko Afon)",Likely the reserve described in the press as 'Imeko Forest Reserve' on the Nigeria-Benin border in Imeko Afon LGA; residents said it was taken over by government between 1908 and 1930 (unverified resident claims; name match not confirmed).,,wdpa,C,955,188,,https://saharareporters.com/2019/06/16/herdsmen-burkina-faso-mali-other-nations-taking-over-nigerias-forest-reserves-nigerians,7.788,2.876
w36807,36807,Ijaiye Forest Reserve,Forest Reserve,Oyo,Afijio,24499.0,25546,25546,,,Sub-national ministry or agency,,,mosaic,Dry semi-deciduous forest / derived savanna.,,,Plantations,,,"27,129 ha in 2023 study.",Ijaiye.,wdpa,A,422,124,,https://www.fao.org/4/ab578e/AB578E10.htm | https://ejesm.org/wp-content/uploads/2023/08/ejesm.v16i3.6.pdf | https://www.geonames.org/advanced-search.html?q=forest+reserve&country=NG&featureClass=L&maxRows=500,7.655,3.659
w300708,300708,Unnamed Forest Reserve (No.28),Forest Reserve,Bauchi,Dambam,105.0,,,,,Sub-national ministry or agency,,,sudan,,,,,,,,,wdpa,C,66,52,,,11.685,10.883
w36238,36238,Wuda Taye Forest Reserve,Forest Reserve,Borno,Mafa,8828.0,,,,,Sub-national ministry or agency,,,sudan,,,,,,,,,wdpa,C,1,1,,,12.063,13.307
w36801,36801,Igangan Forest Reserve,Forest Reserve,Oyo,Ibarapa North,39155.0,39627,40645,,,Sub-national ministry or agency,,,mosaic,Derived savanna / dry forest. Lowland rain forest (FAO management unit 1),,,,,,"Listed by FAO's national forest resources study at 40,645 ha.",Igangan.,wdpa,B,416,108,,https://www.academia.edu/50121600/FOREST_RESERVES_AND_RESIDENTIAL_AREAS_A_CASE_STUDY_OF_GOVERNMENT_FOREST_RESERVES_IN_OYO_STATE | https://ejesm.org/wp-content/uploads/2023/08/ejesm.v16i3.6.pdf | https://www.geonames.org/advanced-search.html?q=forest+reserve&country=NG&featureClass=L&maxRows=500 | https://www.fao.org/4/ab578e/AB578E10.htm,7.706,3.092
w36239,36239,Azaya Forest Reserve,Forest Reserve,Borno,Mafa,3029.0,,,,,Sub-national ministry or agency,,,sudan,,,,,,,,,wdpa,C,1,1,,,11.993,13.355
w36802,36802,"Iseyin Forest Reserves (West, Central, East)",Forest Reserve,Oyo,Iseyin,166.0,,,,,Sub-national ministry or agency,,,mosaic,,,,,,,Three adjoining reserves per GeoNames.,Iseyin Central.,wdpa,C,48,38,,https://www.geonames.org/advanced-search.html?q=forest+reserve&country=NG&featureClass=L&maxRows=500,7.975,3.567
w36240,36240,Yamdugu Forest Reserve,Forest Reserve,Yobe,Bade,19730.0,,,,,Sub-national ministry or agency,,,sudan,,,,,,,,,wdpa,C,1997,302,,,12.792,10.674
w36803,36803,Iseyin West Forest Reserve,Forest Reserve,Oyo,Iseyin,111.0,,,,,Sub-national ministry or agency,,,mosaic,,,,,,,,,wdpa,C,,,,,7.945,3.563
w36804,36804,Odo-Ogun Forest Reserve,Forest Reserve,Oyo,Iseyin,1534.0,,,,,Sub-national ministry or agency,,,mosaic,,,,,,,,Odo Ogun.,wdpa,C,10,2,,https://www.geonames.org/advanced-search.html?q=forest+reserve&country=NG&featureClass=L&maxRows=500,7.898,3.732
w36241,36241,Gwaiyo Forest Reserve,Forest Reserve,Yobe,Jakusko,10806.0,,,,,Sub-national ministry or agency,,,sudan,,,,,,,,,wdpa,C,297,79,,,12.646,10.66
w36805,36805,Ejigbo Forest Reserve,Forest Reserve,Osun,Ejigbo,271.0,,,,,Sub-national ministry or agency,,,mosaic,,,,,,,,Ejigbo.,wdpa,C,22,19,,https://www.geonames.org/advanced-search.html?q=forest+reserve&country=NG&featureClass=L&maxRows=500,7.857,4.325
w36242,36242,Rinukunu Forest Reserve,Forest Reserve,Yobe,Bursari,5187.0,,,,,Sub-national ministry or agency,,,sudan,,,,,,,,,wdpa,C,181,69,,,12.84,11.18
w36808,36808,Oba Hills National Park,National Park,Osun,Ola Oluwa,4932.0,4225,5225,2024,,Sub-national ministry or agency,National Park Service,former Forest Reserve,mosaic,"Hilly lowland forest remnants, coppice, teak plantation (~12%).","Teak (Tectona grandis) plantation, gully and hilltop forest remnants","Chimpanzee (near extinct locally), patas monkey, blue duiker, red river hog, cane rat","Teak timber, NTFPs","Hiking among five hills and gorges, birdwatching, nature photography; ~2 h from Ibadan.","Deforestation, illegal logging, bushmeat hunting, dry-season fires.",Former Oba Hills Forest Reserve; handed to NPS 2024.,Oba Hills.,wdpa,A,570,128,,https://en.wikipedia.org/wiki/Oba_Hills_Forest_Reserve | https://von.gov.ng/?p=373830 | https://www.fao.org/4/ab578e/AB578E10.htm,7.76,4.098
w36243,36243,Dapchi Forest Reserve,Forest Reserve,Yobe,Bursari,33592.0,,,,,Sub-national ministry or agency,,,sudan,,,,,,,,,wdpa,C,264,90,,,12.679,11.473
w36810,36810,Otuma Forest Reserve,Forest Reserve,Oyo,Ibarapa East,133.0,,,,,Sub-national ministry or agency,,,rainforest,,,,,,,Ibarapa area per GeoNames; state inferred from location.,Otuma.,wdpa,C,871,58,,https://www.geonames.org/advanced-search.html?q=forest+reserve&country=NG&featureClass=L&maxRows=500,7.555,3.44
w36244,36244,Finukunu Forest Reserve,Forest Reserve,Yobe,Bursari,6836.0,,,,,Sub-national ministry or agency,,,sudan,,,,,,,,,wdpa,C,0,0,,,12.59,11.749
w36815,36815,Ede Forest Reserve,Forest Reserve,Osun,Ede South,1250.0,,,,,Sub-national ministry or agency,,,mosaic,,,,,,,,Ede.,wdpa,C,18,2,,https://www.geonames.org/advanced-search.html?q=forest+reserve&country=NG&featureClass=L&maxRows=500,7.68,4.41
w36271,36271,Gogiya Forest Reserve,Forest Reserve,Jigawa,Guri,463.0,462.5,,,,Sub-national ministry or agency,Jigawa State Forestry Department,,sudan,Sudan/Sahel savanna zone.,,,,,,WDPA-listed forest reserve; polygon centroid nearest town Guri.,Gogiya.,wdpa,C,1,1,,https://www.protectedplanet.net/country/NGA | https://services9.arcgis.com/IkktFdUAcY3WrH25/arcgis/rest/services/WDPA_Terrestrial_Simplification50/FeatureServer/0,12.63,10.43
w36822,36822,Oshogbo Forest Reserve,Forest Reserve,Osun,Osogbo,519.0,,,,,Sub-national ministry or agency,,,mosaic,,,,,,,,,wdpa,C,240,67,,,7.758,4.53
w36245,36245,Kalalawa Forest Reserve,Forest Reserve,Yobe,Damaturu,20742.0,,,,,Sub-national ministry or agency,,,sudan,Sahel/Sudan savanna.,,,,,,Listed in GeoNames; little documented.,Kalalawa.,wdpa,C,55,47,,https://www.geonames.org/search.html?q=forest+reserve+yobe&country=NG,11.919,11.946
w36823,36823,Ara Forest Reserve,Forest Reserve,Ekiti,Ijero,3402.0,,,,,Sub-national ministry or agency,,,mosaic,,,,,,,Per GeoNames; may relate to Aramoko reserve.,Ara.,wdpa,C,85,28,,https://www.geonames.org/advanced-search.html?q=forest+reserve&country=NG&featureClass=L&maxRows=500,7.774,5.048
w36246,36246,Jajere Forest Reserve,Forest Reserve,Yobe,Fune,20796.0,,,,,Sub-national ministry or agency,,,sudan,,,,,,,,,wdpa,C,211,92,,,11.971,11.31
w36824,36824,Eda Forest Reserves (I & II),Forest Reserve,Ekiti,Ekiti East,351.0,,,,,Sub-national ministry or agency,,,mosaic,,,,,,,Two adjoining reserves per GeoNames.,Eda 2.,wdpa,C,0,0,,https://www.geonames.org/advanced-search.html?q=forest+reserve&country=NG&featureClass=L&maxRows=500 | https://ijras.org/administrator/components/com_jresearch/files/publications/IJRAS_81_Final.pdf,7.727,5.62
w36247,36247,Komadugu Gana Forest Reserve,Forest Reserve,Yobe,Nangere,9337.0,,,,,Sub-national ministry or agency,,,sudan,,,,,,,,,wdpa,C,70,37,,,12.032,10.9
w36843,36843,Egbe Forest Reserve,Forest Reserve,Ekiti,Gbonyin,2641.0,2836,2836,,,Sub-national ministry or agency,,,mosaic,,,,,,,,Egbe.,wdpa,C,52,25,,https://www.fao.org/4/ab578e/AB578E10.htm | https://www.geonames.org/advanced-search.html?q=forest+reserve&country=NG&featureClass=L&maxRows=500 | https://ijras.org/administrator/components/com_jresearch/files/publications/IJRAS_81_Final.pdf,7.61,5.602
w36248,36248,Jimbum Forest Reserve,Forest Reserve,Yobe,Tarmuwa,11784.0,,,,,Sub-national ministry or agency,,,sudan,,,,,,,,,wdpa,C,93,61,,,12.342,11.611
w36850,36850,Okene Catchment Area Forest Reserve,Forest Reserve,Kogi,Okene,320.0,,,,,Sub-national ministry or agency,Kogi State Ministry of Environment (Forestry),,rainforest,Southern Guinea savanna / derived savanna.,,,Water catchment protection,,,Gazetted forest reserve; location from GeoNames point. Current condition not documented.,Okene catchment area.,wdpa,C,0,0,,http://www.geonames.org/search.html?q=forest+reserve&country=NG,7.567,6.19
w36249,36249,Shegali Forest Reserve,Forest Reserve,Yobe,Tarmuwa,26749.0,,,,,Sub-national ministry or agency,,,sudan,,,,,,,,,wdpa,C,336,125,,,12.213,11.644
w36250,36250,Dan Kulili Forest Reserve,Forest Reserve,Jigawa,Sule Tankarkar,402.0,402.5,,,,Sub-national ministry or agency,Jigawa State Forestry Department,,sudan,Sudan/Sahel savanna zone.,,,,,,WDPA-listed forest reserve; polygon centroid nearest town Sule Tankarkar.,Dan Kulili.,wdpa,C,0,0,,https://www.protectedplanet.net/country/NGA | https://services9.arcgis.com/IkktFdUAcY3WrH25/arcgis/rest/services/WDPA_Terrestrial_Simplification50/FeatureServer/0,12.805,9.252
w36844,36844,Chokochoko Forest Reserve,Forest Reserve,Kogi,Kabba/Bunu,17330.0,,,,,Sub-national ministry or agency,Kogi State Ministry of Environment (Forestry),,mosaic,Southern Guinea savanna / derived savanna.,,,,,,Gazetted forest reserve; location from GeoNames point. Current condition not documented.,Chokochoko.,wdpa,C,67,38,,http://www.geonames.org/search.html?q=forest+reserve&country=NG,7.883,6.303
w36251,36251,Dam Makama Forest Reserve,Forest Reserve,Jigawa,Sule Tankarkar,183.0,183.0,,,,Sub-national ministry or agency,Jigawa State Forestry Department,,sudan,Sudan/Sahel savanna zone.,,,,,,WDPA-listed forest reserve; polygon centroid nearest town Sule Tankarkar.,Dam Makama.,wdpa,C,72,35,,https://www.protectedplanet.net/country/NGA | https://services9.arcgis.com/IkktFdUAcY3WrH25/arcgis/rest/services/WDPA_Terrestrial_Simplification50/FeatureServer/0,12.808,9.282
w36845,36845,Adankolo Forest Reserve,Forest Reserve,Kogi,Lokoja,2987.0,,,,,Sub-national ministry or agency,Kogi State Ministry of Environment (Forestry),,sguinea,Southern Guinea savanna / derived savanna.,,,,,,Gazetted forest reserve; location from GeoNames point. Current condition not documented.,Adankolo.,wdpa,C,1,1,,http://www.geonames.org/search.html?q=forest+reserve&country=NG,7.942,6.535
w36846,36846,Osara Forest Reserve,Forest Reserve,Kogi,Ajaokuta,58079.0,,,,,Sub-national ministry or agency,Kogi State Ministry of Environment (Forestry),,mosaic,Southern Guinea savanna / derived savanna.,,,,,,Gazetted forest reserve; location from GeoNames point. Current condition not documented.,Osara.,wdpa,C,6647,528,,http://www.geonames.org/search.html?q=forest+reserve&country=NG,7.701,6.619
w36252,36252,Uku Da Sisi Forest Reserve,Forest Reserve,Jigawa,Garki,756.0,756.2,,,,Sub-national ministry or agency,Jigawa State Forestry Department,,sudan,Sudan/Sahel savanna zone.,,,,,,WDPA-listed forest reserve; polygon centroid nearest town Garki.,Uku Da Sisi.,wdpa,C,0,0,,https://www.protectedplanet.net/country/NGA | https://services9.arcgis.com/IkktFdUAcY3WrH25/arcgis/rest/services/WDPA_Terrestrial_Simplification50/FeatureServer/0,12.543,9.082
w36848,36848,Otete Forest Reserve,Forest Reserve,Kogi,Okehi,625.0,,,,,Sub-national ministry or agency,Kogi State Ministry of Environment (Forestry),,mosaic,Southern Guinea savanna / derived savanna.,,,,,,Gazetted forest reserve; location from GeoNames point. Current condition not documented.,Otete.,wdpa,C,0,0,,http://www.geonames.org/search.html?q=forest+reserve&country=NG,7.62,6.248
w36253,36253,Albasu Forest Reserve,Forest Reserve,Jigawa,Sule Tankarkar,381.0,380.7,,,,Sub-national ministry or agency,Jigawa State Forestry Department,,sudan,Sudan/Sahel savanna zone.,,,,,,WDPA-listed forest reserve; polygon centroid nearest town Sule Tankarkar.,Albasu.,wdpa,C,0,0,,https://www.protectedplanet.net/country/NGA | https://services9.arcgis.com/IkktFdUAcY3WrH25/arcgis/rest/services/WDPA_Terrestrial_Simplification50/FeatureServer/0,12.586,9.116
w36849,36849,Okene Waterworks Forest Reserve,Forest Reserve,Kogi,Adavi,214.0,,,,,Sub-national ministry or agency,Kogi State Ministry of Environment (Forestry),,rainforest,Southern Guinea savanna / derived savanna.,,,Water supply protection,,,Gazetted forest reserve; location from GeoNames point. Current condition not documented.,Okene waterworks.,wdpa,C,20,13,,http://www.geonames.org/search.html?q=forest+reserve&country=NG,7.578,6.235
w36254,36254,Mafuta Forest Reserve,Forest Reserve,Jigawa,Sule Tankarkar,737.0,737.4,,,,Sub-national ministry or agency,Jigawa State Forestry Department,,sudan,Sudan/Sahel savanna zone.,,,,,,WDPA-listed forest reserve; polygon centroid nearest town Sule Tankarkar.,Mafuta.,wdpa,C,0,0,,https://www.protectedplanet.net/country/NGA | https://services9.arcgis.com/IkktFdUAcY3WrH25/arcgis/rest/services/WDPA_Terrestrial_Simplification50/FeatureServer/0,12.565,9.197
w36851,36851,Gbedege Forest Reserve,Forest Reserve,Kogi,Kogi,6458.0,,,,,Sub-national ministry or agency,Kogi State Ministry of Environment (Forestry),,sguinea,Southern Guinea savanna / derived savanna.,,,,,,Gazetted forest reserve; location from GeoNames point. Current condition not documented.,Gbedege.,wdpa,C,0,0,,http://www.geonames.org/search.html?q=forest+reserve&country=NG,7.915,6.862
w36255,36255,Mele Forest Reserve,Forest Reserve,Jigawa,Maigatari,992.0,991.6,,,,Sub-national ministry or agency,Jigawa State Forestry Department,,sudan,Sudan/Sahel savanna zone.,,,,,,WDPA-listed forest reserve; polygon centroid nearest town Gumel.,Mele.,wdpa,C,0,0,,https://www.protectedplanet.net/country/NGA | https://services9.arcgis.com/IkktFdUAcY3WrH25/arcgis/rest/services/WDPA_Terrestrial_Simplification50/FeatureServer/0,12.648,9.502
w36852,36852,Mozum Forest Reserve,Forest Reserve,Kogi,Bassa,9053.0,,,,,Sub-national ministry or agency,Kogi State Ministry of Environment (Forestry),,mosaic,Southern Guinea savanna / derived savanna.,,,,,,Gazetted forest reserve; location from GeoNames point. Current condition not documented.,Mozum.,wdpa,C,20,2,,http://www.geonames.org/search.html?q=forest+reserve&country=NG,7.793,6.88
w36853,36853,Akpatakum Forest Reserve,Forest Reserve,Kogi,Bassa,10007.0,,,,,Sub-national ministry or agency,Kogi State Ministry of Environment (Forestry),,mosaic,Southern Guinea savanna / derived savanna.,,,,,,Gazetted forest reserve; location from GeoNames point. Current condition not documented.,Akpatakum.,wdpa,C,24,23,,http://www.geonames.org/search.html?q=forest+reserve&country=NG,7.602,6.803
w36272,36272,Bulangu Forest Reserve,Forest Reserve,Jigawa,Kafin Hausa,425.0,425.2,,,,Sub-national ministry or agency,Jigawa State Forestry Department,,sudan,Sudan savanna zone.,,,,,,WDPA-listed forest reserve; polygon centroid nearest town Kafin Hausa.,Bulangu.,wdpa,C,0,0,,https://www.protectedplanet.net/country/NGA | https://services9.arcgis.com/IkktFdUAcY3WrH25/arcgis/rest/services/WDPA_Terrestrial_Simplification50/FeatureServer/0,12.085,10.14
w36259,36259,Turbustrajiri Forest Reserve,Forest Reserve,Jigawa,Maigatari,4447.0,4447.4,,,,Sub-national ministry or agency,Jigawa State Forestry Department,,sudan,Sudan/Sahel savanna zone.,,,,,,WDPA-listed forest reserve; polygon centroid nearest town Malam Madori.,Turbustrajiri.,wdpa,B,58,32,,https://www.protectedplanet.net/country/NGA | https://services9.arcgis.com/IkktFdUAcY3WrH25/arcgis/rest/services/WDPA_Terrestrial_Simplification50/FeatureServer/0,12.718,9.741
w36854,36854,Dekina Forest Reserve,Forest Reserve,Kogi,Dekina,7543.0,,,,,Sub-national ministry or agency,Kogi State Ministry of Environment (Forestry),,mosaic,Southern Guinea savanna / derived savanna.,,,,,,Gazetted forest reserve; location from GeoNames point. Current condition not documented.,Dekina.,wdpa,C,46,22,,http://www.geonames.org/search.html?q=forest+reserve&country=NG,7.737,7.22
w36260,36260,Maifari Forest Reserve,Forest Reserve,Jigawa,Maigatari,561.0,560.5,,,,Sub-national ministry or agency,Jigawa State Forestry Department,,sudan,Sudan/Sahel savanna zone.,,,,,,WDPA-listed forest reserve; polygon centroid nearest town Malam Madori.,Maifari.,wdpa,C,0,0,,https://www.protectedplanet.net/country/NGA | https://services9.arcgis.com/IkktFdUAcY3WrH25/arcgis/rest/services/WDPA_Terrestrial_Simplification50/FeatureServer/0,12.607,9.755
w36855,36855,Opandha Forest Reserve,Forest Reserve,Kogi,Omala,11308.0,,,,,Sub-national ministry or agency,,,mosaic,,,,,,,,,wdpa,C,22,10,,,7.803,7.432
w36261,36261,Yarda Kangiwa Forest Reserve,Forest Reserve,Jigawa,Kaugama,1082.0,1082.1,,,,Sub-national ministry or agency,Jigawa State Forestry Department,,sudan,Sudan/Sahel savanna zone.,,,,,,WDPA-listed forest reserve; polygon centroid nearest town Malam Madori.,Yarda Kangiwa.,wdpa,C,65,30,,https://www.protectedplanet.net/country/NGA | https://services9.arcgis.com/IkktFdUAcY3WrH25/arcgis/rest/services/WDPA_Terrestrial_Simplification50/FeatureServer/0,12.637,9.805
w36868,36868,Ojofu Forest Reserve,Forest Reserve,Kogi,Dekina,948.0,,,,,Sub-national ministry or agency,,,mosaic,,,,,,,,,wdpa,C,0,0,,,7.563,7.163
w36873,36873,Shamyogti Forest Reserve,Forest Reserve,Benue,Guma,525.0,,,,,Sub-national ministry or agency,,,sguinea,,,,,,,,,wdpa,C,0,0,,,7.833,8.91
w36262,36262,Kazura Forest Reserve,Forest Reserve,Jigawa,Biriniwa,316.0,315.6,,,,Sub-national ministry or agency,Jigawa State Forestry Department,,sudan,Sudan/Sahel savanna zone.,,,,,,WDPA-listed forest reserve; polygon centroid nearest town Mallammaduri.,Kazura.,wdpa,C,0,0,,https://www.protectedplanet.net/country/NGA | https://services9.arcgis.com/IkktFdUAcY3WrH25/arcgis/rest/services/WDPA_Terrestrial_Simplification50/FeatureServer/0,12.728,9.98
w36874,36874,Mbakpa Forest Reserve,Forest Reserve,Benue,Gwer West,441.0,,,,,Sub-national ministry or agency,,,mosaic,,,,,,,,,wdpa,C,0,0,,,7.567,8.14
w36263,36263,Azarunikwia Forest Reserve,Forest Reserve,Jigawa,Biriniwa,1045.0,1045.0,,,,Sub-national ministry or agency,Jigawa State Forestry Department,,sudan,Sudan/Sahel savanna zone.,,,,,,WDPA-listed forest reserve; polygon centroid nearest town Mallammaduri.,Azarunikwia.,wdpa,C,0,0,,https://www.protectedplanet.net/country/NGA | https://services9.arcgis.com/IkktFdUAcY3WrH25/arcgis/rest/services/WDPA_Terrestrial_Simplification50/FeatureServer/0,12.79,9.983
w36877,36877,Wannune Forest Reserve,Forest Reserve,Benue,Tarka,468.0,,,,,Sub-national ministry or agency,,,mosaic,,,,,,,,,wdpa,C,1,1,,,7.585,8.87
w36264,36264,Kukangiwa Forest Reserve,Forest Reserve,Jigawa,Biriniwa,1790.0,1790.1,,,,Sub-national ministry or agency,Jigawa State Forestry Department,,sudan,Sudan/Sahel savanna zone.,,,,,,WDPA-listed forest reserve; polygon centroid nearest town Birniwa.,Kukangiwa.,wdpa,C,73,32,,https://www.protectedplanet.net/country/NGA | https://services9.arcgis.com/IkktFdUAcY3WrH25/arcgis/rest/services/WDPA_Terrestrial_Simplification50/FeatureServer/0,12.794,10.056
w36889,36889,Ugondo Forest Reserve,Forest Reserve,Benue,Logo,159.0,,,,,Sub-national ministry or agency,,,mosaic,,,,,,,,,wdpa,C,0,0,,,7.553,9.345
w36890,36890,Mbatiav Forest Reserve,Forest Reserve,Benue,Ukum,319.0,,,,,Sub-national ministry or agency,,,mosaic,,,,,,,,,wdpa,C,0,0,,,7.668,9.728
w36265,36265,Barburam Forest Reserve,Forest Reserve,Jigawa,Biriniwa,787.0,786.8,,,,Sub-national ministry or agency,Jigawa State Forestry Department,,sudan,Sudan/Sahel savanna zone.,,,,,,WDPA-listed forest reserve; polygon centroid nearest town Birniwa.,Barburam.,wdpa,C,0,0,,https://www.protectedplanet.net/country/NGA | https://services9.arcgis.com/IkktFdUAcY3WrH25/arcgis/rest/services/WDPA_Terrestrial_Simplification50/FeatureServer/0,12.875,10.075
w36891,36891,Sonkpa Forest Reserve,Forest Reserve,Taraba,Wukari,1073.0,,,,,Sub-national ministry or agency,,,sguinea,,,,,,,,,wdpa,C,0,0,,,7.922,9.836
w36266,36266,Mungurum Forest Reserve,Forest Reserve,Jigawa,Biriniwa,282.0,281.8,,,,Sub-national ministry or agency,Jigawa State Forestry Department,,sudan,Sudan/Sahel savanna zone.,,,,,,WDPA-listed forest reserve; polygon centroid nearest town Birniwa.,Mungurum.,wdpa,C,0,0,,https://www.protectedplanet.net/country/NGA | https://services9.arcgis.com/IkktFdUAcY3WrH25/arcgis/rest/services/WDPA_Terrestrial_Simplification50/FeatureServer/0,12.835,10.15
w36892,36892,Kakiwargi Hill Forest Reserve,Forest Reserve,Taraba,Donga,5659.0,,,,,Sub-national ministry or agency,,,mosaic,,,,,,,Listed in GeoNames; little documented.,Kakiwargi.,wdpa,C,0,0,,https://www.geonames.org/search.html?q=forest+reserve+taraba&country=NG,7.777,10.108
w36267,36267,Gabas Mari Forest Reserve,Forest Reserve,Jigawa,Biriniwa,2447.0,2447.2,,,,Sub-national ministry or agency,Jigawa State Forestry Department,,sudan,Sudan/Sahel savanna zone.,,,,,,WDPA-listed forest reserve; polygon centroid nearest town Birniwa.,Gabas Mari.,wdpa,C,56,28,,https://www.protectedplanet.net/country/NGA | https://services9.arcgis.com/IkktFdUAcY3WrH25/arcgis/rest/services/WDPA_Terrestrial_Simplification50/FeatureServer/0,12.864,10.218
w36285,36285,Falomi Forest Reserve,Forest Reserve,Jigawa,Sule Tankarkar,1748.0,1748.0,,,,Sub-national ministry or agency,Jigawa State Forestry Department,,sudan,Sudan savanna zone.,,,,,,WDPA-listed forest reserve; polygon centroid nearest town Gumel.,Falomi.,wdpa,C,0,0,,https://www.protectedplanet.net/country/NGA | https://services9.arcgis.com/IkktFdUAcY3WrH25/arcgis/rest/services/WDPA_Terrestrial_Simplification50/FeatureServer/0,12.51,9.323
w36893,36893,Suntai Forest Reserve,Forest Reserve,Taraba,Bali,493.0,,,,,Sub-national ministry or agency,,,mosaic,,,,,,,,,wdpa,C,0,0,,,7.64,10.38
w36286,36286,Maigazari Forest Reserve,Forest Reserve,Jigawa,Gumel,1494.0,1494.0,,,,Sub-national ministry or agency,Jigawa State Forestry Department,,sudan,Sudan/Sahel savanna zone.,,,,,,WDPA-listed forest reserve; polygon centroid nearest town Gumel.,Maigazari.,wdpa,C,86,35,,https://www.protectedplanet.net/country/NGA | https://services9.arcgis.com/IkktFdUAcY3WrH25/arcgis/rest/services/WDPA_Terrestrial_Simplification50/FeatureServer/0,12.595,9.375
w342477,342477,Nasarawa Forest Reserve,Forest Reserve,Adamawa,Jada,4022.0,,,,,Sub-national ministry or agency,,,sguinea,,,,,,,,,wdpa,C,0,0,,,8.663,12.2
w36287,36287,Sakwa Forest Reserve,Forest Reserve,Bauchi,Zaki,672.0,,,,,Sub-national ministry or agency,,,sudan,,,,,,,,,wdpa,C,0,0,,,12.118,10.25
w36901,36901,Gangume Forest Reserve,Forest Reserve,Taraba,Gashaka,8087.0,,,,,Sub-national ministry or agency,,,sguinea,,,,,,,,,wdpa,C,17,13,,,7.95,11.206
w36288,36288,Barawa Forest Reserve,Forest Reserve,Katsina,Batagarawa,5938.0,5938.4,,,,Sub-national ministry or agency,Katsina State Ministry of Environment (Forestry),,sudan,Sudan/Sahel savanna zone.,,,,,,Reserve near Katsina city; human activities reported as a threat to its sustainability.,Barawa.,wdpa,B,304,119,,https://link.springer.com/10.1007/978-981-19-5478-8_5 | https://www.protectedplanet.net/country/NGA,12.915,7.539
w36289,36289,Katsina Forest Reserve,Forest Reserve,Katsina,Batagarawa,894.0,894.5,,,,Sub-national ministry or agency,Katsina State Ministry of Environment (Forestry),,sudan,Sudan/Sahel savanna zone.,,,,,,WDPA-listed forest reserve; polygon centroid nearest town Batagarawa.,Katsina.,wdpa,C,170,91,,https://www.protectedplanet.net/country/NGA | https://services9.arcgis.com/IkktFdUAcY3WrH25/arcgis/rest/services/WDPA_Terrestrial_Simplification50/FeatureServer/0,12.93,7.62
w37038,37038,Odugebe Forest Reserve,Forest Reserve,Ogun,Imeko Afon,16912.0,,,,,Sub-national ministry or agency,,,mosaic,,,,,,,,,wdpa,C,43,32,,,7.646,2.792
w36290,36290,Tsanni Forest Reserve,Forest Reserve,Katsina,Batagarawa,804.0,804.1,,,,Sub-national ministry or agency,Katsina State Ministry of Environment (Forestry),,sudan,Sudan/Sahel savanna zone.,,,,,,WDPA-listed forest reserve; polygon centroid nearest town Batagarawa.,Tsanni.,wdpa,C,0,0,,https://www.protectedplanet.net/country/NGA | https://services9.arcgis.com/IkktFdUAcY3WrH25/arcgis/rest/services/WDPA_Terrestrial_Simplification50/FeatureServer/0,12.807,7.58
w342473,342473,Gambare Forest Reserve,Forest Reserve,Katsina,Malumfashi,2020.0,2019.5,,,,Sub-national ministry or agency,Katsina State Ministry of Environment (Forestry),,sudan,Sudan savanna zone.,,,,,,WDPA-listed forest reserve; polygon centroid nearest town Malumfashi.,Gambare.,wdpa,C,37,33,,https://www.protectedplanet.net/country/NGA | https://services9.arcgis.com/IkktFdUAcY3WrH25/arcgis/rest/services/WDPA_Terrestrial_Simplification50/FeatureServer/0,11.728,7.493
w342474,342474,Ewun Rafia Forest Reserve,Forest Reserve,Niger,Katcha,2072.0,,,,,Sub-national ministry or agency,,,sguinea,,,,,,,,,wdpa,C,46,6,,,9.256,6.248
w36291,36291,Damangu Forest Reserve,Forest Reserve,Katsina,Mani,3242.0,3241.9,,,,Sub-national ministry or agency,Katsina State Ministry of Environment (Forestry),,sudan,Sudan/Sahel savanna zone.,,,,,,WDPA-listed forest reserve; polygon centroid nearest town Mashi.,Damangu.,wdpa,C,87,48,,https://www.protectedplanet.net/country/NGA | https://services9.arcgis.com/IkktFdUAcY3WrH25/arcgis/rest/services/WDPA_Terrestrial_Simplification50/FeatureServer/0,12.965,7.916
w342475,342475,Kurba Forest Reserve,Forest Reserve,Bauchi,Giade,2722.0,,,,,Sub-national ministry or agency,,,sudan,,,,,,,,,wdpa,C,1,1,,,11.247,10.197
w36292,36292,Kandawa Forest Reserve,Forest Reserve,Katsina,Bindawa,1411.0,1410.6,,,,Sub-national ministry or agency,Katsina State Ministry of Environment (Forestry),,sudan,Sudan/Sahel savanna zone.,,,,,,WDPA-listed forest reserve; polygon centroid nearest town Bindawa.,Kandawa.,wdpa,C,0,0,,https://www.protectedplanet.net/country/NGA | https://services9.arcgis.com/IkktFdUAcY3WrH25/arcgis/rest/services/WDPA_Terrestrial_Simplification50/FeatureServer/0,12.628,7.933
w36293,36293,Radda Forest Reserve,Forest Reserve,Katsina,Charanchi,1636.0,1635.5,,,,Sub-national ministry or agency,Katsina State Ministry of Environment (Forestry),,sudan,Sudan/Sahel savanna zone.,,,,,,WDPA-listed forest reserve; polygon centroid nearest town Dutsin-Ma.,Radda.,wdpa,C,2,2,,https://www.protectedplanet.net/country/NGA | https://services9.arcgis.com/IkktFdUAcY3WrH25/arcgis/rest/services/WDPA_Terrestrial_Simplification50/FeatureServer/0,12.508,7.665
w36294,36294,Busta Forest Reserve,Forest Reserve,Katsina,Kankia,1898.0,1897.6,,,,Sub-national ministry or agency,Katsina State Ministry of Environment (Forestry),,sudan,Sudan savanna zone.,,,,,,WDPA-listed forest reserve; polygon centroid nearest town Kankia.,Busta.,wdpa,C,1,1,,https://www.protectedplanet.net/country/NGA | https://services9.arcgis.com/IkktFdUAcY3WrH25/arcgis/rest/services/WDPA_Terrestrial_Simplification50/FeatureServer/0,12.475,7.815
w36295,36295,Karaduwa Forest Reserve,Forest Reserve,Katsina,Kankia,469.0,469.3,,,,Sub-national ministry or agency,Katsina State Ministry of Environment (Forestry),,sudan,Sudan savanna zone.,,,,,,WDPA-listed forest reserve; polygon centroid nearest town Matazu.,Karaduwa.,wdpa,C,0,0,,https://www.protectedplanet.net/country/NGA | https://services9.arcgis.com/IkktFdUAcY3WrH25/arcgis/rest/services/WDPA_Terrestrial_Simplification50/FeatureServer/0,12.395,7.732
w36296,36296,Fahu Forest Reserve,Forest Reserve,Katsina,Matazu,4620.0,4619.6,,,,Sub-national ministry or agency,Katsina State Ministry of Environment (Forestry),,sudan,Sudan savanna zone.,,,,,,WDPA-listed forest reserve; polygon centroid nearest town Matazu.,Fahu.,wdpa,B,0,0,,https://www.protectedplanet.net/country/NGA | https://services9.arcgis.com/IkktFdUAcY3WrH25/arcgis/rest/services/WDPA_Terrestrial_Simplification50/FeatureServer/0,12.223,7.604
w342479,342479,Warwade Forest Reserve,Forest Reserve,Jigawa,Dutse,2762.0,2761.7,,,,Sub-national ministry or agency,Jigawa State Forestry Department,,sudan,Sudan savanna zone.,,,,,,WDPA-listed forest reserve; polygon centroid nearest town Dutse.,Warwade.,wdpa,C,112,54,,https://www.protectedplanet.net/country/NGA | https://services9.arcgis.com/IkktFdUAcY3WrH25/arcgis/rest/services/WDPA_Terrestrial_Simplification50/FeatureServer/0,11.8,9.237
w36297,36297,Yashi Forest Reserve,Forest Reserve,Katsina,Kusada,4267.0,4267.1,,,,Sub-national ministry or agency,Katsina State Ministry of Environment (Forestry),,sudan,Sudan savanna zone.,,,,,,WDPA-listed forest reserve; polygon centroid nearest town Kusada.,Yashi.,wdpa,B,49,25,,https://www.protectedplanet.net/country/NGA | https://services9.arcgis.com/IkktFdUAcY3WrH25/arcgis/rest/services/WDPA_Terrestrial_Simplification50/FeatureServer/0,12.388,7.906
w36298,36298,Mawashi Forest Reserve,Forest Reserve,Katsina,Kusada,1067.0,1067.3,,,,Sub-national ministry or agency,Katsina State Ministry of Environment (Forestry),,sudan,Sudan/Sahel savanna zone.,,,,,,WDPA-listed forest reserve; polygon centroid nearest town Kusada.,Mawashi.,wdpa,C,0,0,,https://www.protectedplanet.net/country/NGA | https://services9.arcgis.com/IkktFdUAcY3WrH25/arcgis/rest/services/WDPA_Terrestrial_Simplification50/FeatureServer/0,12.533,8.029
w342480,342480,Kwakuti Forest Reserve,Forest Reserve,Niger,Paikoro,1133.0,,,,,Sub-national ministry or agency,,,sguinea,,,,,,,,,wdpa,C,1,1,,,9.412,6.93
w36299,36299,Radoho Forest Reserve,Forest Reserve,Katsina,Ingawa,1623.0,1622.5,,,,Sub-national ministry or agency,Katsina State Ministry of Environment (Forestry),,sudan,Sudan/Sahel savanna zone.,,,,,,WDPA-listed forest reserve; polygon centroid nearest town Ingawa.,Radoho.,wdpa,C,76,37,,https://www.protectedplanet.net/country/NGA | https://services9.arcgis.com/IkktFdUAcY3WrH25/arcgis/rest/services/WDPA_Terrestrial_Simplification50/FeatureServer/0,12.54,8.12
w36300,36300,Matanfada Forest Reserve,Forest Reserve,Kano,Kunchi,1771.0,,,,,Sub-national ministry or agency,,,sudan,,,,,,,,,wdpa,C,0,0,,,12.51,8.25
w36304,36304,Korama Kurumi Forest Reserve,Forest Reserve,Jigawa,Kazaure,2910.0,2909.6,,,,Sub-national ministry or agency,Jigawa State Forestry Department,,sudan,Sudan/Sahel savanna zone.,,,,,,WDPA-listed forest reserve; polygon centroid nearest town Kazaure.,Korama Kurumi.,wdpa,C,85,43,,https://www.protectedplanet.net/country/NGA | https://services9.arcgis.com/IkktFdUAcY3WrH25/arcgis/rest/services/WDPA_Terrestrial_Simplification50/FeatureServer/0,12.62,8.565
w300680,300680,Unnamed Forest Reserve (No.1),Forest Reserve,Sokoto,Tangaza,816.0,,,,,Sub-national ministry or agency,,,sahel,,,,,,,,,wdpa,C,0,0,,,13.55,4.968
w300681,300681,Unnamed Forest Reserve (No.2),Forest Reserve,Sokoto,Tangaza,1562.0,,,,,Sub-national ministry or agency,,,sudan,,,,,,,,,wdpa,C,0,0,,,13.385,5.005
w36305,36305,Roni East Forest Reserve,Forest Reserve,Jigawa,Gwiwa,470.0,470.1,,,,Sub-national ministry or agency,Jigawa State Forestry Department,,sudan,Sudan/Sahel savanna zone.,,,,,,WDPA-listed forest reserve; polygon centroid nearest town Roni.,Roni East.,wdpa,C,1,1,,https://www.protectedplanet.net/country/NGA | https://services9.arcgis.com/IkktFdUAcY3WrH25/arcgis/rest/services/WDPA_Terrestrial_Simplification50/FeatureServer/0,12.687,8.32
w300682,300682,Unnamed Forest Reserve (No.3),Forest Reserve,Sokoto,Tangaza,895.0,,,,,Sub-national ministry or agency,,,sudan,,,,,,,,,wdpa,C,0,0,,,13.22,5.072
w36306,36306,Fefeku Forest Reserve,Forest Reserve,Jigawa,Roni,983.0,982.6,,,,Sub-national ministry or agency,Jigawa State Forestry Department,,sudan,Sudan/Sahel savanna zone.,,,,,,WDPA-listed forest reserve; polygon centroid nearest town Roni.,Fefeku.,wdpa,C,0,0,,https://www.protectedplanet.net/country/NGA | https://services9.arcgis.com/IkktFdUAcY3WrH25/arcgis/rest/services/WDPA_Terrestrial_Simplification50/FeatureServer/0,12.65,8.24
w300684,300684,Unnamed Forest Reserve (No.5),Forest Reserve,Jigawa,Biriniwa,1166.0,,,,,Sub-national ministry or agency,,,sudan,,,,,,,,,wdpa,C,104,48,,,12.868,10.292
w300685,300685,Unnamed Forest Reserve (No.6),Forest Reserve,Yobe,Nguru,242.0,,,,,Sub-national ministry or agency,,,sudan,,,,,,,,,wdpa,C,38,8,,,12.883,10.435
w36307,36307,Werdawa Forest Reserve,Forest Reserve,Jigawa,Gwiwa,175.0,174.9,,,,Sub-national ministry or agency,Jigawa State Forestry Department,,sudan,Sudan/Sahel savanna zone.,,,,,,WDPA-listed forest reserve; polygon centroid nearest town Roni.,Werdawa.,wdpa,C,1,1,,https://www.protectedplanet.net/country/NGA | https://services9.arcgis.com/IkktFdUAcY3WrH25/arcgis/rest/services/WDPA_Terrestrial_Simplification50/FeatureServer/0,12.705,8.2
w300686,300686,Unnamed Forest Reserve (No.7),Forest Reserve,Jigawa,Babura,272.0,,,,,Sub-national ministry or agency,,,sudan,,,,,,,,,wdpa,C,0,0,,,12.768,9.037
w300697,300697,Unnamed Forest Reserve (No.18),Forest Reserve,Kano,Dawakin Tofa,99.0,,,,,Sub-national ministry or agency,,,sudan,,,,,,,,,wdpa,C,98,44,,,12.125,8.457
w36308,36308,Roni North Forest Reserve,Forest Reserve,Jigawa,Gwiwa,544.0,544.0,,,,Sub-national ministry or agency,Jigawa State Forestry Department,,sudan,Sudan/Sahel savanna zone.,,,,,,WDPA-listed forest reserve; polygon centroid nearest town Roni.,Roni North.,wdpa,C,0,0,,https://www.protectedplanet.net/country/NGA | https://services9.arcgis.com/IkktFdUAcY3WrH25/arcgis/rest/services/WDPA_Terrestrial_Simplification50/FeatureServer/0,12.703,8.252
w36309,36309,Gwiwa Korel Forest Reserve,Forest Reserve,Jigawa,Gwiwa,3711.0,3710.7,,,,Sub-national ministry or agency,Jigawa State Forestry Department,,sudan,Sudan/Sahel savanna zone.,,,,,,WDPA-listed forest reserve; polygon centroid nearest town Gwiwa.,Gwiwa Korel.,wdpa,C,86,39,,https://www.protectedplanet.net/country/NGA | https://services9.arcgis.com/IkktFdUAcY3WrH25/arcgis/rest/services/WDPA_Terrestrial_Simplification50/FeatureServer/0,12.788,8.322
w300687,300687,Unnamed Forest Reserve (No.8),Forest Reserve,Katsina,Charanchi,1398.0,,,,,Sub-national ministry or agency,,,sudan,,,,,,,,,wdpa,C,33,33,,,12.622,7.755
w36310,36310,Rade Forest Reserve,Forest Reserve,Katsina,Sandamu,1198.0,1197.9,,,,Sub-national ministry or agency,Katsina State Ministry of Environment (Forestry),,sudan,Sudan/Sahel savanna zone.,,,,,,WDPA-listed forest reserve; polygon centroid nearest town Sandamu.,Rade.,wdpa,C,,,,https://www.protectedplanet.net/country/NGA | https://services9.arcgis.com/IkktFdUAcY3WrH25/arcgis/rest/services/WDPA_Terrestrial_Simplification50/FeatureServer/0,12.904,8.318
w300688,300688,Unnamed Forest Reserve (No.9),Forest Reserve,Jigawa,Babura,207.0,,,,,Sub-national ministry or agency,,,sudan,,,,,,,,,wdpa,C,0,0,,,12.577,8.862
w36311,36311,Kaya Forest Reserve,Forest Reserve,Katsina,Daura,1624.0,1624.0,,,,Sub-national ministry or agency,Katsina State Ministry of Environment (Forestry),,sudan,Sudan/Sahel savanna zone.,,,,,,WDPA-listed forest reserve; polygon centroid nearest town Sandamu.,Kaya.,wdpa,C,119,42,,https://www.protectedplanet.net/country/NGA | https://services9.arcgis.com/IkktFdUAcY3WrH25/arcgis/rest/services/WDPA_Terrestrial_Simplification50/FeatureServer/0,12.95,8.266
w300690,300690,Unnamed Forest Reserve (No.11),Forest Reserve,Jigawa,Kaugama,93.0,,,,,Sub-national ministry or agency,,,sudan,,,,,,,,,wdpa,C,0,0,,,12.495,9.728
w36312,36312,Sandami Forest Reserve,Forest Reserve,Katsina,Sandamu,766.0,766.5,,,,Sub-national ministry or agency,Katsina State Ministry of Environment (Forestry),,sudan,Sudan/Sahel savanna zone.,,,,,,WDPA-listed forest reserve; polygon centroid nearest town Sandamu.,Sandami.,wdpa,C,91,42,,https://www.protectedplanet.net/country/NGA | https://services9.arcgis.com/IkktFdUAcY3WrH25/arcgis/rest/services/WDPA_Terrestrial_Simplification50/FeatureServer/0,12.973,8.367
w300691,300691,Unnamed Forest Reserve (No.12),Forest Reserve,Bauchi,Zaki,616.0,,,,,Sub-national ministry or agency,,,sudan,,,,,,,,,wdpa,C,1,1,,,12.415,10.488
w36313,36313,Kaibaki North Forest Reserve,Forest Reserve,Katsina,Sandamu,265.0,265.4,,,,Sub-national ministry or agency,Katsina State Ministry of Environment (Forestry),,sudan,Sudan/Sahel savanna zone.,,,,,,WDPA-listed forest reserve; polygon centroid nearest town Sandamu.,Kaibaki North.,wdpa,C,0,0,,https://www.protectedplanet.net/country/NGA | https://services9.arcgis.com/IkktFdUAcY3WrH25/arcgis/rest/services/WDPA_Terrestrial_Simplification50/FeatureServer/0,12.883,8.418
w300692,300692,Unnamed Forest Reserve (No.13),Forest Reserve,Jigawa,Auyo,172.0,,,,,Sub-national ministry or agency,,,sudan,,,,,,,,,wdpa,C,9,2,,,12.42,10.035
w36314,36314,Kaibaki South Forest Reserve,Forest Reserve,Katsina,Zango,2557.0,2557.2,,,,Sub-national ministry or agency,Jigawa State Forestry Department,,sudan,Sudan/Sahel savanna zone.,,,,,,WDPA-listed forest reserve; polygon centroid nearest town Karkarna.,Kaibaki South.,wdpa,C,50,25,,https://www.protectedplanet.net/country/NGA | https://services9.arcgis.com/IkktFdUAcY3WrH25/arcgis/rest/services/WDPA_Terrestrial_Simplification50/FeatureServer/0,12.859,8.475
w300693,300693,Unnamed Forest Reserve (No.14),Forest Reserve,Jigawa,Taura,594.0,,,,,Sub-national ministry or agency,,,sudan,,,,,,,,,wdpa,C,0,0,,,12.318,9.495
w36315,36315,Rogogo Forest Reserve,Forest Reserve,Katsina,Zango,448.0,447.9,,,,Sub-national ministry or agency,Jigawa State Forestry Department,,sudan,Sudan/Sahel savanna zone.,,,,,,WDPA-listed forest reserve; polygon centroid nearest town Karkarna.,Rogogo.,wdpa,C,108,48,,https://www.protectedplanet.net/country/NGA | https://services9.arcgis.com/IkktFdUAcY3WrH25/arcgis/rest/services/WDPA_Terrestrial_Simplification50/FeatureServer/0,12.857,8.543
w300694,300694,Unnamed Forest Reserve (No.15),Forest Reserve,Jigawa,Jahun,349.0,,,,,Sub-national ministry or agency,,,sudan,,,,,,,,,wdpa,C,0,0,,,12.158,9.48
w300695,300695,Unnamed Forest Reserve (No.16),Forest Reserve,Kano,Dawakin Tofa,193.0,,,,,Sub-national ministry or agency,,,sudan,,,,,,,,,wdpa,C,69,30,,,12.127,8.372
w36316,36316,Gwirta Forest Reserve,Forest Reserve,Jigawa,Yankwashi,1008.0,1008.0,,,,Sub-national ministry or agency,Jigawa State Forestry Department,,sudan,Sudan/Sahel savanna zone.,,,,,,WDPA-listed forest reserve; polygon centroid nearest town Karkarna.,Gwirta.,wdpa,C,1,1,,https://www.protectedplanet.net/country/NGA | https://services9.arcgis.com/IkktFdUAcY3WrH25/arcgis/rest/services/WDPA_Terrestrial_Simplification50/FeatureServer/0,12.818,8.508
w36317,36317,Maribara Forest Reserve,Forest Reserve,Katsina,Baure,249.0,249.4,,,,Sub-national ministry or agency,Jigawa State Forestry Department,,sudan,Sudan/Sahel savanna zone.,,,,,,WDPA-listed forest reserve; polygon centroid nearest town Karkarna.,Maribara.,wdpa,C,0,0,,https://www.protectedplanet.net/country/NGA | https://services9.arcgis.com/IkktFdUAcY3WrH25/arcgis/rest/services/WDPA_Terrestrial_Simplification50/FeatureServer/0,12.832,8.577
w300696,300696,Unnamed Forest Reserve (No.17),Forest Reserve,Kano,Dawakin Tofa,78.0,,,,,Sub-national ministry or agency,,,sudan,,,,,,,,,wdpa,C,4,1,,,12.133,8.415
w36322,36322,Dankaiwa Forest Reserve,Forest Reserve,Sokoto,Rabah,57928.0,57928.1,,,,Sub-national ministry or agency,Zamfara State Ministry of Environment (Forestry),,sudan,Sudan/Sahel savanna zone.,,,,,,WDPA-listed forest reserve; polygon centroid nearest town Bakura.,Dankaiwa.,wdpa,B,14,3,,https://www.protectedplanet.net/country/NGA | https://services9.arcgis.com/IkktFdUAcY3WrH25/arcgis/rest/services/WDPA_Terrestrial_Simplification50/FeatureServer/0,12.835,5.967
w300699,300699,Unnamed Forest Reserve (No.19),Forest Reserve,Jigawa,Kafin Hausa,232.0,,,,,Sub-national ministry or agency,,,sudan,,,,,,,,,wdpa,C,48,24,,,12.105,10.13
w36323,36323,Maradun Forest Reserve,Forest Reserve,Zamfara,Maradun,35654.0,35653.8,,,,Sub-national ministry or agency,Zamfara State Ministry of Environment (Forestry),,sudan,Sudan/Sahel savanna zone.,,,,,,WDPA-listed forest reserve; polygon centroid nearest town Moriki.,Maradun.,wdpa,B,0,0,,https://www.protectedplanet.net/country/NGA | https://services9.arcgis.com/IkktFdUAcY3WrH25/arcgis/rest/services/WDPA_Terrestrial_Simplification50/FeatureServer/0,12.898,6.31
w300700,300700,Unnamed Forest Reserve (No.20),Forest Reserve,Bauchi,Itas/Gadau,504.0,,,,,Sub-national ministry or agency,,,sudan,,,,,,,,,wdpa,C,0,0,,,11.998,10.107
w300701,300701,Unnamed Forest Reserve (No.21),Forest Reserve,Bauchi,Itas/Gadau,2354.0,,,,,Sub-national ministry or agency,,,sudan,,,,,,,,,wdpa,C,68,33,,,11.908,10.043
w36324,36324,Illela Forest Reserve,Forest Reserve,Zamfara,Maradun,31822.0,31822.0,,,,Sub-national ministry or agency,Zamfara State Ministry of Environment (Forestry),,sudan,Sudan/Sahel savanna zone.,,,,,,WDPA-listed forest reserve; polygon centroid nearest town Kaura Namoda.,Illela.,wdpa,B,0,0,,https://www.protectedplanet.net/country/NGA | https://services9.arcgis.com/IkktFdUAcY3WrH25/arcgis/rest/services/WDPA_Terrestrial_Simplification50/FeatureServer/0,12.598,6.399
w36325,36325,Kanoma Gabiya Forest Reserve,Forest Reserve,Zamfara,Maru,7512.0,7511.6,,,,Sub-national ministry or agency,Zamfara State Ministry of Environment (Forestry),,sudan,Sudan savanna zone.,,,,,,WDPA-listed forest reserve; polygon centroid nearest town Maru.,Kanoma Gabiya.,wdpa,B,4,4,,https://www.protectedplanet.net/country/NGA | https://services9.arcgis.com/IkktFdUAcY3WrH25/arcgis/rest/services/WDPA_Terrestrial_Simplification50/FeatureServer/0,12.17,6.263
w300702,300702,Unnamed Forest Reserve (No.22),Forest Reserve,Yobe,Damaturu,15598.0,,,,,Sub-national ministry or agency,,,sudan,,,,,,,,,wdpa,C,123,66,,,11.796,11.845
w36402,36402,Kyarana Forest Reserve,Forest Reserve,Kano,Kiru,370.0,370.0,,,,Sub-national ministry or agency,Kano State Forestry Department,,sudan,Sudan savanna zone.,,,,,,WDPA-listed forest reserve; polygon centroid nearest town Kiru.,Kyarana.,wdpa,C,40,39,,https://www.protectedplanet.net/country/NGA | https://services9.arcgis.com/IkktFdUAcY3WrH25/arcgis/rest/services/WDPA_Terrestrial_Simplification50/FeatureServer/0,11.617,8.128
w300703,300703,Unnamed Forest Reserve (No.23),Forest Reserve,Borno,Maiduguri,823.0,,,,,Sub-national ministry or agency,,,sudan,,,,,,,,,wdpa,C,113,57,,,11.792,13.114
w36326,36326,East Anka Forest Reserve,Forest Reserve,Zamfara,Anka,32847.0,32846.5,,,,Sub-national ministry or agency,Zamfara State Ministry of Environment (Forestry),,sudan,Sudan savanna zone.,,,,,,WDPA-listed forest reserve; polygon centroid nearest town Anka.,East Anka.,wdpa,B,0,0,,https://www.protectedplanet.net/country/NGA | https://services9.arcgis.com/IkktFdUAcY3WrH25/arcgis/rest/services/WDPA_Terrestrial_Simplification50/FeatureServer/0,11.852,6.225
w300704,300704,Unnamed Forest Reserve (No.24),Forest Reserve,Bauchi,Dambam,217.0,,,,,Sub-national ministry or agency,,,sudan,,,,,,,,,wdpa,C,0,0,,,11.755,10.888
w36327,36327,Kurmayai Forest Reserve,Forest Reserve,Katsina,Batsari,1292.0,1292.0,,,,Sub-national ministry or agency,Katsina State Ministry of Environment (Forestry),,sudan,Sudan/Sahel savanna zone.,,,,,,WDPA-listed forest reserve; polygon centroid nearest town Ruma.,Kurmayai.,wdpa,C,0,0,,https://www.protectedplanet.net/country/NGA | https://services9.arcgis.com/IkktFdUAcY3WrH25/arcgis/rest/services/WDPA_Terrestrial_Simplification50/FeatureServer/0,12.88,7.387
w300705,300705,Unnamed Forest Reserve (No.25),Forest Reserve,Yobe,Damaturu,4351.0,,,,,Sub-national ministry or agency,,,sudan,,,,,,,,,wdpa,C,387,104,,,11.712,11.926
w36328,36328,Yan Tumaki Forest Reserve,Forest Reserve,Katsina,Dan Musa,13812.0,13811.7,,,,Sub-national ministry or agency,Katsina State Ministry of Environment (Forestry),,sudan,Sudan savanna zone.,,,,,,WDPA-listed forest reserve; polygon centroid nearest town Dan Musa.,Yan Tumaki.,wdpa,B,15,5,,https://www.protectedplanet.net/country/NGA | https://services9.arcgis.com/IkktFdUAcY3WrH25/arcgis/rest/services/WDPA_Terrestrial_Simplification50/FeatureServer/0,12.224,7.453
w36329,36329,Tudun Mani Forest Reserve,Forest Reserve,Katsina,Kankara,2832.0,2831.9,,,,Sub-national ministry or agency,Katsina State Ministry of Environment (Forestry),,sudan,Sudan savanna zone.,,,,,,WDPA-listed forest reserve; polygon centroid nearest town Kankara.,Tudun Mani.,wdpa,C,0,0,,https://www.protectedplanet.net/country/NGA | https://services9.arcgis.com/IkktFdUAcY3WrH25/arcgis/rest/services/WDPA_Terrestrial_Simplification50/FeatureServer/0,11.972,7.296
w300706,300706,Unnamed Forest Reserve (No.26),Forest Reserve,Bauchi,Dambam,187.0,,,,,Sub-national ministry or agency,,,sudan,,,,,,,,,wdpa,C,66,52,,,11.707,10.885
w36348,36348,Gayi Forest Reserve,Forest Reserve,Kebbi,Kalgo,8115.0,8115.5,,,,Sub-national ministry or agency,Kebbi State Forestry Department,,sudan,Sudan savanna zone.,,,,,,WDPA-listed forest reserve; polygon centroid nearest town Kalgo.,Gayi.,wdpa,B,3,1,,https://www.protectedplanet.net/country/NGA | https://services9.arcgis.com/IkktFdUAcY3WrH25/arcgis/rest/services/WDPA_Terrestrial_Simplification50/FeatureServer/0,12.376,4.121
w300709,300709,Unnamed Forest Reserve (No.29),Forest Reserve,Kano,Bunkure,1032.0,,,,,Sub-national ministry or agency,,,sudan,,,,,,,,,wdpa,C,30,8,,,11.67,8.473
w36330,36330,Ruma Forest Reserve,Forest Reserve,Katsina,Dan Musa,81221.0,81220.9,,,,Sub-national ministry or agency,Katsina State Ministry of Environment (Forestry),,sudan,Sudan savanna zone.,,,,,Insecurity/banditry,"Ruma(-Kukar Jangarai) reserves in Safana area are part of the insecure Rugu forest belt. Cited in the literature as the Ruma-Kukar Jangarai Forest Reserve (Katsina), described as a security threat to Safana LGA (reference title in Ladan & Saulawa 2022).",Ruma.,wdpa,B,60,52,,https://link.springer.com/10.1007/978-981-19-5478-8_5 | https://www.protectedplanet.net/country/NGA,12.402,7.134
w300710,300710,Kwaimbana Forest Reserve,Forest Reserve,Zamfara,Maru,260307.0,,,,,Sub-national ministry or agency,,,sudan,,,African elephant (Kamuku and Kwiambana Game Reserves jointly held about 80 elephants in a 1993 estimate),,,"Indiscriminate vegetation destruction; long-standing hideout for bandits, kidnappers and cattle rustlers (the Kamuku/Kuyambana forest complex spanning Kaduna, Katsina, Zamfara and Niger states).","Contains the ruins of the ancient walled settlement of Kwiambana on a granite inselberg (destroyed during the early-19th-century Fulani jihad), submitted to UNESCO's Tentative List in 1995. The Kwiambana Game Reserve lies adjacent to the north-west of Kamuku National Park; the AfESG treated Kamuku and Kwiambana Game Reserves together (3,730 km2) in its 1995 report.",,wdpa,A,86,48,,https://en.wikipedia.org/wiki/Kwiambana | https://en.wikipedia.org/wiki/Kamuku_National_Park | https://africanelephantdatabase.org/report/1995/Africa/West_Africa/Nigeria/19 | https://fjs.fudutsinma.edu.ng/index.php/fjs/article/download/1276/954 | https://blueprint.ng/kamuku-kuyambana-forests-den-of-kidnappers/,11.198,6.549
w36331,36331,Kukar Jangarai Forest Reserve,Forest Reserve,Katsina,Safana,32788.0,32788.2,,,,Sub-national ministry or agency,Katsina State Ministry of Environment (Forestry),,sudan,Sudan savanna zone.,,,,,Insecurity/banditry,"Ruma–Kukar Jangarai FR (Safana LGA) reported as a security threat and suffering species loss. Cited in the literature together with Ruma as the Ruma-Kukar Jangarai Forest Reserve (Katsina), described as a security threat to Safana LGA (reference title in Ladan & Saulawa 2022).",Kukar Jangara.,wdpa,B,,,,https://link.springer.com/10.1007/978-981-19-5478-8_5 | https://www.protectedplanet.net/country/NGA,12.461,7.23
w36332,36332,Shimfida Forest Reserve,Forest Reserve,Katsina,Jibia,645.0,645.0,,,,Sub-national ministry or agency,Katsina State Ministry of Environment (Forestry),,sudan,Sudan/Sahel savanna zone.,,,,,,WDPA-listed forest reserve; polygon centroid nearest town Ruma.,Shimfida.,wdpa,C,0,0,,https://www.protectedplanet.net/country/NGA | https://services9.arcgis.com/IkktFdUAcY3WrH25/arcgis/rest/services/WDPA_Terrestrial_Simplification50/FeatureServer/0,12.83,7.115
w36338,36338,Dogwandaji Forest Reserve,Forest Reserve,Sokoto,Tambuwal,36114.0,36113.7,,,,Sub-national ministry or agency,Zamfara State Ministry of Environment (Forestry),,sudan,Sudan savanna zone.,,,,,,WDPA-listed forest reserve; polygon centroid nearest town Gummi. State assigned from nearest town (Gummi); near Zamfara–Sokoto–Kebbi borders.,Dogwandaji.,wdpa,B,,,,https://www.protectedplanet.net/country/NGA | https://services9.arcgis.com/IkktFdUAcY3WrH25/arcgis/rest/services/WDPA_Terrestrial_Simplification50/FeatureServer/0,12.292,4.918
w300711,300711,Unnamed Forest Reserve (No.30),Forest Reserve,Bauchi,Jama'Are,382.0,,,,,Sub-national ministry or agency,,,sudan,,,,,,,,,wdpa,C,0,0,,,11.658,9.93
w36333,36333,Rakuma Forest Reserve,Forest Reserve,Zamfara,Bakura,22135.0,22134.9,,,,Sub-national ministry or agency,Zamfara State Ministry of Environment (Forestry),,sudan,Sudan savanna zone.,,,,,,WDPA-listed forest reserve; polygon centroid nearest town Talata Mafara.,Rakuma.,wdpa,B,275,70,,https://www.protectedplanet.net/country/NGA | https://services9.arcgis.com/IkktFdUAcY3WrH25/arcgis/rest/services/WDPA_Terrestrial_Simplification50/FeatureServer/0,12.487,5.88
w300712,300712,Unnamed Forest Reserve (No.31),Forest Reserve,Bauchi,Katagum,977.0,,,,,Sub-national ministry or agency,,,sudan,,,,,,,,,wdpa,C,85,40,,,11.632,10.105
w36334,36334,Mohono Forest Reserve,Forest Reserve,Kebbi,Gwandu,10270.0,10270.0,,,,Sub-national ministry or agency,Kebbi State Forestry Department,,sudan,Sudan/Sahel savanna zone.,,,,,,WDPA-listed forest reserve; polygon centroid nearest town Gwandu.,Mohono.,wdpa,B,6,5,,https://www.protectedplanet.net/country/NGA | https://services9.arcgis.com/IkktFdUAcY3WrH25/arcgis/rest/services/WDPA_Terrestrial_Simplification50/FeatureServer/0,12.521,4.539
w36335,36335,Gijia Forest Reserve,Forest Reserve,Kebbi,Argungu,6069.0,6068.8,,,,Sub-national ministry or agency,Kebbi State Forestry Department,,sudan,Sudan/Sahel savanna zone.,,,,,,WDPA-listed forest reserve; polygon centroid nearest town Argungu.,Gijia.,wdpa,B,9,6,,https://www.protectedplanet.net/country/NGA | https://services9.arcgis.com/IkktFdUAcY3WrH25/arcgis/rest/services/WDPA_Terrestrial_Simplification50/FeatureServer/0,12.678,4.693
w36336,36336,Belare Forest Reserve,Forest Reserve,Kebbi,Gwandu,13770.0,13769.8,,,,Sub-national ministry or agency,Kebbi State Forestry Department,,sudan,Sudan/Sahel savanna zone.,,,,,,WDPA-listed forest reserve; polygon centroid nearest town Gwandu.,Belare.,wdpa,B,58,27,,https://www.protectedplanet.net/country/NGA | https://services9.arcgis.com/IkktFdUAcY3WrH25/arcgis/rest/services/WDPA_Terrestrial_Simplification50/FeatureServer/0,12.601,4.727
w300713,300713,Unnamed Forest Reserve (No.32),Forest Reserve,Katsina,Faskari,532.0,,,,,Sub-national ministry or agency,,,sudan,,,,,,,,,wdpa,C,5,4,,,11.632,7.15
w36337,36337,Sainyinan Forest Reserve,Forest Reserve,Sokoto,Tambuwal,7206.0,7205.9,,,,Sub-national ministry or agency,Sokoto State Forestry Department,,sudan,Sudan/Sahel savanna zone.,,,,,,WDPA-listed forest reserve; polygon centroid nearest town Shagari.,Sainyinan.,wdpa,B,43,21,,https://www.protectedplanet.net/country/NGA | https://services9.arcgis.com/IkktFdUAcY3WrH25/arcgis/rest/services/WDPA_Terrestrial_Simplification50/FeatureServer/0,12.645,4.785
w300714,300714,Unnamed Forest Reserve (No.33),Forest Reserve,Bauchi,Katagum,144.0,,,,,Sub-national ministry or agency,,,sudan,,,,,,,,,wdpa,C,63,32,,,11.643,10.223
w36364,36364,Kwankiro Forest Reserve,Forest Reserve,Katsina,Faskari,448.0,448.3,,,,Sub-national ministry or agency,Katsina State Ministry of Environment (Forestry),,sudan,Sudan savanna zone.,,,,,,WDPA-listed forest reserve; polygon centroid nearest town Faskari.,Kwankiro.,wdpa,C,0,0,,https://www.protectedplanet.net/country/NGA | https://services9.arcgis.com/IkktFdUAcY3WrH25/arcgis/rest/services/WDPA_Terrestrial_Simplification50/FeatureServer/0,11.682,7.165
w300715,300715,Unnamed Forest Reserve (No.34),Forest Reserve,Katsina,Kafur,267.0,,,,,Sub-national ministry or agency,,,sudan,,,,,,,,,wdpa,C,26,26,,,11.46,7.552
w300716,300716,Unnamed Forest Reserve (No.35),Forest Reserve,Borno,Bama,1782.0,,,,,Sub-national ministry or agency,,,sudan,,,,,,,,,wdpa,C,0,0,,,11.422,13.712
w36339,36339,Mallamji Forest Reserve,Forest Reserve,Sokoto,Shagari,84763.0,84762.9,,,,Sub-national ministry or agency,Sokoto State Forestry Department,,sudan,Sudan savanna zone.,,,,,,WDPA-listed forest reserve; polygon centroid nearest town Shagari.,Mallamji.,wdpa,B,10,9,,https://www.protectedplanet.net/country/NGA | https://services9.arcgis.com/IkktFdUAcY3WrH25/arcgis/rest/services/WDPA_Terrestrial_Simplification50/FeatureServer/0,12.478,5.249
w300717,300717,Unnamed Forest Reserve (No.36),Forest Reserve,Katsina,Danja,588.0,,,,,Sub-national ministry or agency,,,sudan,,,,,,,,,wdpa,C,0,0,,,11.387,7.665
w36340,36340,Dabaga Forest Reserve,Forest Reserve,Sokoto,Dange Shuni,11428.0,11427.7,,,,Sub-national ministry or agency,Sokoto State Forestry Department,,sudan,Sudan/Sahel savanna zone.,,,,,,WDPA-listed forest reserve; polygon centroid nearest town Dange.,Dabaga.,wdpa,B,114,45,,https://www.protectedplanet.net/country/NGA | https://services9.arcgis.com/IkktFdUAcY3WrH25/arcgis/rest/services/WDPA_Terrestrial_Simplification50/FeatureServer/0,12.739,5.413
w36341,36341,Sangiwa Forest Reserve,Forest Reserve,Sokoto,Dange Shuni,45671.0,45670.6,,,,Sub-national ministry or agency,Sokoto State Forestry Department,,sudan,Sudan/Sahel savanna zone.,,,,,,WDPA-listed forest reserve; polygon centroid nearest town Tureta.,Sangiwa.,wdpa,B,21,13,,https://www.protectedplanet.net/country/NGA | https://services9.arcgis.com/IkktFdUAcY3WrH25/arcgis/rest/services/WDPA_Terrestrial_Simplification50/FeatureServer/0,12.766,5.629
w300719,300719,Sambisa Forest Reserve,Forest Reserve,Borno,Gwoza,16531.0,51800,,1958,,Sub-national ministry or agency,,,sudan,"Sudan-Guinea savanna: mostly Sudan-zone thorn-tree savanna with Northern Guinea broad-leaved savanna in the south; open woodland and dense thorny bush, becoming more Sahelian where disturbed","Acacia senegal, Acacia polyacantha, Combretum glutinosum, Adansonia digitata, Tamarindus indica, Anogeissus leiocarpus, Balanites aegyptiaca, Prosopis africana, Detarium macrocarpum, Vitex doniana, Diospyros mespiliformis, Piliostigma thonningii, Dalbergia melanoxylon, Commiphora africana","Historically: African elephant, leopard, lion, hyena, baboon, roan antelope, red-fronted gazelle, oribi, waterbuck, warthog, hartebeest; 62 bird species incl. bateleur, secretarybird, Arabian bustard. Thought to be Nigeria's last ostrich site",,"Safari tourism with lodges and cabins operated from the 1970s. These were destroyed after insurgents took over the forest in 2013, and the area is currently inaccessible.",Armed conflict and military bombardment; fuelwood felling and charcoal burning; farm clearing and settlement; livestock grazing; poaching including elephants; over-fishing with chemicals,"The reserve was gazetted in 1958 and re-gazetted as a National Game Reserve in 1977. Boko Haram has used it as a base since 2013, and ISWAP has controlled it since May 2021. A July 2006 aerial count found no live elephants, only a few antelopes, and about 21,400 cattle with 203 settlements. Sources differ on the area: the game reserve is often given as 518 km², the KBA as 688.71 km², and the atlas polygon as 165 km².",,wdpa,A,23,20,,https://en.wikipedia.org/wiki/Sambisa_Forest | https://www.keybiodiversityareas.org/site/factsheet/6757 | https://www.environmentandsociety.org/arcadia/once-upon-game-reserve-sambisa-and-tragedy-forested-landscape | https://cites.org/sites/default/files/common/prog/mike/survey/0607_FW_AT_Survey_Sambisa_big.pdf,11.29,13.456
w300720,300720,Kasanu Forest Reserve,Forest Reserve,Kebbi,Ngaski,25395.0,25395.3,,,,Sub-national ministry or agency,Kebbi State Forestry Department,,nguinea,Northern Guinea savanna zone.,,,,,,WDPA-listed forest reserve; polygon centroid nearest town Duku. Near Kebbi–Niger border (Yauri area); state uncertain.,Kasanu.,wdpa,B,1,1,,https://www.protectedplanet.net/country/NGA | https://services9.arcgis.com/IkktFdUAcY3WrH25/arcgis/rest/services/WDPA_Terrestrial_Simplification50/FeatureServer/0,11.005,4.975
w36370,36370,Giwa (North) Forest Reserve,Forest Reserve,Kaduna,Giwa,267.0,266.8,,,,Sub-national ministry or agency,Kaduna State Forestry Department,,sudan,Sudan savanna zone.,,,,,,WDPA-listed forest reserve; polygon centroid nearest town Sabuwa. Listed as 'Giwa' in Kaduna State Forestry Law 2019 schedule.,Giwa (North).,wdpa,C,1,0,,https://www.protectedplanet.net/country/NGA | https://services9.arcgis.com/IkktFdUAcY3WrH25/arcgis/rest/services/WDPA_Terrestrial_Simplification50/FeatureServer/0,11.185,7.29
w36485,36485,Garko Meri Forest Reserve,Forest Reserve,Gombe,Akko,390.0,,,,,Sub-national ministry or agency,,,nguinea,,,,,,,,,wdpa,C,0,0,,,10.215,11.158
w36342,36342,Bakura Tureta Forest Reserve,Forest Reserve,Zamfara,Bakura,60807.0,60807.2,,,,Sub-national ministry or agency,Sokoto State Forestry Department,,sudan,Sudan/Sahel savanna zone.,,,,,,WDPA-listed forest reserve; polygon centroid nearest town Tureta. Name suggests it spans Bakura (Zamfara) and Tureta (Sokoto) areas.,Bakura Tureta.,wdpa,B,294,79,,https://www.protectedplanet.net/country/NGA | https://services9.arcgis.com/IkktFdUAcY3WrH25/arcgis/rest/services/WDPA_Terrestrial_Simplification50/FeatureServer/0,12.567,5.73
w300723,300723,Unnamed Forest Reserve (No.37),Forest Reserve,Borno,Hawul,8279.0,,,,,Sub-national ministry or agency,,,nguinea,,,,,,,,,wdpa,C,0,0,,,10.463,12.521
w36343,36343,Kawara Forest Reserve,Forest Reserve,Sokoto,Tureta,44643.0,44643.3,,,,Sub-national ministry or agency,Sokoto State Forestry Department,,sudan,Sudan savanna zone.,,,,,,WDPA-listed forest reserve; polygon centroid nearest town Tureta. State assigned from nearest town (Tureta); near Sokoto–Zamfara border.,Kawara.,wdpa,B,140,42,,https://www.protectedplanet.net/country/NGA | https://services9.arcgis.com/IkktFdUAcY3WrH25/arcgis/rest/services/WDPA_Terrestrial_Simplification50/FeatureServer/0,12.452,5.556
w36344,36344,Damri Forest Reserve,Forest Reserve,Sokoto,Tureta,17259.0,17259.4,,,,Sub-national ministry or agency,Zamfara State Ministry of Environment (Forestry),,sudan,Sudan savanna zone.,,,,,,WDPA-listed forest reserve; polygon centroid nearest town Tureta. Damri is a town in Bakura LGA.,Damri.,wdpa,B,0,0,,https://www.protectedplanet.net/country/NGA | https://services9.arcgis.com/IkktFdUAcY3WrH25/arcgis/rest/services/WDPA_Terrestrial_Simplification50/FeatureServer/0,12.402,5.737
w300724,300724,Unnamed Forest Reserve (No.38),Forest Reserve,Borno,Hawul,861.0,,,,,Sub-national ministry or agency,,,nguinea,,,,,,,,,wdpa,C,0,0,,,10.505,12.157
w36347,36347,Bagga Forest Reserve,Forest Reserve,Kebbi,Birnin Kebbi,9556.0,9555.8,,,,Sub-national ministry or agency,Kebbi State Forestry Department,,sudan,Sudan/Sahel savanna zone.,,,,,,WDPA-listed forest reserve; polygon centroid nearest town Birnin Kebbi.,Bagga.,wdpa,B,29,14,,https://www.protectedplanet.net/country/NGA | https://services9.arcgis.com/IkktFdUAcY3WrH25/arcgis/rest/services/WDPA_Terrestrial_Simplification50/FeatureServer/0,12.607,4.125
w300725,300725,Unnamed Forest Reserve (No.39),Forest Reserve,Borno,Hawul,1175.0,,,,,Sub-national ministry or agency,,,nguinea,,,,,,,,,wdpa,C,45,41,,,10.453,12.058
w36345,36345,Gulbin Ka Forest Reserve,Forest Reserve,Zamfara,Gummi,201383.0,201382.7,,,,Sub-national ministry or agency,Kebbi State Forestry Department,,sudan,Sudan savanna zone.,,,,,,WDPA-listed forest reserve; polygon centroid nearest town Mahuta. Large reserve along the Ka river near the Kebbi–Sokoto boundary; exact state split unverified.,Gulbin Ka.,wdpa,B,49,13,,https://www.protectedplanet.net/country/NGA | https://services9.arcgis.com/IkktFdUAcY3WrH25/arcgis/rest/services/WDPA_Terrestrial_Simplification50/FeatureServer/0,11.844,5.006
w300728,300728,Unnamed Forest Reserve (No.40),Forest Reserve,Bauchi,Kirfi,524.0,,,,,Sub-national ministry or agency,,,nguinea,,,,,,,,,wdpa,C,2,1,,,10.328,10.658
w36346,36346,Wasaini Forest Reserve,Forest Reserve,Kebbi,Argungu,15439.0,15438.6,,,,Sub-national ministry or agency,Kebbi State Forestry Department,,sudan,Sudan/Sahel savanna zone.,,,,,,WDPA-listed forest reserve; polygon centroid nearest town Gulma.,Wasaini.,wdpa,B,84,34,,https://www.protectedplanet.net/country/NGA | https://services9.arcgis.com/IkktFdUAcY3WrH25/arcgis/rest/services/WDPA_Terrestrial_Simplification50/FeatureServer/0,12.686,4.268
w300752,300752,Unnamed Forest Reserve (No.50),Forest Reserve,Kaduna,Zangon Kataf,250.0,,,,,Sub-national ministry or agency,,,nguinea,,,,,,,,,wdpa,C,1,1,,,9.805,8.233
w36349,36349,Dende Forest Reserve,Forest Reserve,Kebbi,Dandi,34358.0,34357.8,,,,Sub-national ministry or agency,Kebbi State Forestry Department,,sudan,Sudan savanna zone.,,,,,,WDPA-listed forest reserve; polygon centroid nearest town Kamba.,Dende.,wdpa,B,0,0,,https://www.protectedplanet.net/country/NGA | https://services9.arcgis.com/IkktFdUAcY3WrH25/arcgis/rest/services/WDPA_Terrestrial_Simplification50/FeatureServer/0,12.044,3.768
w300732,300732,Dokin Forest Reserve,Forest Reserve,Kaduna,Kajuru,3667.0,3666.9,,,,Sub-national ministry or agency,Kaduna State Forestry Department,,nguinea,Northern Guinea savanna zone.,,,,,,WDPA-listed forest reserve; polygon centroid nearest town Kajuru.,Dokin.,wdpa,C,29,28,,https://www.protectedplanet.net/country/NGA | https://services9.arcgis.com/IkktFdUAcY3WrH25/arcgis/rest/services/WDPA_Terrestrial_Simplification50/FeatureServer/0,10.185,7.897
w36350,36350,Kwari Kwasa Forest Reserve,Forest Reserve,Kebbi,Maiyama,13196.0,13195.7,,,,Sub-national ministry or agency,Kebbi State Forestry Department,,sudan,Sudan savanna zone.,,,,,,WDPA-listed forest reserve; polygon centroid nearest town Maiyama.,Kwari Kwasa.,wdpa,B,5,4,,https://www.protectedplanet.net/country/NGA | https://services9.arcgis.com/IkktFdUAcY3WrH25/arcgis/rest/services/WDPA_Terrestrial_Simplification50/FeatureServer/0,11.859,4.488
w300733,300733,Unnamed Forest Reserve (No.41),Forest Reserve,Kaduna,Lere,426.0,,,,,Sub-national ministry or agency,,,nguinea,,,,,,,,,wdpa,C,0,0,,,10.068,8.575
w36351,36351,Giru Forest Reserve,Forest Reserve,Kebbi,Maiyama,15910.0,15910.5,,,,Sub-national ministry or agency,Kebbi State Forestry Department,,sudan,Sudan savanna zone.,,,,,,WDPA-listed forest reserve; polygon centroid nearest town Maiyama.,Giru.,wdpa,B,101,45,,https://www.protectedplanet.net/country/NGA | https://services9.arcgis.com/IkktFdUAcY3WrH25/arcgis/rest/services/WDPA_Terrestrial_Simplification50/FeatureServer/0,11.817,4.329
w300734,300734,Unnamed Forest Reserve (No.42),Forest Reserve,Kaduna,Lere,601.0,,,,,Sub-national ministry or agency,,,nguinea,,,,,,,,,wdpa,C,0,0,,,10.063,8.54
w36352,36352,Illoka'oje Forest Reserve,Forest Reserve,Kebbi,Bagudu,57277.0,57277.5,,,,Sub-national ministry or agency,Kebbi State Forestry Department,,sudan,Sudan savanna zone.,,,,,,WDPA-listed forest reserve; polygon centroid nearest town Bagudo.,Illoka'oje.,wdpa,B,2,1,,https://www.protectedplanet.net/country/NGA | https://services9.arcgis.com/IkktFdUAcY3WrH25/arcgis/rest/services/WDPA_Terrestrial_Simplification50/FeatureServer/0,11.31,3.855
w300736,300736,Unnamed Forest Reserve (No.43),Forest Reserve,Kaduna,Kachia,9195.0,,,,,Sub-national ministry or agency,,,nguinea,,,,,,,,,wdpa,C,472,205,,,9.989,7.99
w36353,36353,Zuguskwak Forest Reserve,Forest Reserve,Kebbi,Fakai,579.0,578.8,,,,Sub-national ministry or agency,Kebbi State Forestry Department,,sudan,Sudan savanna zone.,,,,,,WDPA-listed forest reserve; polygon centroid nearest town Mahuta. Zuru emirate area; near Kebbi–Niger border.,Zuguskwak.,wdpa,C,1,1,,https://www.protectedplanet.net/country/NGA | https://services9.arcgis.com/IkktFdUAcY3WrH25/arcgis/rest/services/WDPA_Terrestrial_Simplification50/FeatureServer/0,11.55,4.9
w300757,300757,Unnamed Forest Reserve (No.51),Forest Reserve,Niger,Paikoro,153.0,,,,,Sub-national ministry or agency,,,nguinea,,,,,,,,,wdpa,C,1,1,,,9.682,7.235
w36354,36354,Dabamsame Forest Reserve,Forest Reserve,Niger,Rijau,2231.0,2231.5,,,,Sub-national ministry or agency,Kebbi State Forestry Department,,sudan,Sudan savanna zone.,,,,,,WDPA-listed forest reserve; polygon centroid nearest town Rijau. Near Kebbi–Niger border (Zuru/Rijau area); state uncertain.,Dabamsame.,wdpa,C,0,0,,https://www.protectedplanet.net/country/NGA | https://services9.arcgis.com/IkktFdUAcY3WrH25/arcgis/rest/services/WDPA_Terrestrial_Simplification50/FeatureServer/0,11.132,5.158
w36371,36371,Idasu Forest Reserve,Forest Reserve,Kaduna,Giwa,1062.0,1062.4,,,,Sub-national ministry or agency,Kaduna State Forestry Department,,sudan,Sudan savanna zone.,,,,,,WDPA-listed forest reserve; polygon centroid nearest town Sabuwa. Probably the 'Dasu' reserve in the Kaduna State Forestry Law 2019 schedule.,Idasu.,wdpa,C,2,1,,https://www.protectedplanet.net/country/NGA | https://services9.arcgis.com/IkktFdUAcY3WrH25/arcgis/rest/services/WDPA_Terrestrial_Simplification50/FeatureServer/0,11.155,7.25
w300758,300758,Unnamed Forest Reserve (No.52),Forest Reserve,Niger,Munya,73.0,,,,,Sub-national ministry or agency,,,nguinea,,,,,,,,,wdpa,C,0,0,,,9.672,7.18
w36356,36356,Wasagu Sakaba Forest Reserve,Forest Reserve,Kebbi,Wasagu-Danko,46681.0,46681.0,,,,Sub-national ministry or agency,Kebbi State Forestry Department,,sudan,Sudan savanna zone.,,,,,,WDPA-listed forest reserve; polygon centroid nearest town Wasagu.,Wasagu Sakaba.,wdpa,B,0,0,,https://www.protectedplanet.net/country/NGA | https://services9.arcgis.com/IkktFdUAcY3WrH25/arcgis/rest/services/WDPA_Terrestrial_Simplification50/FeatureServer/0,11.25,5.698
w36357,36357,West Anka Forest Reserve,Forest Reserve,Zamfara,Anka,38302.0,38302.4,,,,Sub-national ministry or agency,Zamfara State Ministry of Environment (Forestry),,sudan,Sudan savanna zone.,,,,,,WDPA-listed forest reserve; polygon centroid nearest town Anka.,West Anka.,wdpa,B,0,0,,https://www.protectedplanet.net/country/NGA | https://services9.arcgis.com/IkktFdUAcY3WrH25/arcgis/rest/services/WDPA_Terrestrial_Simplification50/FeatureServer/0,11.734,5.944
w300737,300737,Jarawa Hill Forest Reserve,Forest Reserve,Plateau,Jos East,18691.0,,,,,Sub-national ministry or agency,,,jos,,,,,,,,,wdpa,C,597,113,,,9.901,9.177
w300740,300740,Unnamed Forest Reserve (No.44),Forest Reserve,Plateau,Bassa,1015.0,,,,,Sub-national ministry or agency,,,jos,,,,,,,,,wdpa,C,208,70,,,9.957,8.81
w300742,300742,Unnamed Forest Reserve (No.45),Forest Reserve,Kaduna,Kauru,1744.0,,,,,Sub-national ministry or agency,,,nguinea,,,,,,,,,wdpa,C,0,0,,,9.916,8.544
w300744,300744,Unnamed Forest Reserve (No.46),Forest Reserve,Plateau,Bassa,153.0,,,,,Sub-national ministry or agency,,,jos,,,,,,,,,wdpa,C,0,0,,,9.902,8.768
w300745,300745,Unnamed Forest Reserve (No.47),Forest Reserve,Kaduna,Kauru,465.0,,,,,Sub-national ministry or agency,,,nguinea,,,,,,,,,wdpa,C,31,30,,,9.86,8.525
w300746,300746,Unnamed Forest Reserve (No.48),Forest Reserve,Plateau,Bassa,428.0,,,,,Sub-national ministry or agency,,,jos,,,,,,,,,wdpa,C,6,6,,,9.855,8.768
w300751,300751,Unnamed Forest Reserve (No.49),Forest Reserve,Gombe,Shomgom,116.0,,,,,Sub-national ministry or agency,,,nguinea,,,,,,,,,wdpa,C,0,0,,,9.822,11.267
w300760,300760,Unnamed Forest Reserve (No.53),Forest Reserve,Kaduna,Kachia,4790.0,,,,,Sub-national ministry or agency,,,nguinea,,,,,,,,,wdpa,C,15,7,,,9.631,7.629
w300765,300765,Unnamed Forest Reserve (No.56),Forest Reserve,Niger,Paikoro,65.0,,,,,Sub-national ministry or agency,,,sguinea,,,,,,,,,wdpa,C,0,0,,,9.585,7.238
w300766,300766,Unnamed Forest Reserve (No.57),Forest Reserve,Kaduna,Jema'A,316.0,,,,,Sub-national ministry or agency,,,sguinea,,,,,,,,,wdpa,C,66,14,,,9.575,8.325
w36358,36358,Dutsin Dorowa Forest Reserve,Forest Reserve,Katsina,Kankara,1905.0,1905.4,,,,Sub-national ministry or agency,Katsina State Ministry of Environment (Forestry),,sudan,Sudan savanna zone.,,,,,,WDPA-listed forest reserve; polygon centroid nearest town Kankara.,Dutsin Dorowa.,wdpa,C,0,0,,https://www.protectedplanet.net/country/NGA | https://services9.arcgis.com/IkktFdUAcY3WrH25/arcgis/rest/services/WDPA_Terrestrial_Simplification50/FeatureServer/0,11.932,7.292
w36360,36360,Gura Forest Reserve,Forest Reserve,Katsina,Bakori,1552.0,1551.9,,,,Sub-national ministry or agency,Katsina State Ministry of Environment (Forestry),,sudan,Sudan savanna zone.,,,,,,WDPA-listed forest reserve; polygon centroid nearest town Bakori.,Gura.,wdpa,C,15,11,,https://www.protectedplanet.net/country/NGA | https://services9.arcgis.com/IkktFdUAcY3WrH25/arcgis/rest/services/WDPA_Terrestrial_Simplification50/FeatureServer/0,11.706,7.378
w300769,300769,Unnamed Forest Reserve (No.58),Forest Reserve,Kaduna,Kagarko,69.0,,,,,Sub-national ministry or agency,,,sguinea,,,,,,,,,wdpa,C,0,0,,,9.51,7.248
w36361,36361,Bokori Forest Reserve,Forest Reserve,Katsina,Bakori,1604.0,1603.8,,,,Sub-national ministry or agency,Katsina State Ministry of Environment (Forestry),,sudan,Sudan savanna zone.,,,,,,WDPA-listed forest reserve; polygon centroid nearest town Bakori.,Bokori.,wdpa,C,27,27,,https://www.protectedplanet.net/country/NGA | https://services9.arcgis.com/IkktFdUAcY3WrH25/arcgis/rest/services/WDPA_Terrestrial_Simplification50/FeatureServer/0,11.636,7.362
w300771,300771,Unnamed Forest Reserve (No.59),Forest Reserve,Niger,Paikoro,70.0,,,,,Sub-national ministry or agency,,,sguinea,,,,,,,,,wdpa,C,0,0,,,9.51,7.21
w36743,36743,Lafia Kurmin Akanga Forest Reserve,Forest Reserve,Nasarawa,Obi,407.0,,,,,Sub-national ministry or agency,Nasarawa State Ministry of Environment (Forestry),,sguinea,Southern Guinea savanna / derived savanna.,,,,,,Gazetted forest reserve; location from GeoNames point. Current condition not documented.,Akanga.,wdpa,C,20,19,,http://www.geonames.org/search.html?q=forest+reserve&country=NG,8.26,8.555
w300785,300785,Upper Ogun Forest Reserve,Forest Reserve,Oyo,Olorunsogo,236928.0,,,1936,,Sub-national ministry or agency,,,sguinea,,,,,,,Constituted as a forest reserve in 1936 and converted to a game reserve in 1952 (gazettement reported in 1974). Upper Ogun was later combined with the Oyo-Ile reserve and upgraded to form Old Oyo National Park.,,wdpa,B,8032,782,,https://en.wikipedia.org/wiki/Old_Oyo_National_Park | https://www.cambridge.org/core/journals/environmental-conservation/article/abs/upper-ogun-and-opara-game-reserves-gazetted-in-western-state-nigeria/CFD91C219467DE31F7A8FCC2ABC7FEA3,8.677,3.961
w36365,36365,Marbe Forest Reserve,Forest Reserve,Zamfara,Gusau,34130.0,34129.6,,,,Sub-national ministry or agency,Zamfara State Ministry of Environment,,sudan,Sudan savanna woodland (heavily cleared).,,,"Fuelwood, timber, farmland, grazing",,"Agricultural expansion, fuelwood and timber cutting, grazing, insecurity, erosion. Agricultural expansion (about 25,000 ha cleared 2001-2010), fuelwood and timber harvesting, settlement, grazing, insecurity; a 2001 order to clear trees within 1 km of the main road to deny bandits cover opened the forest to further clearing.","Forest cover fell from c. 317 km² (1980) to c. 35 km² (2015); c. 25,000 ha cleared with government sanction 2001–2010. Shared by Tsafe and Gusau LGAs; existed in the days of old Sokoto State. Forest cover fell from about 317 km2 (1980) to about 34.7 km2 (2015). Borders Kuyambana Forest Reserve on its east and north.",Marbe.,wdpa,A,0,0,,https://fjs.fudutsinma.edu.ng/index.php/fjs/article/download/1276/954 | https://www.protectedplanet.net/country/NGA,11.858,6.667
w36366,36366,Tudun Iyo Forest Reserve,Forest Reserve,Katsina,Funtua,1365.0,1365.5,,,,Sub-national ministry or agency,Katsina State Ministry of Environment (Forestry),,sudan,Sudan savanna zone.,,,,,,WDPA-listed forest reserve; polygon centroid nearest town Funtua.,Tudun Iyo.,wdpa,C,31,13,,https://www.protectedplanet.net/country/NGA | https://services9.arcgis.com/IkktFdUAcY3WrH25/arcgis/rest/services/WDPA_Terrestrial_Simplification50/FeatureServer/0,11.41,7.332
w300801,300801,Unnamed Forest Reserve (No.62),Forest Reserve,Nasarawa,Lafia,126.0,,,,,Sub-national ministry or agency,,,sguinea,,,,,,,,,wdpa,C,0,0,,,8.415,8.527
w36367,36367,Guga Forest Reserve,Forest Reserve,Kaduna,Giwa,2817.0,2817.3,,,,Sub-national ministry or agency,Kaduna State Forestry Department,,sudan,Sudan savanna zone.,,,,,,WDPA-listed forest reserve; polygon centroid nearest town Giwa. Listed in Kaduna State Forestry Law 2019 schedule.,Guga.,wdpa,C,118,53,,https://www.protectedplanet.net/country/NGA | https://services9.arcgis.com/IkktFdUAcY3WrH25/arcgis/rest/services/WDPA_Terrestrial_Simplification50/FeatureServer/0,11.222,7.493
w300810,300810,Kiri Forest Reserve,Forest Reserve,Adamawa,Toungo,1676.0,,,,,Sub-national ministry or agency,,,sguinea,,,,,,,,,wdpa,C,4,4,,,8.09,11.99
w36368,36368,Kakangi Forest Reserve,Forest Reserve,Kaduna,Giwa,2664.0,2664.5,,,,Sub-national ministry or agency,Kaduna State Forestry Department,,sudan,Sudan savanna zone.,,,,,,WDPA-listed forest reserve; polygon centroid nearest town Giwa. Listed in Kaduna State Forestry Law 2019 schedule.,Kakangi.,wdpa,C,67,36,,https://www.protectedplanet.net/country/NGA | https://services9.arcgis.com/IkktFdUAcY3WrH25/arcgis/rest/services/WDPA_Terrestrial_Simplification50/FeatureServer/0,11.114,7.438
w300825,300825,Eda 1 Forest Reserve,Forest Reserve,Ekiti,Ikole,586.0,,,,,Sub-national ministry or agency,,,mosaic,,,,,,,,,wdpa,C,0,0,,,7.76,5.618
w300793,300793,Lafiagi Oro Forest Reserve,Forest Reserve,Kwara,Ifelodun,74000,,,,,Sub-national ministry or agency,,,sguinea,,,,,,,,,wdpa,C,617,142,,,8.609,5.273
w36857,36857,West Okura Forest Reserve,Forest Reserve,Kogi,Dekina,7565.0,,,,,Sub-national ministry or agency,Kogi State Ministry of Environment (Forestry),,mosaic,Southern Guinea savanna / derived savanna.,,,,,,Gazetted forest reserve; location from GeoNames point. Current condition not documented.,West Okura.,wdpa,C,121,37,,http://www.geonames.org/search.html?q=forest+reserve&country=NG,7.501,7.353
w36369,36369,Fatika Forest Reserve,Forest Reserve,Kaduna,Giwa,5415.0,5415.4,,,,Sub-national ministry or agency,Kaduna State Forestry Department,,sudan,Sudan savanna zone.,,,,,,WDPA-listed forest reserve; polygon centroid nearest town Giwa.,Fatika.,wdpa,B,4,2,,https://www.protectedplanet.net/country/NGA | https://services9.arcgis.com/IkktFdUAcY3WrH25/arcgis/rest/services/WDPA_Terrestrial_Simplification50/FeatureServer/0,11.115,7.338
w300796,300796,Okpara Forest Reserve,Forest Reserve,Oyo,Atisbo,253348.0,,,,,Sub-national ministry or agency,,,mosaic,Savanna woodland; average tree height typical of savanna forest (most trees 6-10 m),"Anogeissus leiocarpus (dominant), Vitellaria paradoxa, Faidherbia (Acacia) albida",,,,"Encroachment and grazing by transhumant herders (press reports, 2019); illegal land allocation","Studied in the literature as 'Opara Forest Reserve' on the Nigeria-Benin border; a 2023 inventory of 218 trees found moderate species diversity. In Sept 2019 the Oyo State government revoked 20,000 ha of reserve land at Opara (Oke Ogun) that the previous administration had allocated to individuals, citing its REDD+ ambitions.",,wdpa,A,2734,328,,https://doaj.org/article/3e9f3b7ce47e47e2a1c4399e0556ea33 | https://ripplesnigeria.com/oyo-govt-revokes-26000-hectares-of-land-allocated-by-ex-gov-ajimobi | https://saharareporters.com/2019/06/16/herdsmen-burkina-faso-mali-other-nations-taking-over-nigerias-forest-reserves-nigerians,8.375,2.93
w36372,36372,Duya Forest Reserve,Forest Reserve,Katsina,Sabuwa,1452.0,1452.4,,,,Sub-national ministry or agency,Katsina State Ministry of Environment (Forestry),,sudan,Sudan savanna zone.,,,,,,WDPA-listed forest reserve; polygon centroid nearest town Sabuwa.,Duya.,wdpa,C,0,0,,https://www.protectedplanet.net/country/NGA | https://services9.arcgis.com/IkktFdUAcY3WrH25/arcgis/rest/services/WDPA_Terrestrial_Simplification50/FeatureServer/0,11.292,7.148
w300799,300799,Unnamed Forest Reserve (No.61),Forest Reserve,FCT,Municipal Area Council,495.0,,,,,Sub-national ministry or agency,,,sguinea,,,,,,,,,wdpa,C,0,0,,,8.636,7.408
w36373,36373,Rafin Iwa Forest Reserve,Forest Reserve,Katsina,Sabuwa,1947.0,1946.7,,,,Sub-national ministry or agency,Katsina State Ministry of Environment (Forestry),,sudan,Sudan savanna zone.,,,,,,WDPA-listed forest reserve; polygon centroid nearest town Dandume.,Rafin Iwa.,wdpa,C,0,0,,https://www.protectedplanet.net/country/NGA | https://services9.arcgis.com/IkktFdUAcY3WrH25/arcgis/rest/services/WDPA_Terrestrial_Simplification50/FeatureServer/0,11.342,7.09
w36374,36374,Birnin Gwari Forest Reserve,Forest Reserve,Kaduna,Birnin Gwari,32038.0,32038.0,,,,Sub-national ministry or agency,Kaduna State Forestry Department,,nguinea,Sudan savanna zone.,,,,,,WDPA-listed forest reserve; polygon centroid nearest town Sofo-Birnin-Gwari. Listed in Kaduna State Forestry Law 2019 schedule; Birnin Gwari forests are a known banditry hotspot.,Birnin Gwari.,wdpa,B,8,4,,https://www.protectedplanet.net/country/NGA | https://services9.arcgis.com/IkktFdUAcY3WrH25/arcgis/rest/services/WDPA_Terrestrial_Simplification50/FeatureServer/0,11.03,6.888
w36827,36827,Ogbesse Forest Reserve,Forest Reserve,Ekiti,Ise/Orun,5113.0,7300,6256,,,Sub-national ministry or agency,,,rainforest,"Degraded forest, plantations.",,Chimpanzee extinct,"Teak, Gmelina",,"Plantations, road, logging, burning, hunting.",,Ogbesse.,wdpa,A,261,86,,https://wiki.iucnapesportal.org/index.php/Ogbesse_Forest_Reserve | https://www.geonames.org/advanced-search.html?q=forest+reserve&country=NG&featureClass=L&maxRows=500 | https://www.fao.org/4/ab578e/AB578E10.htm,7.544,5.35
w36382,36382,Gangara Forest Reserve,Forest Reserve,Katsina,Malumfashi,855.0,854.6,,,,Sub-national ministry or agency,Katsina State Ministry of Environment (Forestry),,sudan,Sudan savanna zone.,,,,,,WDPA-listed forest reserve; polygon centroid nearest town Gora.,Gangara.,wdpa,C,0,0,,https://www.protectedplanet.net/country/NGA | https://services9.arcgis.com/IkktFdUAcY3WrH25/arcgis/rest/services/WDPA_Terrestrial_Simplification50/FeatureServer/0,11.925,7.802
w36829,36829,Ogotun North Forest Reserve,Forest Reserve,Ekiti,Ekiti South-West,404.0,,,,,Sub-national ministry or agency,,,rainforest,,,,,,,,,wdpa,C,0,0,,,7.532,5.012
w36383,36383,Yammama Forest Reserve,Forest Reserve,Katsina,Malumfashi,1970.0,1969.5,,,,Sub-national ministry or agency,Katsina State Ministry of Environment (Forestry),,sudan,Sudan savanna zone.,,,,,,WDPA-listed forest reserve; polygon centroid nearest town Gora.,Yammama.,wdpa,C,0,0,,https://www.protectedplanet.net/country/NGA | https://services9.arcgis.com/IkktFdUAcY3WrH25/arcgis/rest/services/WDPA_Terrestrial_Simplification50/FeatureServer/0,11.874,7.688
w36847,36847,Ajaokuta Forest Reserve,Forest Reserve,Kogi,Ajaokuta,10008.0,,,,,Sub-national ministry or agency,Kogi State Ministry of Environment (Forestry),,mosaic,Southern Guinea savanna / derived savanna.,,,,,,Gazetted forest reserve; location from GeoNames point. Current condition not documented.,Ajaokuta.,wdpa,C,80,41,,http://www.geonames.org/search.html?q=forest+reserve&country=NG,7.528,6.629
w36375,36375,Dogan Dawa Forest Reserve,Forest Reserve,Kaduna,Birnin Gwari,40613.0,40613.0,,,,Sub-national ministry or agency,Kaduna State Forestry Department,,sudan,Sudan savanna zone.,,,,,,WDPA-listed forest reserve; polygon centroid nearest town Sofo-Birnin-Gwari. Listed as 'Dogon Dawa' in Kaduna State Forestry Law 2019 schedule; reported bandit hideout.,Dogan Dawa.,wdpa,B,8,1,,https://www.protectedplanet.net/country/NGA | https://services9.arcgis.com/IkktFdUAcY3WrH25/arcgis/rest/services/WDPA_Terrestrial_Simplification50/FeatureServer/0,11.24,6.863
w36856,36856,Okura Iyale Forest Reserve,Forest Reserve,Kogi,Dekina,18542.0,,,,,Sub-national ministry or agency,Kogi State Ministry of Environment (Forestry),,mosaic,Southern Guinea savanna / derived savanna.,,,,,,Gazetted forest reserve; location from GeoNames point. Current condition not documented.,Okura Iyale.,wdpa,C,248,58,,http://www.geonames.org/search.html?q=forest+reserve&country=NG,7.602,7.351
w36376,36376,Maru Bongudu Forest Reserve,Forest Reserve,Zamfara,Maru,19588.0,19588.5,,,,Sub-national ministry or agency,Zamfara State Ministry of Environment (Forestry),,sudan,Sudan savanna zone.,,,,,,WDPA-listed forest reserve; polygon centroid nearest town Sauri.,Maru Bongudu.,wdpa,B,2,1,,https://www.protectedplanet.net/country/NGA | https://services9.arcgis.com/IkktFdUAcY3WrH25/arcgis/rest/services/WDPA_Terrestrial_Simplification50/FeatureServer/0,11.774,6.291
w36384,36384,Tsaunin Kaura Forest Reserve,Forest Reserve,Katsina,Kafur,2264.0,2264.2,,,,Sub-national ministry or agency,Katsina State Ministry of Environment (Forestry),,sudan,Sudan savanna zone.,,,,,,WDPA-listed forest reserve; polygon centroid nearest town Malumfashi.,Tsaunin Kaura.,wdpa,C,0,0,,https://www.protectedplanet.net/country/NGA | https://services9.arcgis.com/IkktFdUAcY3WrH25/arcgis/rest/services/WDPA_Terrestrial_Simplification50/FeatureServer/0,11.732,7.667
w36385,36385,Tuwaru Forest Reserve,Forest Reserve,Kano,Karaye,595.0,594.7,,,,Sub-national ministry or agency,Kano State Forestry Department,,sudan,Sudan savanna zone.,,,,,,WDPA-listed forest reserve; polygon centroid nearest town Karaye.,Tuwaru.,wdpa,C,0,0,,https://www.protectedplanet.net/country/NGA | https://services9.arcgis.com/IkktFdUAcY3WrH25/arcgis/rest/services/WDPA_Terrestrial_Simplification50/FeatureServer/0,11.76,7.922
w36403,36403,Gaya Forest Reserve,Forest Reserve,Niger,Shiroro,1546.0,,,,,Sub-national ministry or agency,,,nguinea,,,,,,,,,wdpa,C,9,9,,,9.946,6.834
w36378,36378,Kogo National Park,National Park,Katsina,Faskari,63885.0,63885.0,,2023,,Sub-national ministry or agency,National Park Service; Katsina State (handover to Federal Government in progress),former Forest Reserve,sudan,Sudan/northern Guinea savanna woodland.,,,"Timber, grazing, fuelwood",Approved by the House of Representatives for upgrade to a national park. No tourism infrastructure yet.,"Banditry, encroachment, illegal felling.","Former Kogo Forest Reserve; NASS approval 2023, handover to FG in progress (Dec 2025). WDPA reported area 4,055 km² (unverified). LGA reported (Faskari). Katsina State agreed to hand Kogo FR to the Federal Government (Dec 2025) for upgrade to national park status.",Kogo Forest Reserve.,wdpa,A,19,10,,https://thecable.ng/?p=834836 | https://fmino.gov.ng/fg-assures-katsina-government-of-preserving-kogo-forest-reserve/ | https://protectedplanet.net/62087 | https://dailytrust.com/reps-approve-designation-of-10-game-reserves-as-national-parks/ | https://www.protectedplanet.net/country/NGA,11.594,6.95
w36380,36380,Dayi Forest Reserve,Forest Reserve,Katsina,Malumfashi,848.0,848.1,,,,Sub-national ministry or agency,Katsina State Ministry of Environment (Forestry),,sudan,Sudan savanna zone.,,,,,,WDPA-listed forest reserve; polygon centroid nearest town Gora.,Dayi.,wdpa,C,0,0,,https://www.protectedplanet.net/country/NGA | https://services9.arcgis.com/IkktFdUAcY3WrH25/arcgis/rest/services/WDPA_Terrestrial_Simplification50/FeatureServer/0,11.978,7.656
w36381,36381,Dayigora Forest Reserve,Forest Reserve,Katsina,Malumfashi,729.0,728.9,,,,Sub-national ministry or agency,Katsina State Ministry of Environment (Forestry),,sudan,Sudan savanna zone.,,,,,,WDPA-listed forest reserve; polygon centroid nearest town Gora.,Dayigora.,wdpa,C,2,1,,https://www.protectedplanet.net/country/NGA | https://services9.arcgis.com/IkktFdUAcY3WrH25/arcgis/rest/services/WDPA_Terrestrial_Simplification50/FeatureServer/0,11.948,7.68
w36386,36386,Jare Forest Reserve,Forest Reserve,Katsina,Bakori,4510.0,4509.6,,,,Sub-national ministry or agency,Katsina State Ministry of Environment (Forestry),,sudan,Sudan savanna zone.,,,,,,WDPA-listed forest reserve; polygon centroid nearest town Kafur.,Jare.,wdpa,B,56,28,,https://www.protectedplanet.net/country/NGA | https://services9.arcgis.com/IkktFdUAcY3WrH25/arcgis/rest/services/WDPA_Terrestrial_Simplification50/FeatureServer/0,11.564,7.627
w36387,36387,Dansosia Forest Reserve,Forest Reserve,Kano,Kiru,6133.0,,,,,Sub-national ministry or agency,,,sudan,,,,,,,,,wdpa,C,67,33,,,11.565,8.106
w36388,36388,Tandama Forest Reserve,Forest Reserve,Katsina,Kafur,4150.0,4149.7,,,,Sub-national ministry or agency,Katsina State Ministry of Environment (Forestry),,sudan,Sudan savanna zone.,,,,,,WDPA-listed forest reserve; polygon centroid nearest town Danja.,Tandama.,wdpa,B,6,5,,https://www.protectedplanet.net/country/NGA | https://services9.arcgis.com/IkktFdUAcY3WrH25/arcgis/rest/services/WDPA_Terrestrial_Simplification50/FeatureServer/0,11.47,7.509
w36394,36394,Kurmin Kogi Forest Reserve,Forest Reserve,Kaduna,Ikara,3584.0,3584.0,,,,Sub-national ministry or agency,Kaduna State Forestry Department,,sudan,Sudan savanna zone.,,,,,,WDPA-listed forest reserve; polygon centroid nearest town Ikara.,Kurmin Kogi.,wdpa,C,0,0,,https://www.protectedplanet.net/country/NGA | https://services9.arcgis.com/IkktFdUAcY3WrH25/arcgis/rest/services/WDPA_Terrestrial_Simplification50/FeatureServer/0,11.182,8.095
w36395,36395,Gauara Forest Reserve,Forest Reserve,Kaduna,Kubau,4469.0,4469.3,,,,Sub-national ministry or agency,Kaduna State Forestry Department,,sudan,Sudan savanna zone.,,,,,,WDPA-listed forest reserve; polygon centroid nearest town Ikara. Probably 'Gauraki' in Kaduna State Forestry Law 2019 schedule.,Gauara.,wdpa,B,32,29,,https://www.protectedplanet.net/country/NGA | https://services9.arcgis.com/IkktFdUAcY3WrH25/arcgis/rest/services/WDPA_Terrestrial_Simplification50/FeatureServer/0,11.12,8.185
w36389,36389,Kogin Kano Forest Reserve,Forest Reserve,Kano,Doguwa,75740.0,92000,,,,Sub-national ministry or agency,,,nguinea,"Open Northern Guinea savanna woodland with Sudan savanna elements in the north; trees 9-14 m; drained by the Kano River and its tributaries (Maiwa, Kumbo, Randa); Lake Tiga forms the northern boundary.","Isoberlinia doka, Khaya senegalensis, Vitex doniana, Anogeissus leiocarpus, Tamarindus indica, Detarium microcarpum, Pterocarpus erinaceus","Roan antelope (Hippotragus equinus), hartebeest (Alcelaphus buselaphus), buffalo (Syncerus caffer), red-flanked duiker, red-fronted gazelle (VU), lion (VU) - populations very low, some possibly locally extinct; birds include white stork, red-footed falcon, bateleur, Abyssinian ground hornbill; 261 species recorded",Protects the Tiga Dam catchment (reduces siltation for the Kano River Project); microclimate and windbreak benefits for nearby villages.,"River Kano rapids and rock formations, the old ghost town of Falgore with traditional architecture, nearby camping; the river is navigable from Tiga Lake in the wet season.","Poaching, illegal grazing, overfishing (including chemical poisons), bush fires, farming encroachment, kidnapping/insecurity.","Began as Kogin Kano Forest Reserve in the colonial 1940s and was upgraded to a game reserve and renamed Falgore Game Reserve in the 1960s; part of the Falgore and Lame Burra Game Reserves Key Biodiversity Area (IBA), with a recommendation to merge both and upgrade to national park. Area figures vary (KBA ~92,000 ha; Wikipedia ~1,000 km2).",,wdpa,A,751,126,,https://en.wikipedia.org/wiki/Falgore_Game_Reserve | https://www.keybiodiversityareas.org/site/factsheet/6758 | https://www.fao.org/4/ab392e/ab392e04.htm,11.037,8.664
w36390,36390,Maje (West) Forest Reserve,Forest Reserve,Kaduna,Giwa,921.0,921.2,,,,Sub-national ministry or agency,Kaduna State Forestry Department,,sudan,Sudan savanna zone.,,,,,,WDPA-listed forest reserve; polygon centroid nearest town Giwa.,Maje (West).,wdpa,C,0,0,,https://www.protectedplanet.net/country/NGA | https://services9.arcgis.com/IkktFdUAcY3WrH25/arcgis/rest/services/WDPA_Terrestrial_Simplification50/FeatureServer/0,11.258,7.527
w36391,36391,Kabama Forest Reserve,Forest Reserve,Kaduna,Sabon Gari,426.0,426.3,,,,Sub-national ministry or agency,Kaduna State Forestry Department,,sudan,Sudan savanna zone.,,,,,,WDPA-listed forest reserve; polygon centroid nearest town Zaria.,Kabama.,wdpa,C,13,12,,https://www.protectedplanet.net/country/NGA | https://services9.arcgis.com/IkktFdUAcY3WrH25/arcgis/rest/services/WDPA_Terrestrial_Simplification50/FeatureServer/0,11.146,7.726
w36392,36392,Zaria Forest Reserve,Forest Reserve,Kaduna,Zaria,238.0,237.9,,,,Sub-national ministry or agency,Kaduna State Forestry Department,,nguinea,Sudan savanna zone.,,,,,,WDPA-listed forest reserve; polygon centroid nearest town Zaria.,Zaria.,wdpa,C,87,49,,https://www.protectedplanet.net/country/NGA | https://services9.arcgis.com/IkktFdUAcY3WrH25/arcgis/rest/services/WDPA_Terrestrial_Simplification50/FeatureServer/0,11.093,7.695
w36393,36393,Nasarawa Forest Reserve,Forest Reserve,Katsina,Jibia,4629.0,4629.3,,,,Sub-national ministry or agency,Katsina State Ministry of Environment (Forestry),,sudan,Sudan/Sahel savanna zone.,,,,,,WDPA-listed forest reserve; polygon centroid nearest town Katsina.,Nasarawa.,wdpa,B,1,0,,https://www.protectedplanet.net/country/NGA | https://services9.arcgis.com/IkktFdUAcY3WrH25/arcgis/rest/services/WDPA_Terrestrial_Simplification50/FeatureServer/0,13.039,7.53
w36396,36396,Kariya Forest Reserve,Forest Reserve,Kaduna,Ikara,1889.0,1888.6,,,,Sub-national ministry or agency,Kaduna State Forestry Department,,sudan,Sudan savanna zone.,,,,,,WDPA-listed forest reserve; polygon centroid nearest town Ikara.,Kariya.,wdpa,C,0,0,,https://www.protectedplanet.net/country/NGA | https://services9.arcgis.com/IkktFdUAcY3WrH25/arcgis/rest/services/WDPA_Terrestrial_Simplification50/FeatureServer/0,11.24,8.286
w36397,36397,Bugau North Forest Reserve,Forest Reserve,Kaduna,Kubau,2255.0,2254.8,,,,Sub-national ministry or agency,Kaduna State Forestry Department,,nguinea,Sudan savanna zone.,,,,,,WDPA-listed forest reserve; polygon centroid nearest town Anchau.,Bugau North.,wdpa,C,169,41,,https://www.protectedplanet.net/country/NGA | https://services9.arcgis.com/IkktFdUAcY3WrH25/arcgis/rest/services/WDPA_Terrestrial_Simplification50/FeatureServer/0,11.044,8.51
w36398,36398,Maje (East) Forest Reserve,Forest Reserve,Kano,Bebeji,1783.0,1783.2,,,,Sub-national ministry or agency,Kano State Forestry Department,,sudan,Sudan savanna zone.,,,,,,WDPA-listed forest reserve; polygon centroid nearest town Garun Malam.,Maje (East).,wdpa,C,95,16,,https://www.protectedplanet.net/country/NGA | https://services9.arcgis.com/IkktFdUAcY3WrH25/arcgis/rest/services/WDPA_Terrestrial_Simplification50/FeatureServer/0,11.563,8.407
w36399,36399,Rurum Forest Reserve,Forest Reserve,Kano,Rano,3131.0,3617,,,,Sub-national ministry or agency,Kano State Forestry,,sudan,Sudan savanna (largely farmed).,"Azadirachta indica, Tamarindus indica, Adansonia digitata",Monkeys,"Farmland, fuelwood",,"Fuelwood felling, clearing for farms, Tiga Dam impacts.","Lost c. 35% of area 1966–2015 (3,617 → 2,335 ha); Tiga river runs through it.",Rurum.,wdpa,C,110,44,,https://fjs.fudutsinma.edu.ng/index.php/fjs/article/view/1340 | https://www.protectedplanet.net/country/NGA,11.458,8.467
w36400,36400,Burra North Forest Reserve,Forest Reserve,Niger,Gurara,514.0,,,,,Sub-national ministry or agency,,,sguinea,,,,,,,,,wdpa,C,0,0,,,9.402,7.198
w36401,36401,Anchau West Forest Reserve,Forest Reserve,Kaduna,Kubau,12932.0,12931.8,,,,Sub-national ministry or agency,Kaduna State Forestry Department,,nguinea,Northern Guinea savanna zone.,,,,,,WDPA-listed forest reserve; polygon centroid nearest town Anchau.,Anchau West.,wdpa,B,101,52,,https://www.protectedplanet.net/country/NGA | https://services9.arcgis.com/IkktFdUAcY3WrH25/arcgis/rest/services/WDPA_Terrestrial_Simplification50/FeatureServer/0,10.993,8.254
w36405,36405,Iggi River Forest Reserve,Forest Reserve,Niger,Wushishi,9385.0,,,,,Sub-national ministry or agency,,,nguinea,,,,,,,,,wdpa,C,253,75,,,9.698,6.164
w36406,36406,Gadau Forest Reserve,Forest Reserve,Bauchi,Itas/Gadau,6566.0,,,,,Sub-national ministry or agency,,,sudan,,,,,,,,,wdpa,C,275,74,,,11.848,10.114
w36407,36407,Lizai Forest Reserve,Forest Reserve,Bauchi,Itas/Gadau,2771.0,,,,,Sub-national ministry or agency,,,sudan,,,,,,,,,wdpa,C,0,0,,,11.858,10.34
w36408,36408,Madara Forest Reserve,Forest Reserve,Bauchi,Katagum,1421.0,,,,,Sub-national ministry or agency,,,sudan,,,,,,,,,wdpa,C,0,0,,,11.758,10.398
w36429,36429,Gundulwa Forest Reserve,Forest Reserve,Yobe,Damaturu,2704.0,,,,,Sub-national ministry or agency,,,sudan,Sahel/Sudan savanna.,,,,,,Listed in GeoNames; little documented.,Gundulwa.,wdpa,C,2,2,,https://www.geonames.org/search.html?q=forest+reserve+yobe&country=NG,11.63,11.924
w36410,36410,Dargazu Forest Reserve,Forest Reserve,Niger,Shiroro,1787.0,,,,,Sub-national ministry or agency,,,nguinea,,,,,,,,,wdpa,C,0,0,,,9.631,6.673
w36411,36411,Dungunde Forest Reserve,Forest Reserve,Bauchi,Katagum,738.0,,,,,Sub-national ministry or agency,,,sudan,,,,,,,,,wdpa,C,0,0,,,11.625,10.42
w36412,36412,Chinade Forest Reserve,Forest Reserve,Bauchi,Katagum,1185.0,,,,,Sub-national ministry or agency,,,sudan,,,,,,,,,wdpa,C,70,32,,,11.557,10.478
w36413,36413,Jawo Forest Reserve,Forest Reserve,Bauchi,Giade,1158.0,,,,,Sub-national ministry or agency,,,sudan,,,,,,,,,wdpa,C,0,0,,,11.602,10.296
w36415,36415,Dalli Forest Reserve,Forest Reserve,Niger,Gbako,438.0,,,,,Sub-national ministry or agency,,,sguinea,,,,,,,,,wdpa,C,69,6,,,9.408,6.008
w36416,36416,Zigau Forest Reserve,Forest Reserve,Bauchi,Shira,1630.0,,,,,Sub-national ministry or agency,,,sudan,,,,,,,,,wdpa,C,0,0,,,11.44,9.998
w36418,36418,Bayawa Forest Reserve,Forest Reserve,Niger,Paikoro,205.0,,,,,Sub-national ministry or agency,,,sguinea,,,,,,,,,wdpa,C,0,0,,,9.543,7.163
w36457,36457,Mafa Forest Reserve,Forest Reserve,Borno,Mafa,666.0,,,,,Sub-national ministry or agency,,,sudan,Sudan savanna.,,,,,,Listed in GeoNames; little documented.,Mafa.,wdpa,C,0,0,,https://www.geonames.org/search.html?q=forest+reserve+borno&country=NG,11.938,13.568
w36419,36419,Maladumba Forest Reserve,Forest Reserve,Bauchi,Misau,4089.0,,,,,Sub-national ministry or agency,,Ramsar (part),sudan,Sudan savanna.,,,,,,Forest reserve surrounding Maladumba Lake; included in the Maladumba Lake Ramsar site. Location taken from the lake.,Maladumba.,wdpa,C,42,34,,https://rsis.ramsar.org/ris/1756,11.254,10.468
w36420,36420,Farin Ruwa Forest Reserve,Forest Reserve,Bauchi,Ganjuwa,20637.0,,,,,Sub-national ministry or agency,,,nguinea,,,,,,,,,wdpa,C,99,48,,,11.06,10.287
w36421,36421,Rabadi Forest Reserve,Forest Reserve,Jigawa,Gwaram,6302.0,,,,,Sub-national ministry or agency,,,sudan,,,,,,,,,wdpa,C,84,42,,,11.134,10.219
w36423,36423,Zandama Hills Forest Reserve,Forest Reserve,Jigawa,Gwaram,2301.0,2301.5,,,,Sub-national ministry or agency,Jigawa State Forestry Department,,sudan,Sudan savanna zone.,,,,,,WDPA-listed forest reserve; polygon centroid nearest town Samamiya.,Zandama Hills.,wdpa,C,39,24,,https://www.protectedplanet.net/country/NGA | https://services9.arcgis.com/IkktFdUAcY3WrH25/arcgis/rest/services/WDPA_Terrestrial_Simplification50/FeatureServer/0,11.306,9.694
w36424,36424,Gagara Forest Reserve,Forest Reserve,Jigawa,Gwaram,3845.0,3845.0,,,,Sub-national ministry or agency,Jigawa State Forestry Department,,sudan,Sudan savanna zone.,,,,,,WDPA-listed forest reserve; polygon centroid nearest town Samamiya.,Gagara.,wdpa,C,63,23,,https://www.protectedplanet.net/country/NGA | https://services9.arcgis.com/IkktFdUAcY3WrH25/arcgis/rest/services/WDPA_Terrestrial_Simplification50/FeatureServer/0,11.27,9.666
w36425,36425,Gurmina Forest Reserve,Forest Reserve,Jigawa,Birnin Kudu,8903.0,8903.0,,,,Sub-national ministry or agency,Jigawa State Forestry Department,,sudan,Sudan savanna zone.,,,,,,WDPA-listed forest reserve; polygon centroid nearest town Birnin Kudu.,Gurmina.,wdpa,B,415,87,,https://www.protectedplanet.net/country/NGA | https://services9.arcgis.com/IkktFdUAcY3WrH25/arcgis/rest/services/WDPA_Terrestrial_Simplification50/FeatureServer/0,11.373,9.395
w36426,36426,Jerwa Forest Reserve,Forest Reserve,Bauchi,Gamawa,2403.0,,,,,Sub-national ministry or agency,,,sudan,,,,,,,,,wdpa,C,0,0,,,11.98,10.585
w36427,36427,Bam Ngelzarma Forest Reserve,Forest Reserve,Yobe,Fune,10775.0,,,,,Sub-national ministry or agency,,,sudan,Sahel/Sudan savanna.,,,,,,Listed in GeoNames; little documented.,Bam Ngelzarma.,wdpa,C,417,163,,https://www.geonames.org/search.html?q=forest+reserve+yobe&country=NG,11.675,11.526
w36428,36428,Dusuwa Forest Reserve,Forest Reserve,Yobe,Fune,2219.0,,,,,Sub-national ministry or agency,,,sudan,Sahel/Sudan savanna.,,,,,,Listed in GeoNames; little documented.,Dusuwa.,wdpa,C,24,24,,https://www.geonames.org/search.html?q=forest+reserve+yobe&country=NG,11.936,11.72
w36486,36486,Wuro Biriji Forest Reserve,Forest Reserve,Gombe,Akko,331.0,,,,,Sub-national ministry or agency,,,nguinea,,,,,,,,,wdpa,C,10,4,,,10.233,11.152
w36430,36430,Wagur Forest Reserve,Forest Reserve,Yobe,Gujba,20936.0,,,,,Sub-national ministry or agency,,,sudan,Sahel/Sudan savanna.,,,,,,Listed in GeoNames; little documented.,Wagur.,wdpa,C,98,64,,https://www.geonames.org/search.html?q=forest+reserve+yobe&country=NG,11.413,11.682
w36431,36431,Gujba Forest Reserve,Forest Reserve,Yobe,Gujba,40756.0,41000,,,,Sub-national ministry or agency,,,sudan,Sudan savanna woodland.,,,,,,"Large reserve between Gujba and Buni Yadi (HQ), south of Damaturu; insecurity has limited management. Protected area near Damaturu, headquartered at Buni Yadi, with Gujba town at its northern end. A 2006 reconnaissance flight over Gujba recorded no sign of elephants.",Gujba.,wdpa,B,346,114,,https://en.wikipedia.org/wiki/Gujba_Forest_Reserve | https://www.geonames.org/search.html?q=forest+reserve+yobe&country=NG | https://cites.org/sites/default/files/common/prog/mike/survey/0607_FW_AT_Survey_Sambisa_big.pdf,11.269,11.914
w36432,36432,Jangasiri Forest Reserve,Forest Reserve,Yobe,Fika,612.0,,,,,Sub-national ministry or agency,,,sudan,,,,,,,,,wdpa,C,81,50,,,11.473,11.207
w36433,36433,Gudi Hill Forest Reserve,Forest Reserve,Yobe,Fika,6884.0,,,,,Sub-national ministry or agency,,,sudan,Sahel/Sudan savanna.,,,,,,Listed in GeoNames; little documented.,Gudi Hill.,wdpa,C,61,34,,https://www.geonames.org/search.html?q=forest+reserve+yobe&country=NG,11.452,11.135
w36434,36434,Malechana Forest Reserve,Forest Reserve,Yobe,Fika,3901.0,,,,,Sub-national ministry or agency,,,sudan,,,,,,,,,wdpa,C,29,24,,,11.366,11.03
w36435,36435,Auya Forest Reserve,Forest Reserve,Bauchi,Darazo,36141.0,,,,,Sub-national ministry or agency,,,sudan,,,,,,,,,wdpa,C,418,107,,,11.176,10.751
w36436,36436,Bagau Forest Reserve,Forest Reserve,Bauchi,Misau,656.0,,,,,Sub-national ministry or agency,,,sudan,,,,,,,,,wdpa,C,0,0,,,11.435,10.54
w36437,36437,Nafada Forest Reserve,Forest Reserve,Gombe,Nafada,3812.0,,,,,Sub-national ministry or agency,,,sudan,Sudan savanna.,,,,,,Listed in GeoNames; little documented.,Nafada.,wdpa,C,0,0,,https://www.geonames.org/search.html?q=forest+reserve+gombe&country=NG,11.158,11.306
w36438,36438,Dadingel Forest Reserve,Forest Reserve,Yobe,Gujba,1170.0,,,,,Sub-national ministry or agency,,,sudan,,,,,,,,,wdpa,C,0,0,,,11.532,12.158
w36439,36439,Ajigin Forest Reserve,Forest Reserve,Borno,Damboa,7634.0,,,,,Sub-national ministry or agency,,,sudan,,,,,,,,,wdpa,C,0,0,,,11.334,12.24
w36440,36440,Benisheikh Forest Reserve,Forest Reserve,Borno,Kaga,4196.0,,,,,Sub-national ministry or agency,,,sudan,,,,,,,,,wdpa,C,0,0,,,11.854,12.542
w36441,36441,Marguba Forest Reserve,Forest Reserve,Borno,Kaga,35268.0,,,,,Sub-national ministry or agency,,,sudan,,,,,,"Wet-season farming and dry-season grazing, as reported for Borno forest reserves generally; settlement encroachment","Marguba lies next to Sambisa Game Reserve, and government GIS sometimes labelled it as Sambisa. It was counted as Block 1 in the July 2006 CITES-MIKE aerial elephant survey. The survey team recommended focusing on its less-settled southern part as possible elephant habitat.",,wdpa,C,18,2,,https://cites.org/sites/default/files/common/prog/mike/survey/0607_FW_AT_Survey_Sambisa_big.pdf,11.53,12.715
w36442,36442,Auno Forest Reserve,Forest Reserve,Borno,Magumeri,3844.0,,,,,Sub-national ministry or agency,,,sudan,,,,,,,,,wdpa,C,0,0,,,11.942,12.924
w36443,36443,Kesewa Forest Reserve,Forest Reserve,Borno,Konduga,3500,,,,,Sub-national ministry or agency,,,sudan,,,,,,,,,wdpa,C,1,1,,,11.883,12.915
w36444,36444,Jaori Forest Reserve,Forest Reserve,Borno,Konduga,7235.0,,,,,Sub-national ministry or agency,,,sudan,,,,,,,,,wdpa,C,27,27,,,11.807,12.991
w36445,36445,Yasku Forest Reserve,Forest Reserve,Borno,Konduga,8189.0,,,,,Sub-national ministry or agency,,,sudan,,,,,,,,,wdpa,C,0,0,,,11.645,12.918
w36446,36446,Femari Forest Reserve,Forest Reserve,Borno,Jere,1463.0,,,,,Sub-national ministry or agency,,,sudan,,,,,,,,,wdpa,C,0,0,,,11.957,13.15
w36447,36447,Limanti Forest Reserve,Forest Reserve,Borno,Mafa,8853.0,,,,,Sub-national ministry or agency,,,sudan,,,,,,,,,wdpa,C,5,3,,,11.919,13.431
w36448,36448,Fuchi Forest Reserve,Forest Reserve,Borno,Mafa,18015.0,,,,,Sub-national ministry or agency,,,sudan,,,,,,,,,wdpa,C,10,9,,,11.84,13.507
w36449,36449,Molai Forest Reserve,Forest Reserve,Borno,Konduga,1712.0,,,,,Sub-national ministry or agency,,,sudan,,,,,,,,,wdpa,C,0,0,,,11.708,13.096
w36450,36450,Lake Alo Forest Reserve,Forest Reserve,Borno,Konduga,3159.0,,,,,Sub-national ministry or agency,,,sudan,,,,,,,,,wdpa,C,71,55,,,11.671,13.278
w36451,36451,Konduga Forest Reserve,Forest Reserve,Borno,Konduga,5826.0,,,,,Sub-national ministry or agency,,,sudan,,,,,,,,,wdpa,C,0,0,,,11.665,13.541
w36452,36452,Gombole Forest Reserve,Forest Reserve,Borno,Konduga,31560.0,,,,,Sub-national ministry or agency,,,sudan,Sudan savanna.,,,,,,Listed in GeoNames; little documented.,Gombole.,wdpa,C,52,45,,https://www.geonames.org/search.html?q=forest+reserve+borno&country=NG,11.547,13.367
w36453,36453,Komala Forest Reserve,Forest Reserve,Borno,Konduga,9408.0,,,,,Sub-national ministry or agency,,,sudan,,,,,,,,,wdpa,C,56,48,,,11.436,12.984
w36454,36454,Yerwa Forest Reserve,Forest Reserve,Borno,Konduga,11891.0,,,,,Sub-national ministry or agency,,,sudan,Sudan savanna.,,,,,,Listed in GeoNames; little documented.,Yerwa.,wdpa,C,0,0,,https://www.geonames.org/search.html?q=forest+reserve+borno&country=NG,11.314,12.986
w36456,36456,Damboa Forest Reserve,Forest Reserve,Borno,Damboa,9386.0,,,,,Sub-national ministry or agency,,,sudan,,,,,,,,,wdpa,C,26,4,,,11.106,12.794
w36458,36458,Bashari Forest Reserve,Forest Reserve,Borno,Bama,971.0,,,,,Sub-national ministry or agency,,,sudan,,,,,,,,,wdpa,C,0,0,,,11.655,13.715
w36459,36459,Jenere Forest Reserve,Forest Reserve,Borno,Bama,3198.0,,,,,Sub-national ministry or agency,,,sudan,,,,,,,,,wdpa,C,0,0,,,11.446,14.245
w36460,36460,Mawarta Forest Reserve,Forest Reserve,Borno,Bama,7067.0,,,,,Sub-national ministry or agency,,,sudan,,,,,,,,,wdpa,C,0,0,,,11.749,14.156
w36461,36461,Imbibnina Forest Reserve,Forest Reserve,Borno,Damboa,8172.0,,,,,Sub-national ministry or agency,,,nguinea,,,,,,,,,wdpa,C,0,0,,,10.896,12.567
w36462,36462,Lemsikari Forest Reserve,Forest Reserve,Borno,Biu,1488.0,,,,,Sub-national ministry or agency,,,nguinea,Sudan savanna.,,,,,,Listed in GeoNames; little documented.,Lemsikari.,wdpa,C,0,0,,https://www.geonames.org/search.html?q=forest+reserve+borno&country=NG,10.66,12.224
w36469,36469,Zangula River Forest Reserve,Forest Reserve,Adamawa,Hong,757.0,,,,,Sub-national ministry or agency,,,nguinea,Northern Guinea/Sudan savanna.,,,,,,Listed in GeoNames; little documented.,Zangula River.,wdpa,C,0,0,,https://www.geonames.org/search.html?q=forest+reserve+adamawa&country=NG,10.38,12.725
w36470,36470,Kinging Forest Reserve,Forest Reserve,Adamawa,Hong,959.0,,,,,Sub-national ministry or agency,,,nguinea,,,,,,,,,wdpa,C,0,0,,,10.385,12.762
w36463,36463,Marama Hill Forest Reserve,Forest Reserve,Borno,Hawul,4879.0,,,,,Sub-national ministry or agency,,,nguinea,Sudan savanna.,,,,,,Listed in GeoNames; little documented.,Marama Hill.,wdpa,C,176,123,,https://www.geonames.org/search.html?q=forest+reserve+borno&country=NG,10.385,12.178
w36464,36464,Lokwoja Forest Reserve,Forest Reserve,Borno,Hawul,210.0,,,,,Sub-national ministry or agency,,,nguinea,Sudan savanna.,,,,,,Listed in GeoNames; little documented.,Lokwoja.,wdpa,C,42,35,,https://www.geonames.org/search.html?q=forest+reserve+borno&country=NG,10.375,12.295
w36465,36465,Gardemna Forest Reserve,Forest Reserve,Adamawa,Gombi,6684.0,,,,,Sub-national ministry or agency,,,nguinea,Northern Guinea/Sudan savanna.,,,,,,Listed in GeoNames; little documented.,Gardemna.,wdpa,C,0,0,,https://www.geonames.org/search.html?q=forest+reserve+adamawa&country=NG,10.326,12.518
w36466,36466,Kogin Zur Forest Reserve,Forest Reserve,Borno,Hawul,1266.0,,,,,Sub-national ministry or agency,,,nguinea,Sudan savanna.,,,,,,Listed in GeoNames; little documented.,Kogin Zur.,wdpa,C,0,0,,https://www.geonames.org/search.html?q=forest+reserve+borno&country=NG,10.418,12.472
w36467,36467,Ngohingulde Forest Reserve,Forest Reserve,Borno,Askira Uba,14573.0,,,,,Sub-national ministry or agency,,,nguinea,Sudan savanna.,,,,,,Listed in GeoNames; little documented.,Ngohingulde.,wdpa,C,0,0,,https://www.geonames.org/search.html?q=forest+reserve+borno&country=NG,10.574,12.645
w36468,36468,Birniwa Forest Reserve,Forest Reserve,Borno,Askira Uba,845.0,,,,,Sub-national ministry or agency,,,nguinea,,,,,,,,,wdpa,C,0,0,,,10.612,13.034
w36471,36471,Maki Forest Reserve,Forest Reserve,Adamawa,Hong,1054.0,,,,,Sub-national ministry or agency,,,nguinea,Northern Guinea/Sudan savanna.,,,,,,Listed in GeoNames; little documented.,Maki.,wdpa,C,0,0,,https://www.geonames.org/search.html?q=forest+reserve+adamawa&country=NG,10.395,13
w36472,36472,Yautare Forest Reserve,Forest Reserve,Bauchi,Darazo,12070.0,,,,,Sub-national ministry or agency,,,nguinea,,,,,,,,,wdpa,C,80,41,,,10.905,10.526
w36473,36473,Dukku Forest Reserve,Forest Reserve,Gombe,Dukku,4226.0,,,,,Sub-national ministry or agency,,,nguinea,,,,,,,,,wdpa,C,51,26,,,10.887,10.785
w36474,36474,Kirfi Hill Forest Reserve,Forest Reserve,Bauchi,Kirfi,15947.0,,,,,Sub-national ministry or agency,,,nguinea,,,,,,,,,wdpa,C,80,54,,,10.4,10.517
w36475,36475,Bara Forest Reserve,Forest Reserve,Bauchi,Kirfi,1976.0,,,,,Sub-national ministry or agency,,,nguinea,,,,,,,,,wdpa,C,26,25,,,10.363,10.653
w36476,36476,Ako Forest Reserve,Forest Reserve,Gombe,Akko,5436.0,,,,,Sub-national ministry or agency,,,nguinea,,,,,,,,,wdpa,C,78,44,,,10.295,11.027
w36487,36487,Wuro Bamusa Forest Reserve,Forest Reserve,Gombe,Yamaltu/Deba,213.0,,,,,Sub-national ministry or agency,,,nguinea,,,,,,,,,wdpa,C,1,1,,,10.242,11.21
w36477,36477,Gombe Forest Reserve,Forest Reserve,Gombe,Akko,373.0,,,,,Sub-national ministry or agency,,,nguinea,,,,,,,,,wdpa,C,26,24,,,10.293,11.072
w36478,36478,Dandadu Forest Reserve,Forest Reserve,Gombe,Akko,3533.0,,,,,Sub-national ministry or agency,,,nguinea,,,,,,,,,wdpa,C,27,23,,,10.255,11.033
w36479,36479,Tukulma Forest Reserve,Forest Reserve,Gombe,Akko,11131.0,,,,,Sub-national ministry or agency,,,nguinea,Sudan savanna.,,,,,,Listed in GeoNames; little documented.,Tukulma.,wdpa,C,127,48,,https://www.geonames.org/search.html?q=forest+reserve+gombe&country=NG,10.214,10.948
w36480,36480,Lembi Forest Reserve,Forest Reserve,Gombe,Akko,1327.0,,,,,Sub-national ministry or agency,,,nguinea,,,,,,,,,wdpa,C,7,7,,,10.12,11.098
w36481,36481,Dutsen Amina Forest Reserve,Forest Reserve,Gombe,Akko,418.0,,,,,Sub-national ministry or agency,,,nguinea,,,,,,,,,wdpa,C,5,5,,,10.07,11.17
w36482,36482,Jauro Tukur Forest Reserve,Forest Reserve,Gombe,Akko,138.0,,,,,Sub-national ministry or agency,,,nguinea,,,,,,,,,wdpa,C,5,5,,,10.082,11.173
w36483,36483,Garko Forest Reserve,Forest Reserve,Gombe,Akko,644.0,,,,,Sub-national ministry or agency,,,nguinea,,,,,,,,,wdpa,C,0,0,,,10.16,11.147
w36484,36484,Alin Magani Forest Reserve,Forest Reserve,Gombe,Akko,417.0,,,,,Sub-national ministry or agency,,,nguinea,,,,,,,,,wdpa,C,1,1,,,10.182,11.1
w36488,36488,Kalsingi Hills Forest Reserve,Forest Reserve,Gombe,Yamaltu/Deba,2802.0,,,,,Sub-national ministry or agency,,,nguinea,,,,,,,,,wdpa,C,1,1,,,10.227,11.256
w36489,36489,Shebangel Hills Forest Reserve,Forest Reserve,Gombe,Yamaltu/Deba,1202.0,,,,,Sub-national ministry or agency,,,nguinea,,,,,,,,,wdpa,C,69,39,,,10.302,11.288
w36490,36490,Liji Hills Forest Reserve,Forest Reserve,Gombe,Yamaltu/Deba,1730.0,,,,,Sub-national ministry or agency,,,nguinea,,,,,,,,,wdpa,C,103,71,,,10.308,11.23
w36491,36491,Kafarati Forest Reserve,Forest Reserve,Gombe,Kwami,1773.0,,,,,Sub-national ministry or agency,,,nguinea,,,,,,,,,wdpa,C,1,1,,,10.332,11.16
w36492,36492,Jankai Forest Reserve,Forest Reserve,Gombe,Kwami,2630.0,,,,,Sub-national ministry or agency,,,nguinea,,,,,,,,,wdpa,C,132,56,,,10.326,11.116
w36493,36493,Gadam Forest Reserve,Forest Reserve,Gombe,Kwami,4634.0,,,,,Sub-national ministry or agency,,,nguinea,,,,,,,,,wdpa,C,3,3,,,10.417,11.121
w36598,36598,Bida (Niger State) Forest Reserve,Forest Reserve,Niger,Bida,302.0,,,,,Sub-national ministry or agency,,,sguinea,,,,,,,,,wdpa,C,22,4,,,9.133,5.967
w36494,36494,Wawa Forest Reserve,Forest Reserve,Gombe,Funakaye,53051.0,,,,,Sub-national ministry or agency,,,nguinea,,,,,,,,,wdpa,C,769,151,,,10.687,11.245
w36495,36495,Tongo Forest Reserve,Forest Reserve,Gombe,Funakaye,743.0,,,,,Sub-national ministry or agency,,,nguinea,,,,,,,,,wdpa,C,1,1,,,10.688,11.354
w36496,36496,Bodor Hill Forest Reserve,Forest Reserve,Gombe,Funakaye,2926.0,,,,,Sub-national ministry or agency,,,nguinea,,,,,,,,,wdpa,C,28,18,,,10.774,11.322
w36497,36497,Abba Isari Forest Reserve,Forest Reserve,Gombe,Nafada,2153.0,,,,,Sub-national ministry or agency,,,nguinea,,,,,,,,,wdpa,C,0,0,,,10.855,11.317
w36498,36498,Bage Forest Reserve,Forest Reserve,Gombe,Funakaye,1757.0,,,,,Sub-national ministry or agency,,,nguinea,,,,,,,,,wdpa,C,0,0,,,10.93,11.413
w300707,300707,Unnamed Forest Reserve (No.27),Forest Reserve,Bauchi,Dambam,125.0,,,,,Sub-national ministry or agency,,,sudan,,,,,,,,,wdpa,C,0,0,,,11.692,10.9
w36499,36499,Buratai Forest Reserve,Forest Reserve,Borno,Biu,5300,,,,,Sub-national ministry or agency,,,nguinea,Sudan savanna.,,,,,,Listed in GeoNames; little documented.,Buratai.,wdpa,C,0,0,,https://www.geonames.org/search.html?q=forest+reserve+borno&country=NG,10.897,11.952
w36500,36500,Meringa North West Forest Reserve,Forest Reserve,Borno,Biu,6680.0,,,,,Sub-national ministry or agency,,,nguinea,,,,,,,,,wdpa,C,0,0,,,10.76,11.855
w36501,36501,Divana Forest Reserve,Forest Reserve,Borno,Kwaya Kusar,8825.0,,,,,Sub-national ministry or agency,,,nguinea,,,,,,,,,wdpa,C,4,2,,,10.562,11.829
w36502,36502,Kwaya Tera Forest Reserve,Forest Reserve,Borno,Kwaya Kusar,1761.0,,,,,Sub-national ministry or agency,,,nguinea,,,,,,,,,wdpa,C,0,0,,,10.503,11.94
w36508,36508,Burashika Forest Reserve,Forest Reserve,Borno,Shani,4195.0,,,,,Sub-national ministry or agency,,,nguinea,,,,,,,,,wdpa,C,0,0,,,10.116,11.867
w36503,36503,Wuyo Gube Forest Reserve,Forest Reserve,Borno,Bayo,4863.0,,,,,Sub-national ministry or agency,,,nguinea,,,,,,,,,wdpa,C,67,33,,,10.377,11.754
w36504,36504,Yamaltu Forest Reserve,Forest Reserve,Gombe,Yamaltu/Deba,3389.0,,,,,Sub-national ministry or agency,,,nguinea,,,,,,,,,wdpa,C,72,26,,,10.306,11.448
w36505,36505,Kanawa Forest Reserve,Forest Reserve,Gombe,Yamaltu/Deba,356.0,41,,1953,,Sub-national ministry or agency,,,nguinea,"Sudan savanna woodland. Mosaic of dense Sudan savanna on hills with riparian, marshy and lowland forest along the Poli stream, tall-grass grassland, and thorn forest in drier parts; altitude 336-390 m","Azadirachta indica (dominant), Azanza garckeana, Raphia sudanica, Elaeis guineensis, Senna siamea, Ficus congoensis, Ficus polita, Gmelina arborea, Azadirachta indica, Anogeissus leiocarpus, Vitex doniana, Albizia lebbeck",,"Fuelwood, grazing. Former tree nursery supplying roadside and town planting across Gombe division",,"Fuelwood cutting, encroachment.",Studied reserve; neem-dominated woody layer indicates past plantation/degradation. Located at Kanawa village. The reserve is in Yamaltu/Deba LGA. It began as a Native Authority Senna siamea plantation in 1940-45 and was gazetted in 1953 under Native Authority notice no. 15. The study gives the area as 41 ha in one section and 53 ha in another.,Kanawa.,wdpa,C,8,4,,https://journalijcar.org/issues/assessment-tree-species-diversity-status-some-forest-reserves-gombe-state-strategy-ecosystems | https://www.geonames.org/search.html?q=kanawa&country=NG | https://rsisinternational.org/journals/ijrsi/digital-library/volume-7-issue-1/102-109.pdf | https://ideas.repec.org/a/bjc/journl/v7y2020i1p102-109.html,10.25,11.365
w36506,36506,Jagali Forest Reserve,Forest Reserve,Borno,Shani,12406.0,,,,,Sub-national ministry or agency,,,nguinea,,,,,,,,,wdpa,C,37,18,,,10.169,11.719
w36507,36507,Gasi Forest Reserve,Forest Reserve,Borno,Shani,6802.0,,,,,Sub-national ministry or agency,,,nguinea,,,,,,,,,wdpa,C,4,2,,,10.129,11.777
w36509,36509,Walama Forest Reserve,Forest Reserve,Borno,Shani,5146.0,,,,,Sub-national ministry or agency,,,nguinea,,,,,,,,,wdpa,C,0,0,,,10.196,11.886
w36511,36511,Kumo Forest Reserve,Forest Reserve,Gombe,Akko,1475.0,,,,,Sub-national ministry or agency,,,nguinea,,,,,,,,,wdpa,C,2,1,,,10,11.186
w36512,36512,Lame Forest Reserve,Forest Reserve,Bauchi,Toro,149711.0,,,1972,,Sub-national ministry or agency,,,nguinea,"Northern Guinea savanna woodland, grading to Sudan savanna in the north; riparian forest along rivers and seasonal watercourses",,"Birds of the combined Falgore-Lame Burra KBA include white stork, red-footed falcon, Abyssinian ground hornbill; lion and red-fronted gazelle reported at very low numbers, possibly extirpated",,,"Poaching, illegal grazing, over-fishing (including chemical poisons), bush fires, tree felling and farmland allocation (Ningi side), insecurity: in 2020 legislators reported bandits and other criminal groups based in the reserve","Facts here refer to Lame Burra Game Reserve (reported at 205,900 ha, gazetted 1972), where 101 plant species have been recorded. This reserve appears to be its Lame section: the match is based on name and location (Toro LGA) and no source confirms it. In January 2022 Bauchi State revoked illegal land allocations in the reserve and banned farming there. The West African Conservation Network is working with the state government on management, ranger capacity and habitat restoration.",,wdpa,A,1846,175,,https://www.keybiodiversityareas.org/site/factsheet/6758 | https://www.westafricanconservation.org/?p=9103 | https://von.gov.ng/reps-want-security-formations-in-lame-burra-game-reserve/ | https://www.icirnigeria.org/bauchi-state-revokes-illegal-land-allocations-in-lame-burra-forest-after-wikkitimes-investigation/ | https://www.icirnigeria.org/bauchi-politicians-betray-peoples-trust-plunder-states-forest-reserves/,10.646,9.324
w36520,36520,Zaranda Hill Forest Reserve,Forest Reserve,Bauchi,Toro,735.0,,,,,Sub-national ministry or agency,,,nguinea,,,,,,,,,wdpa,C,25,24,,,10.29,9.61
w36513,36513,Jauro River Forest Reserve,Forest Reserve,Bauchi,Toro,17796.0,,,,,Sub-national ministry or agency,,,nguinea,,,,,,,,,wdpa,C,130,58,,,10.283,9.402
w36514,36514,Kwandonkaya Panshanu Forest Reserve,Forest Reserve,Bauchi,Toro,19409.0,,,,,Sub-national ministry or agency,,,nguinea,Northern Guinea savanna.,,,,,,Panshanu Bauchi Native Area reserve No. 31 (GeoNames); little documented.,Panshanu.,wdpa,C,298,123,,https://www.geonames.org/search.html?q=forest+reserve+bauchi&country=NG,10.161,9.185
w36515,36515,Radwan Forest Reserve,Forest Reserve,Bauchi,Toro,554.0,,,,,Sub-national ministry or agency,,,nguinea,,,,,,,,,wdpa,C,1,1,,,10.102,9.107
w36517,36517,Waji Hills Forest Reserve,Forest Reserve,Bauchi,Toro,5172.0,,,,,Sub-national ministry or agency,,,nguinea,Northern Guinea savanna.,,,,,,Bauchi Native Area reserve listed in GeoNames; little documented.,Waji.,wdpa,C,90,61,,https://www.geonames.org/search.html?q=forest+reserve+bauchi&country=NG,10.103,9.22
w36518,36518,Nabardo Forest Reserve,Forest Reserve,Bauchi,Toro,831.0,,,,,Sub-national ministry or agency,,,nguinea,,,,,,,,,wdpa,C,4,1,,,10.182,9.372
w36519,36519,Tatu Forest Reserve,Forest Reserve,Bauchi,Toro,582.0,,,,,Sub-national ministry or agency,,,nguinea,,,,,,,,,wdpa,C,2,2,,,10.21,9.49
w36521,36521,Galambi Forest Reserve,Forest Reserve,Bauchi,Tafawa-Balewa,4918.0,,,,,Sub-national ministry or agency,,,nguinea,,,,,,,,,wdpa,C,62,31,,,10.135,9.62
w36522,36522,Buli Hill Forest Reserve,Forest Reserve,Bauchi,Bauchi,1158.0,,,,,Sub-national ministry or agency,,,nguinea,,,,,,,,,wdpa,C,1104,105,,,10.197,9.773
w36523,36523,Kir Hill Forest Reserve,Forest Reserve,Bauchi,Bauchi,1746.0,,,,,Sub-national ministry or agency,,,nguinea,,,,,,,,,wdpa,C,36,29,,,10.191,9.843
w36524,36524,Tala Hill Forest Reserve,Forest Reserve,Bauchi,Bauchi,1956.0,,,,,Sub-national ministry or agency,,,nguinea,,,,,,,,,wdpa,C,251,152,,,10.224,9.868
w36525,36525,Dutsen Bello Forest Reserve,Forest Reserve,Bauchi,Bauchi,4708.0,,,,,Sub-national ministry or agency,,,nguinea,,,,,,,,,wdpa,C,124,63,,,10.32,9.983
w36526,36526,Fadaman Mada Forest Reserve,Forest Reserve,Bauchi,Bauchi,221.0,,,,,Sub-national ministry or agency,,,nguinea,,,,,,,,,wdpa,C,188,128,,,10.348,9.848
w36527,36527,Dutsin Gora Forest Reserve,Forest Reserve,Bauchi,Bauchi,1212.0,,,,,Sub-national ministry or agency,,,nguinea,,,,,,,,,wdpa,C,1,1,,,10.342,9.782
w36528,36528,Ran Forest Reserve,Forest Reserve,Bauchi,Bauchi,4258.0,,,,,Sub-national ministry or agency,,,nguinea,,,,,,,,,wdpa,C,246,109,,,10.398,9.822
w36529,36529,Sumu Forest Reserve,Forest Reserve,Bauchi,Bauchi,7478.0,,,,,Sub-national ministry or agency,,,nguinea,,,,,,,,,wdpa,C,107,53,,,10.588,9.665
w36530,36530,Bunga Hill Forest Reserve,Forest Reserve,Bauchi,Ganjuwa,1960.0,1959.5,,,,Sub-national ministry or agency,Jigawa State Forestry Department,,nguinea,Northern Guinea savanna zone.,,,,,,WDPA-listed forest reserve; polygon centroid nearest town Gwaram. State assigned from nearest town (Gwaram); near Jigawa–Bauchi border.,Bunga Hill.,wdpa,C,31,31,,https://www.protectedplanet.net/country/NGA | https://services9.arcgis.com/IkktFdUAcY3WrH25/arcgis/rest/services/WDPA_Terrestrial_Simplification50/FeatureServer/0,10.956,9.698
w36531,36531,Zala Forest Reserve,Forest Reserve,Bauchi,Ganjuwa,34660.0,,,,,Sub-national ministry or agency,,,nguinea,,,,,,,,,wdpa,C,370,130,,,10.746,10.095
w36532,36532,Zalanga Forest Reserve,Forest Reserve,Bauchi,Ganjuwa,3896.0,,,,,Sub-national ministry or agency,,,nguinea,,,,,,,,,wdpa,C,80,41,,,10.583,10.196
w36626,36626,Prison Fuel Forest Reserve,Forest Reserve,Niger,Gbako,200,,,,,Sub-national ministry or agency,Niger State Ministry of Environment & Forest Resources,,sguinea,Guinea savanna woodland.,,,,,,Gazetted forest reserve; location from GeoNames point. Current condition not documented.,Prison Fuel.,wdpa,C,81,37,,http://www.geonames.org/search.html?q=forest+reserve&country=NG,9.215,6.028
w36533,36533,Kuna Hill Forest Reserve,Forest Reserve,Bauchi,Ganjuwa,2292.0,,,,,Sub-national ministry or agency,,,nguinea,,,,,,,,,wdpa,C,1,1,,,10.613,10.24
w36535,36535,Burra West Forest Reserve,Forest Reserve,Bauchi,Ningi,16620.0,16619.5,,,,Sub-national ministry or agency,Kano State Forestry Department,,nguinea,Northern Guinea savanna zone.,,,,,,"WDPA-listed forest reserve; polygon centroid nearest town Ririwai. State assigned from nearest town (Ririwai, Doguwa LGA); near Kano–Kaduna–Bauchi border. GeoNames-listed reserve in the Burra area west of Lame-Burra GR.",Burra West.,wdpa,B,141,56,,https://www.geonames.org/search.html?q=forest+reserve&country=NG&startRow=100 | https://www.protectedplanet.net/country/NGA | https://services9.arcgis.com/IkktFdUAcY3WrH25/arcgis/rest/services/WDPA_Terrestrial_Simplification50/FeatureServer/0,10.929,8.869
w36592,36592,Kutigi Forest Reserve,Forest Reserve,Niger,Lavun,887.0,,,,,Sub-national ministry or agency,Niger State Ministry of Environment & Forest Resources,,sguinea,Guinea savanna woodland.,,,,,,Gazetted forest reserve; location from GeoNames point. Current condition not documented.,Kutigi.,wdpa,C,5,5,,http://www.geonames.org/search.html?q=forest+reserve&country=NG,9.21,5.608
w36536,36536,Galma Forest Reserve,Forest Reserve,Kaduna,Kubau,18507.0,18506.6,,,,Sub-national ministry or agency,Kaduna State Forestry Department,,nguinea,Northern Guinea savanna zone.,,,,,,WDPA-listed forest reserve; polygon centroid nearest town Ririwai. Listed as 'Galma River' in Kaduna State Forestry Law 2019 schedule.,Galma.,wdpa,B,167,67,,https://www.protectedplanet.net/country/NGA | https://services9.arcgis.com/IkktFdUAcY3WrH25/arcgis/rest/services/WDPA_Terrestrial_Simplification50/FeatureServer/0,10.763,8.535
w36537,36537,Ribako Forest Reserve,Forest Reserve,Kaduna,Igabi,19858.0,19857.6,,,,Sub-national ministry or agency,Kaduna State Forestry Department,,nguinea,Northern Guinea savanna zone.,,,,,,Listed as 'Ribako' in Kaduna State Forestry Law 2019; World Bank-funded plantation management (eucalyptus/pine).,Ribako.,wdpa,B,74,47,,https://www.fao.org/4/AC918E/AC918E13.htm | https://www.protectedplanet.net/country/NGA,10.618,7.837
w36538,36538,Anara Forest Reserve,Forest Reserve,Kaduna,Igabi,22582.0,22581.5,,,,Sub-national ministry or agency,Kaduna State Forestry Department,,nguinea,Northern Guinea savanna zone.,,,,,,WDPA-listed forest reserve; polygon centroid nearest town Igabi.,Anara.,wdpa,B,526,271,,https://www.protectedplanet.net/country/NGA | https://services9.arcgis.com/IkktFdUAcY3WrH25/arcgis/rest/services/WDPA_Terrestrial_Simplification50/FeatureServer/0,10.717,7.637
w36539,36539,Kwogin Kerami Forest Reserve,Forest Reserve,Kaduna,Lere,4958.0,4957.8,,,,Sub-national ministry or agency,Kaduna State Forestry Department,,nguinea,Northern Guinea savanna zone.,,,,,,WDPA-listed forest reserve; polygon centroid nearest town Lere. Listed as 'Kogin Kerami' in Kaduna State Forestry Law 2019 schedule.,Kwogin Kerami.,wdpa,B,20,20,,https://www.protectedplanet.net/country/NGA | https://services9.arcgis.com/IkktFdUAcY3WrH25/arcgis/rest/services/WDPA_Terrestrial_Simplification50/FeatureServer/0,10.555,8.563
w36540,36540,Kurmin Male Forest Reserve,Forest Reserve,Kaduna,Lere,618.0,618.2,,,,Sub-national ministry or agency,Kaduna State Forestry Department,,nguinea,Northern Guinea savanna zone.,,,,,,WDPA-listed forest reserve; polygon centroid nearest town Saminaka.,Kurmin Male.,wdpa,C,21,9,,https://www.protectedplanet.net/country/NGA | https://services9.arcgis.com/IkktFdUAcY3WrH25/arcgis/rest/services/WDPA_Terrestrial_Simplification50/FeatureServer/0,10.432,8.634
w36541,36541,Limoro Forest Reserve,Forest Reserve,Plateau,Bassa,6597.0,6597.1,,,,Sub-national ministry or agency,Kaduna State Forestry Department,,nguinea,Northern Guinea savanna zone.,,,,,,"WDPA-listed forest reserve; polygon centroid nearest town Saminaka. State assigned from nearest town (Saminaka); near Kaduna–Plateau–Bauchi border. GeoNames point with no state, near the Plateau-Kaduna boundary; state unconfirmed.",Limoro Chokobo River Forest Reserve.,wdpa,B,0,0,,http://www.geonames.org/search.html?q=forest+reserve&country=NG | https://www.protectedplanet.net/country/NGA | https://services9.arcgis.com/IkktFdUAcY3WrH25/arcgis/rest/services/WDPA_Terrestrial_Simplification50/FeatureServer/0,10.304,8.899
w36542,36542,Jere Forest Reserve,Forest Reserve,Plateau,Bassa,8748.0,,,,,Sub-national ministry or agency,Plateau State Ministry of Environment (Forestry),,nguinea,Jos Plateau montane savanna / Guinea savanna.,,,,,,Gazetted forest reserve; location from GeoNames point. Current condition not documented.,Jere.,wdpa,C,77,31,,http://www.geonames.org/search.html?q=forest+reserve&country=NG,10.195,8.881
w36544,36544,Radung Forest Reserve,Forest Reserve,Plateau,Jos North,1161.0,,,,,Sub-national ministry or agency,,,jos,,,,,,,,,wdpa,C,46,38,,,9.995,8.97
w36545,36545,Gurum River Forest Reserve,Forest Reserve,Plateau,Bassa,8306.0,,,,,Sub-national ministry or agency,Plateau State Ministry of Environment (Forestry),,nguinea,Jos Plateau montane savanna / Guinea savanna.,,,,,,Gazetted forest reserve; location from GeoNames point. Current condition not documented.,Guram River.,wdpa,C,361,95,,http://www.geonames.org/search.html?q=forest+reserve&country=NG,10.125,8.846
w36546,36546,Rafin Bawa Forest Reserve,Forest Reserve,Plateau,Bassa,6564.0,,,,,Sub-national ministry or agency,,,jos,,,,,,,,,wdpa,C,98,48,,,10.005,8.72
w36547,36547,Rukuba Forest Reserve,Forest Reserve,Plateau,Bassa,3285.0,,,,,Sub-national ministry or agency,Plateau State Ministry of Environment (Forestry),,nguinea,Jos Plateau montane savanna / Guinea savanna.,,,,,,Gazetted forest reserve; location from GeoNames point. Current condition not documented.,Rukuba(Amo).,wdpa,C,0,0,,http://www.geonames.org/search.html?q=forest+reserve&country=NG,10.11,8.723
w36548,36548,Kurmin Bakin Kogin Forest Reserve,Forest Reserve,Kaduna,Lere,739.0,738.5,,,,Sub-national ministry or agency,Kaduna State Forestry Department,,nguinea,Northern Guinea savanna zone.,,,,,,WDPA-listed forest reserve; polygon centroid nearest town Bassa. Listed as 'Kurmin B/Kogi' in Kaduna State Forestry Law 2019 schedule.,Kurmin Bakin Kogin.,wdpa,C,2,2,,https://www.protectedplanet.net/country/NGA | https://services9.arcgis.com/IkktFdUAcY3WrH25/arcgis/rest/services/WDPA_Terrestrial_Simplification50/FeatureServer/0,10.09,8.563
w36551,36551,Mai-Ido Forest Reserve,Forest Reserve,Kaduna,Kajuru,20673.0,20673.3,,,,Sub-national ministry or agency,Kaduna State Forestry Department,,nguinea,Northern Guinea savanna zone.,,,,,,WDPA-listed forest reserve; polygon centroid nearest town Kachia. Listed as 'Mal Ido' in Kaduna State Forestry Law 2019 schedule.,Mai-Ido.,wdpa,B,5,4,,https://www.protectedplanet.net/country/NGA | https://services9.arcgis.com/IkktFdUAcY3WrH25/arcgis/rest/services/WDPA_Terrestrial_Simplification50/FeatureServer/0,10.003,7.783
w36552,36552,Libere Forest Reserve,Forest Reserve,Kaduna,Kauru,12396.0,12396.0,,,,Sub-national ministry or agency,Kaduna State Forestry Department,,nguinea,Northern Guinea savanna zone.,,,,,,WDPA-listed forest reserve; polygon centroid nearest town Kauru.,Libere.,wdpa,B,46,38,,https://www.protectedplanet.net/country/NGA | https://services9.arcgis.com/IkktFdUAcY3WrH25/arcgis/rest/services/WDPA_Terrestrial_Simplification50/FeatureServer/0,10.428,8.117
w36553,36553,Kona Forest Reserve,Forest Reserve,Kaduna,Soba,20462.0,20461.9,,,,Sub-national ministry or agency,Kaduna State Forestry Department,,nguinea,Northern Guinea savanna zone.,,,,,,WDPA-listed forest reserve; polygon centroid nearest town Soba.,Kona.,wdpa,B,104,54,,https://www.protectedplanet.net/country/NGA | https://services9.arcgis.com/IkktFdUAcY3WrH25/arcgis/rest/services/WDPA_Terrestrial_Simplification50/FeatureServer/0,10.866,7.946
w36555,36555,Kwongoma Forest Reserve,Forest Reserve,Niger,Rafi,2916.0,,,,,Sub-national ministry or agency,,,nguinea,,,,,,,,,wdpa,C,4,2,,,10.408,6.432
w36556,36556,Alawa Forest Reserve,Forest Reserve,Niger,Shiroro,31142.0,,,,,Sub-national ministry or agency,,,nguinea,,,,,,Insecurity in the Alawa area,Alawa Game Reserve (Niger State) was approved in 2020 as one of 10 sites to be upgraded to national parks (Niger State approved the NPS request in 2013); a state transition committee for handover to the Nigeria National Park Service was inaugurated in November 2024.,,wdpa,C,9,4,,https://fmino.gov.ng/niger-state-government-inaugurates-transition-committee-for-smooth-handing-and-taking-over-of-upgraded-alawa-game-reserve-to-a-national-park/ | https://von.gov.ng/?p=364211,10.294,6.532
w36560,36560,Mando Road North Forest Reserve,Forest Reserve,Kaduna,Birnin Gwari,11034.0,11033.8,,,,Sub-national ministry or agency,Kaduna State Forestry Department,,nguinea,Northern Guinea savanna zone.,,,,,,WDPA-listed forest reserve; polygon centroid nearest town Kaduna.,Mando Road North.,wdpa,B,7,3,,https://www.protectedplanet.net/country/NGA | https://services9.arcgis.com/IkktFdUAcY3WrH25/arcgis/rest/services/WDPA_Terrestrial_Simplification50/FeatureServer/0,10.696,7.071
w36561,36561,Mando Road South Forest Reserve,Forest Reserve,Kaduna,Chikun,12534.0,12533.8,,,,Sub-national ministry or agency,Kaduna State Forestry Department,,nguinea,Northern Guinea savanna zone.,,,,,,WDPA-listed forest reserve; polygon centroid nearest town Makera.,Mando Road South.,wdpa,B,101,49,,https://www.protectedplanet.net/country/NGA | https://services9.arcgis.com/IkktFdUAcY3WrH25/arcgis/rest/services/WDPA_Terrestrial_Simplification50/FeatureServer/0,10.54,7.144
w36557,36557,Mando Forest Reserve,Forest Reserve,Kaduna,Birnin Gwari,15234.0,15233.9,,,,Sub-national ministry or agency,Kaduna State Forestry Department,,nguinea,Northern Guinea savanna zone.,,,,,,WDPA-listed forest reserve; polygon centroid nearest town Birnin Gwari.,Mando.,wdpa,B,135,74,,https://www.protectedplanet.net/country/NGA | https://services9.arcgis.com/IkktFdUAcY3WrH25/arcgis/rest/services/WDPA_Terrestrial_Simplification50/FeatureServer/0,10.634,6.579
w36558,36558,Rikau Forest Reserve,Forest Reserve,Kaduna,Giwa,19440.0,19440.3,,,,Sub-national ministry or agency,Kaduna State Forestry Department,,nguinea,Northern Guinea savanna zone.,,,,,,WDPA-listed forest reserve; polygon centroid nearest town Sabuwa. Listed in Kaduna State Forestry Law 2019 First Schedule (Giwa LGA).,Rikau.,wdpa,B,54,45,,https://www.protectedplanet.net/country/NGA | https://services9.arcgis.com/IkktFdUAcY3WrH25/arcgis/rest/services/WDPA_Terrestrial_Simplification50/FeatureServer/0,10.878,7.231
w36559,36559,Labar Forest Reserve,Forest Reserve,Kaduna,Igabi,13266.0,13266.4,,,,Sub-national ministry or agency,Kaduna State Forestry Department,,nguinea,Northern Guinea savanna zone.,,,,,,WDPA-listed forest reserve; polygon centroid nearest town Igabi.,Labar.,wdpa,B,37,37,,https://www.protectedplanet.net/country/NGA | https://services9.arcgis.com/IkktFdUAcY3WrH25/arcgis/rest/services/WDPA_Terrestrial_Simplification50/FeatureServer/0,10.877,7.371
w36562,36562,Afaka Forest Reserve,Forest Reserve,Kaduna,Igabi,15163.0,15162.6,,,,Sub-national ministry or agency,Kaduna State Forestry / FRIN,,nguinea,"Northern Guinea savanna with eucalyptus and pine plantations. Northern Guinea savanna natural forest plus afforestation plantations; woody density about 625-962 stems/ha, mostly in the 10-19 cm diameter class.","Eucalyptus, pine plantations, Isoberlinia doka, Acacia senegal, Parkia biglobosa, Terminalia avicennioides, Triplochiton scleroxylon",,"Plantation timber, poles, fuelwood. Timber, fuelwood, medicinal materials and food products for the Afaka community; research and development use.",Forestry research and plantation trials (FRIN/JICA).,"Banditry/kidnapping, encroachment. Unregulated harvesting of timber and fuelwood; very poor natural regeneration (zero for Triplochiton scleroxylon).","Site of the FRIN/JICA trial mechanised afforestation project (742.94 ha) and World Bank-funded plantation management. An afforestation project about three decades old, studied by FRIN for its livelihood benefits; a 2022 survey recorded 181 plant species in 21 families.",Afaka.,wdpa,A,301,91,,https://www.fao.org/4/AC918E/AC918E13.htm | https://www.protectedplanet.net/country/NGA | https://doaj.org/article/3a05368b318943989bb9967ee4737345 | https://www.ajol.info/index.php/gjs/article/view/307438,10.622,7.329
w36563,36563,Rigachikun Forest Reserve,Forest Reserve,Kaduna,Igabi,4865.0,4865.1,,,,Sub-national ministry or agency,Kaduna State Forestry Department,,nguinea,Northern Guinea savanna zone.,,,,,,WDPA-listed forest reserve; polygon centroid nearest town Kaduna.,Rigachikun.,wdpa,B,52,32,,https://www.protectedplanet.net/country/NGA | https://services9.arcgis.com/IkktFdUAcY3WrH25/arcgis/rest/services/WDPA_Terrestrial_Simplification50/FeatureServer/0,10.662,7.44
w36564,36564,Kagurna Forest Reserve,Forest Reserve,Kaduna,Chikun,17028.0,17027.9,,,,Sub-national ministry or agency,Kaduna State Forestry Department,,nguinea,Northern Guinea savanna zone.,,,,,,WDPA-listed forest reserve; polygon centroid nearest town Makera.,Kagurna.,wdpa,B,72,41,,https://www.protectedplanet.net/country/NGA | https://services9.arcgis.com/IkktFdUAcY3WrH25/arcgis/rest/services/WDPA_Terrestrial_Simplification50/FeatureServer/0,10.41,7.347
w36565,36565,Kakau Forest Reserve,Forest Reserve,Kaduna,Chikun,1304.0,1304.4,,,,Sub-national ministry or agency,Kaduna State Forestry Department,,nguinea,Northern Guinea savanna zone.,,,,,,WDPA-listed forest reserve; polygon centroid nearest town Makera.,Kakau.,wdpa,C,0,0,,https://www.protectedplanet.net/country/NGA | https://services9.arcgis.com/IkktFdUAcY3WrH25/arcgis/rest/services/WDPA_Terrestrial_Simplification50/FeatureServer/0,10.385,7.42
w36593,36593,Kpeyafo Forest Reserve,Forest Reserve,Niger,Lavun,144.0,,,,,Sub-national ministry or agency,,,sguinea,,,,,,,,,wdpa,C,0,0,,,9.258,5.717
w36594,36594,Ikpeye Forest Reserve,Forest Reserve,Niger,Lavun,427.0,,,,,Sub-national ministry or agency,,,sguinea,,,,,,,,,wdpa,C,0,0,,,9.268,5.765
w36566,36566,Katerma Forest Reserve,Forest Reserve,Kaduna,Chikun,16401.0,16401.4,,,,Sub-national ministry or agency,Niger State Ministry of Environment & Forest Resources; Kaduna State Forestry Department,,nguinea,Northern Guinea savanna zone.,,,,,,WDPA-listed forest reserve; polygon centroid nearest town Sarkin Pawa. Listed as 'Katarma' in Kaduna State Forestry Law 2019 schedule. Gazetted forest reserve; location from GeoNames point. Current condition not documented.,Katerma.,wdpa,B,4,3,,http://www.geonames.org/search.html?q=forest+reserve&country=NG | https://www.protectedplanet.net/country/NGA | https://services9.arcgis.com/IkktFdUAcY3WrH25/arcgis/rest/services/WDPA_Terrestrial_Simplification50/FeatureServer/0,10.186,7.06
w36567,36567,Datsinudara Forest Reserve,Forest Reserve,Niger,Kontagora,1301.0,,,,,Sub-national ministry or agency,,,nguinea,,,,,,,,,wdpa,C,2,1,,,10.488,5.48
w36568,36568,Kontagora Forest Reserve,Forest Reserve,Niger,Kontagora,230.0,,,,,Sub-national ministry or agency,,,nguinea,,,,,,,,,wdpa,C,0,0,,,10.408,5.517
w36569,36569,Raganda Forest Reserve,Forest Reserve,Niger,Mashegu,13209.0,,,,,Sub-national ministry or agency,,,nguinea,,,,,,,,,wdpa,C,1,1,,,10.072,5.212
w36595,36595,Kusoziko Forest Reserve,Forest Reserve,Niger,Mokwa,776.0,,,,,Sub-national ministry or agency,,,sguinea,,,,,,,,,wdpa,C,0,0,,,9.072,5.216
w36596,36596,Tyabo Rokota Forest Reserve,Forest Reserve,Niger,Mokwa,2350.0,,,,,Sub-national ministry or agency,Niger State Ministry of Environment & Forest Resources,,sguinea,Guinea savanna woodland.,,,,,,Gazetted forest reserve; location from GeoNames point. Current condition not documented.,Tyabo Rokota.,wdpa,C,84,41,,http://www.geonames.org/search.html?q=forest+reserve&country=NG,9.114,5.394
w36570,36570,Zugurma Forest Reserve,Forest Reserve,Niger,Mashegu,146690.0,,,,,Sub-national ministry or agency,,,nguinea,,,,,,,,,wdpa,C,29,12,,,9.863,5.031
w36571,36571,Yelwa Fuel Forest Reserve,Forest Reserve,Kebbi,Yauri,720.0,719.7,,,,Sub-national ministry or agency,Kebbi State Forestry Department,,nguinea,Northern Guinea savanna zone.,,,,,,WDPA-listed forest reserve; polygon centroid nearest town Yelwa.,Yelwa Fuel.,wdpa,C,7,6,,https://www.protectedplanet.net/country/NGA | https://services9.arcgis.com/IkktFdUAcY3WrH25/arcgis/rest/services/WDPA_Terrestrial_Simplification50/FeatureServer/0,10.838,4.762
w36572,36572,Puissa Forest Reserve,Forest Reserve,Niger,Borgu,10236.0,,,,,Sub-national ministry or agency,,,nguinea,,,,,,,,,wdpa,C,2,2,,,10.664,4.081
w36576,36576,River Teshi Forest Reserve,Forest Reserve,Kwara,Baruten,29499.0,,,,,Sub-national ministry or agency,Kwara State Ministry of Environment & Forestry,,sguinea,Guinea savanna woodland.,,,,,,Gazetted forest reserve; location from GeoNames point. Current condition not documented.,Teshi.,wdpa,C,100,51,,http://www.geonames.org/search.html?q=forest+reserve&country=NG,9.447,3.691
w36573,36573,Borgu Forest Reserve,Forest Reserve,Niger,Borgu,328861.0,,,,,Sub-national ministry or agency,,,nguinea,,,,,,,,,wdpa,C,2595,600,,,10.054,4.116
w36585,36585,Gubagi Forest Reserve,Forest Reserve,Niger,Mashegu,5539.0,,,,,Sub-national ministry or agency,,,nguinea,,,,,,,,,wdpa,C,0,0,,,9.743,5.807
w36586,36586,Akerre Forest Reserve,Forest Reserve,Niger,Wushishi,8261.0,,,,,Sub-national ministry or agency,,,nguinea,,,,,,,,,wdpa,C,0,0,,,9.641,5.818
w36574,36574,Doro River Forest Reserve,Forest Reserve,Niger,Borgu,45710.0,,,,,Sub-national ministry or agency,Niger State Ministry of Environment & Forest Resources,,nguinea,Guinea savanna woodland.,,,,,,Gazetted forest reserve; location from GeoNames point. Current condition not documented.,Doro.,wdpa,C,476,146,,http://www.geonames.org/search.html?q=forest+reserve&country=NG,10.086,4.415
w36575,36575,Gwanara Forest Reserve,Forest Reserve,Kwara,Baruten,70027.0,,,,,Sub-national ministry or agency,,,sguinea,,,,,,,,,wdpa,C,276,94,,,9.35,3.431
w36587,36587,Kwakwa Forest Reserve,Forest Reserve,Niger,Mokwa,5388.0,,,,,Sub-national ministry or agency,,,sguinea,,,,,,,,,wdpa,C,2,1,,,9.275,5.162
w36597,36597,Zanchita Forest Reserve,Forest Reserve,Niger,Bida,931.0,,,,,Sub-national ministry or agency,,,sguinea,,,,,,,,,wdpa,C,10,8,,,9.144,5.9
w36577,36577,Vobera Forest Reserve,Forest Reserve,Kwara,Kaiama,98806.0,,,,,Sub-national ministry or agency,,,sguinea,,,,,,,,,wdpa,C,191,79,,,9.348,4.019
w36578,36578,Okuta Forest Reserve,Forest Reserve,Kwara,Baruten,4887.0,,,,,Sub-national ministry or agency,,,sguinea,,,,,,,,,wdpa,C,0,0,,,9.17,3.274
w36588,36588,Dasun Forest Reserve,Forest Reserve,Niger,Lavun,5641.0,,,,,Sub-national ministry or agency,,,sguinea,,,,,,,,,wdpa,C,1,1,,,9.372,5.604
w36589,36589,Kuduge Forest Reserve,Forest Reserve,Niger,Lavun,1608.0,,,,,Sub-national ministry or agency,,,sguinea,,,,,,,,,wdpa,C,0,0,,,9.47,5.782
w36590,36590,Kudu Forest Reserve,Forest Reserve,Niger,Mokwa,2410.0,,,,,Sub-national ministry or agency,,,sguinea,,,,,,,,,wdpa,C,0,0,,,9.214,5.292
w36579,36579,River Moshi Forest Reserve,Forest Reserve,Kwara,Kaiama,269085.0,,,,,Sub-national ministry or agency,Kwara State Ministry of Environment & Forestry,,sguinea,Guinea savanna woodland.,,,,,,Gazetted forest reserve; location from GeoNames point. Current condition not documented.,River Moshi.,wdpa,C,1417,266,,http://www.geonames.org/search.html?q=forest+reserve&country=NG,9.166,4.3
w36581,36581,River Iwa Forest Reserve,Forest Reserve,Kwara,Moro,37365.0,,,,,Sub-national ministry or agency,Kwara State Ministry of Environment & Forestry,,sguinea,Guinea savanna woodland.,,,,,,Gazetted forest reserve; location from GeoNames point. Current condition not documented.,Iwa River.,wdpa,C,220,110,,http://www.geonames.org/search.html?q=forest+reserve&country=NG,8.978,4.467
w36582,36582,Woabi Forest Reserve,Forest Reserve,Niger,Mokwa,2467.0,,,,,Sub-national ministry or agency,,,sguinea,,,,,,,,,wdpa,C,0,0,,,9.448,5.28
w36583,36583,Dagidda Forest Reserve,Forest Reserve,Niger,Lavun,30254.0,,,,,Sub-national ministry or agency,,,nguinea,,,,,,,,,wdpa,C,1,1,,,9.618,5.473
w36584,36584,Ribuku Forest Reserve,Forest Reserve,Niger,Lavun,6048.0,,,,,Sub-national ministry or agency,,,nguinea,,,,,,,,,wdpa,C,0,0,,,9.652,5.618
w36591,36591,Duma Forest Reserve,Forest Reserve,Niger,Mokwa,1448.0,,,,,Sub-national ministry or agency,,,sguinea,,,,,,,,,wdpa,C,0,0,,,9.236,5.468
w36599,36599,Dupa Forest Reserve,Forest Reserve,Niger,Bida,1367.0,,,,,Sub-national ministry or agency,,,sguinea,,,,,,,,,wdpa,C,0,0,,,9.1,5.91
w36600,36600,Kuchigi Forest Reserve,Forest Reserve,Niger,Bida,131.0,,,,,Sub-national ministry or agency,,,sguinea,,,,,,,,,wdpa,C,3,1,,,9.045,5.938
w36601,36601,Shakwadina Forest Reserve,Forest Reserve,Kano,Ajingi,5285.0,5284.7,,,,Sub-national ministry or agency,Kano State Forestry Department,,sudan,Sudan savanna zone.,,,,,,WDPA-listed forest reserve; polygon centroid nearest town Gaya.,Shakwadina.,wdpa,B,14,5,,https://www.protectedplanet.net/country/NGA | https://services9.arcgis.com/IkktFdUAcY3WrH25/arcgis/rest/services/WDPA_Terrestrial_Simplification50/FeatureServer/0,11.848,9.085
w36602,36602,Doka Forest Reserve,Forest Reserve,Kaduna,Kachia,26655.0,26654.6,,,,Sub-national ministry or agency,Kaduna State Forestry Department,,nguinea,Northern Guinea savanna zone.,,,,,,WDPA-listed forest reserve; polygon centroid nearest town Sarkin Pawa. Listed as 'Doka' / 'Doka Hills' in Kaduna State Forestry Law 2019 schedule.,Doka.,wdpa,B,24,22,,https://www.protectedplanet.net/country/NGA | https://services9.arcgis.com/IkktFdUAcY3WrH25/arcgis/rest/services/WDPA_Terrestrial_Simplification50/FeatureServer/0,9.809,7.333
w36609,36609,Gwana Forest Reserve,Forest Reserve,Niger,Shiroro,701.0,,,,,Sub-national ministry or agency,,,nguinea,,,,,,,,,wdpa,C,0,0,,,9.648,6.813
w36610,36610,Fuka Forest Reserve,Forest Reserve,Niger,Munya,1001.0,,,,,Sub-national ministry or agency,,,nguinea,,,,,,,,,wdpa,C,0,0,,,9.635,6.93
w36603,36603,Wushishi Forest Reserve,Forest Reserve,Jigawa,Birnin Kudu,12123.0,12122.7,,,,Sub-national ministry or agency,Jigawa State Forestry Department,,sudan,Sudan savanna zone.,,,,,,"WDPA-listed forest reserve; polygon centroid nearest town Birnin Kudu. Not to be confused with Wushishi town (Niger State); centroid lies near Birnin Kudu, Jigawa.",Wushishi.,wdpa,B,1233,174,,https://www.protectedplanet.net/country/NGA | https://services9.arcgis.com/IkktFdUAcY3WrH25/arcgis/rest/services/WDPA_Terrestrial_Simplification50/FeatureServer/0,11.627,9.516
w36604,36604,Beji Forest Reserve,Forest Reserve,Niger,Bosso,2960.0,,,,,Sub-national ministry or agency,,,nguinea,,,,,,,,,wdpa,C,58,28,,,9.648,6.228
w36605,36605,Minna Fuel Forest Reserve,Forest Reserve,Niger,Chanchaga,1089.0,,,,,Sub-national ministry or agency,Niger State Ministry of Environment & Forest Resources,,nguinea,Guinea savanna woodland.,,,,,,Gazetted forest reserve; location from GeoNames point. Current condition not documented.,Minna.,wdpa,C,109,33,,http://www.geonames.org/search.html?q=forest+reserve&country=NG,9.66,6.513
w36606,36606,Bosso Dam Forest Reserve,Forest Reserve,Niger,Bosso,528.0,,,,,Sub-national ministry or agency,,,nguinea,,,,,,,,,wdpa,C,5,5,,,9.66,6.55
w36607,36607,Gurusu Forest Reserve,Forest Reserve,Kaduna,Lere,544.0,544.1,,,,Sub-national ministry or agency,Kaduna State Forestry Department,,nguinea,Northern Guinea savanna zone.,,,,,,WDPA-listed forest reserve; polygon centroid nearest town Kauru.,Gurusu.,wdpa,C,,,,https://www.protectedplanet.net/country/NGA | https://services9.arcgis.com/IkktFdUAcY3WrH25/arcgis/rest/services/WDPA_Terrestrial_Simplification50/FeatureServer/0,10.645,8.429
w36608,36608,Rafin Doboyi Forest Reserve,Forest Reserve,Bauchi,Katagum,517.0,,,,,Sub-national ministry or agency,,,sudan,,,,,,,,,wdpa,C,0,0,,,11.638,10.393
w36611,36611,Guduma Forest Reserve,Forest Reserve,Niger,Munya,964.0,,,,,Sub-national ministry or agency,,,nguinea,,,,,,,,,wdpa,C,3,3,,,9.6,6.993
w36612,36612,Zubakpere Forest Reserve,Forest Reserve,Niger,Paikoro,356.0,,,,,Sub-national ministry or agency,,,nguinea,,,,,,,,,wdpa,C,0,0,,,9.615,7.101
w36613,36613,Gumu Forest Reserve,Forest Reserve,Bauchi,Shira,3038.0,,,,,Sub-national ministry or agency,,,sudan,,,,,,,,,wdpa,C,87,39,,,11.557,10.12
w36614,36614,Gbagba Forest Reserve,Forest Reserve,Niger,Katcha,661.0,,,,,Sub-national ministry or agency,,,sguinea,,,,,,,,,wdpa,C,1,1,,,9.44,6.168
w36615,36615,Kafnikoro Forest Reserve,Forest Reserve,Bauchi,Ningi,1939.0,,,,,Sub-national ministry or agency,,,nguinea,,,,,,,,,wdpa,C,,,,,10.751,9.275
w36616,36616,Feri Forest Reserve,Forest Reserve,Bauchi,Misau,589.0,,,,,Sub-national ministry or agency,,,sudan,,,,,,,,,wdpa,C,0,0,,,11.34,10.405
w36617,36617,Giwa (South) Forest Reserve,Forest Reserve,Kaduna,Kagarko,6283.0,6282.9,,,,Sub-national ministry or agency,Kaduna State Forestry Department,,sguinea,Northern/Southern Guinea savanna transition.,,,,,,WDPA-listed forest reserve; polygon centroid nearest town Kagarko.,Giwa (South).,wdpa,B,34,10,,https://www.protectedplanet.net/country/NGA | https://services9.arcgis.com/IkktFdUAcY3WrH25/arcgis/rest/services/WDPA_Terrestrial_Simplification50/FeatureServer/0,9.565,7.548
w36618,36618,Wawagi Forest Reserve,Forest Reserve,Niger,Gbako,510.0,,,,,Sub-national ministry or agency,Niger State Ministry of Environment & Forest Resources,,sguinea,Guinea savanna woodland.,,,,,,Gazetted forest reserve; location from GeoNames point. Current condition not documented.,Wawagi.,wdpa,C,69,35,,http://www.geonames.org/search.html?q=forest+reserve&country=NG,9.285,6.028
w36620,36620,Anfani Forest Reserve,Forest Reserve,Niger,Agaie,6284.0,,,,,Sub-national ministry or agency,,,sguinea,,,,,,,,,wdpa,C,4,1,,,9.25,6.458
w36621,36621,Bonu Forest Reserve,Forest Reserve,Niger,Gurara,6077.0,,,,,Sub-national ministry or agency,,,sguinea,,,,,,,,,wdpa,C,69,56,,,9.357,6.95
w36623,36623,Kamarimi Forest Reserve,Forest Reserve,Niger,Gurara,121.0,,,,,Sub-national ministry or agency,,,sguinea,,,,,,,,,wdpa,C,0,0,,,9.475,7.1
w36624,36624,Kabo Forest Reserve,Forest Reserve,Bauchi,Ningi,4208.0,4207.7,,,,Sub-national ministry or agency,Kano State Forestry Department,,nguinea,Sudan savanna zone.,,,,,,WDPA-listed forest reserve; polygon centroid nearest town Ririwai. Near Kano–Kaduna border; state assigned from nearest town (Ririwai).,Kabo.,wdpa,B,32,17,,https://www.protectedplanet.net/country/NGA | https://services9.arcgis.com/IkktFdUAcY3WrH25/arcgis/rest/services/WDPA_Terrestrial_Simplification50/FeatureServer/0,11.052,9.023
w36625,36625,Shaba Forest Reserve,Forest Reserve,FCT,Bwari,239.0,,,,,Sub-national ministry or agency,,,sguinea,,,,,,,,,wdpa,C,8,1,,,9.315,7.438
w36627,36627,Marafa Forest Reserve,Forest Reserve,Niger,Bida,767.0,,,,,Sub-national ministry or agency,Niger State Ministry of Environment & Forest Resources,,sguinea,Guinea savanna woodland.,,,,,,Gazetted forest reserve; location from GeoNames point. Current condition not documented.,Marafa.,wdpa,C,16,9,,http://www.geonames.org/search.html?q=forest+reserve&country=NG,9.152,6.017
w36628,36628,Musa Forest Reserve,Forest Reserve,Niger,Bida,95.0,,,,,Sub-national ministry or agency,,,sguinea,,,,,,,,,wdpa,C,7,7,,,9.115,6.008
w36629,36629,Agaie Gate Forest Reserve,Forest Reserve,Niger,Bida,170.0,,,,,Sub-national ministry or agency,,,sguinea,,,,,,,,,wdpa,C,22,18,,,9.072,6.035
w36630,36630,Nami Hill Forest Reserve,Forest Reserve,Niger,Agaie,1296.0,,,,,Sub-national ministry or agency,,,sguinea,,,,,,,,,wdpa,C,0,0,,,9.025,6.518
w36631,36631,Cece Forest Reserve,Forest Reserve,Niger,Lapai,1920.0,,,,,Sub-national ministry or agency,,,sguinea,,,,,,,,,wdpa,C,87,46,,,9.104,6.568
w36632,36632,Etizurugi Forest Reserve,Forest Reserve,Niger,Lapai,1158.0,,,,,Sub-national ministry or agency,,,sguinea,,,,,,,,,wdpa,C,20,18,,,9.066,6.596
w36633,36633,Danganagi Forest Reserve,Forest Reserve,Niger,Lapai,797.0,,,,,Sub-national ministry or agency,,,sguinea,,,,,,,,,wdpa,C,1,1,,,9.015,6.605
w36634,36634,Tufa Forest Reserve,Forest Reserve,FCT,Abaji,1448.0,,,,,Sub-national ministry or agency,,,sguinea,,,,,,,,,wdpa,C,90,34,,,9.214,6.924
w36641,36641,Kukwaba Forest Reserve,Forest Reserve,FCT,Municipal Area Council,1343.0,,,,,Sub-national ministry or agency,,,sguinea,,,,,,,,,wdpa,C,1388,171,,,9.05,7.44
w36635,36635,Maje Abuchi Forest Reserve,Forest Reserve,Niger,Suleja,12564.0,,,,,Sub-national ministry or agency,,,sguinea,Guinea savanna woodland.,,,,,,GeoNames point with no state near the FCT-Niger boundary west of Zuba; state unconfirmed.,Maje Abuchi.,wdpa,C,1283,139,,http://www.geonames.org/search.html?q=forest+reserve&country=NG,9.188,7.137
w36636,36636,Madalla Forest Reserve,Forest Reserve,Niger,Tafa,3215.0,,,,,Sub-national ministry or agency,,,sguinea,,,,,,,,,wdpa,C,18,11,,,9.148,7.237
w36637,36637,Zuma-Hill Forest Reserve,Forest Reserve,FCT,Bwari,8055.0,,,,,Sub-national ministry or agency,FCT Administration (Forestry),,sguinea,Guinea savanna woodland.,,,,,,Gazetted forest reserve; location from GeoNames point. Current condition not documented.,Zuma Hill.,wdpa,C,63,60,,http://www.geonames.org/search.html?q=forest+reserve&country=NG,9.18,7.284
w36638,36638,Gwagwa Forest Reserve,Forest Reserve,FCT,Municipal Area Council,483.0,,,1964,,Sub-national ministry or agency,FCT Administration (Forestry),,sguinea,Plantation (converted 2006).,,,,,"Encroachment by businesses, crime, bush fires, no fencing.","Created 1964 by Abuja Native Authority (inherited from Niger State); converted to plantation 2006, reported abandoned (2014).",Gwagwa.,wdpa,C,6,6,,http://www.geonames.org/search.html?q=forest+reserve&country=NG | https://blueprint.ng/how-fct-forest-reserves-are-abandoned/,9.1,7.31
w36639,36639,Idu Native Area Forest Reserve,Forest Reserve,FCT,Municipal Area Council,1276.0,,,1964,,Sub-national ministry or agency,FCT Administration (Forestry),,sguinea,Plantation (converted 2006).,,,,,"Encroachment by businesses, crime, bush fires, no fencing.","Created 1964 by Abuja Native Authority (inherited from Niger State); converted to plantation 2006, reported abandoned (2014).",Idu.,wdpa,C,84,53,,http://www.geonames.org/search.html?q=forest+reserve&country=NG | https://blueprint.ng/how-fct-forest-reserves-are-abandoned/,9.08,7.383
w36640,36640,Karmo Forest Reserve,Forest Reserve,FCT,Municipal Area Council,487.0,,,,,Sub-national ministry or agency,,,sguinea,,,,,,,,,wdpa,C,258,100,,,9.055,7.39
w36642,36642,Karonmajigi Forest Reserve,Forest Reserve,FCT,Municipal Area Council,409.0,,,,,Sub-national ministry or agency,,,sguinea,,,,,,,,,wdpa,C,560,115,,,9.015,7.445
w36643,36643,Gerki Forest Reserve,Forest Reserve,FCT,Municipal Area Council,337.0,,,,,Sub-national ministry or agency,,,sguinea,,,,,,,,,wdpa,C,,,,,9.035,7.492
w36644,36644,Akwana East Forest Reserve,Forest Reserve,Kaduna,Kachia,19829.0,19829.4,,,,Sub-national ministry or agency,Kaduna State Forestry Department,,nguinea,Northern Guinea savanna zone.,,,,,,WDPA-listed forest reserve; polygon centroid nearest town Kachia.,Akwana East.,wdpa,B,119,63,,https://www.protectedplanet.net/country/NGA | https://services9.arcgis.com/IkktFdUAcY3WrH25/arcgis/rest/services/WDPA_Terrestrial_Simplification50/FeatureServer/0,9.785,7.848
w36645,36645,Akwana West Forest Reserve,Forest Reserve,Kaduna,Kachia,2794.0,2793.9,,,,Sub-national ministry or agency,Kaduna State Forestry Department,,nguinea,Northern Guinea savanna zone.,,,,,,WDPA-listed forest reserve; polygon centroid nearest town Kagarko.,Akwana West.,wdpa,C,0,0,,https://www.protectedplanet.net/country/NGA | https://services9.arcgis.com/IkktFdUAcY3WrH25/arcgis/rest/services/WDPA_Terrestrial_Simplification50/FeatureServer/0,9.678,7.702
w36646,36646,Kagorko Forest Reserve,Forest Reserve,Kaduna,Kagarko,600,599.6,,,,Sub-national ministry or agency,Kaduna State Forestry Department,,sguinea,Northern/Southern Guinea savanna transition.,,,,,,WDPA-listed forest reserve; polygon centroid nearest town Kagarko. Listed as 'Kagarko' in Kaduna State Forestry Law 2019 schedule.,Kagorko.,wdpa,C,0,0,,https://www.protectedplanet.net/country/NGA | https://services9.arcgis.com/IkktFdUAcY3WrH25/arcgis/rest/services/WDPA_Terrestrial_Simplification50/FeatureServer/0,9.508,7.712
w36647,36647,Bajiye Forest Reserve,Forest Reserve,Kaduna,Kagarko,842.0,842.2,,,,Sub-national ministry or agency,Kaduna State Forestry Department,,nguinea,Northern Guinea savanna zone.,,,,,,WDPA-listed forest reserve; polygon centroid nearest town Kagarko.,Bajiye.,wdpa,C,0,0,,https://www.protectedplanet.net/country/NGA | https://services9.arcgis.com/IkktFdUAcY3WrH25/arcgis/rest/services/WDPA_Terrestrial_Simplification50/FeatureServer/0,9.6,7.862
w36741,36741,Kurmi Agudu Forest Reserve,Forest Reserve,Nasarawa,Obi,212.0,,,,,Sub-national ministry or agency,,,sguinea,,,,,,,,,wdpa,C,90,44,,,8.465,8.638
w36648,36648,Kabacha Forest Reserve,Forest Reserve,Kaduna,Kagarko,724.0,724.3,,,,Sub-national ministry or agency,Kaduna State Forestry Department,,sguinea,Northern/Southern Guinea savanna transition.,,,,,,WDPA-listed forest reserve; polygon centroid nearest town Kagarko. Listed as 'Kubacha' in Kaduna State Forestry Law 2019 schedule.,Kabacha.,wdpa,C,1,1,,https://www.protectedplanet.net/country/NGA | https://services9.arcgis.com/IkktFdUAcY3WrH25/arcgis/rest/services/WDPA_Terrestrial_Simplification50/FeatureServer/0,9.44,7.78
w36649,36649,Chikwei Forest Reserve,Forest Reserve,FCT,Bwari,132.0,132.0,,,,Sub-national ministry or agency,Kaduna State Forestry Department,,sguinea,Northern/Southern Guinea savanna transition.,,,,,,WDPA-listed forest reserve; polygon centroid nearest town Kagarko. Near Kaduna–FCT boundary.,Chikwei.,wdpa,C,1,1,,https://www.protectedplanet.net/country/NGA | https://services9.arcgis.com/IkktFdUAcY3WrH25/arcgis/rest/services/WDPA_Terrestrial_Simplification50/FeatureServer/0,9.362,7.595
w36650,36650,Kusoru Forest Reserve,Forest Reserve,FCT,Bwari,88.0,88.1,,,,Sub-national ministry or agency,Kaduna State Forestry Department,,sguinea,Northern/Southern Guinea savanna transition.,,,,,,WDPA-listed forest reserve; polygon centroid nearest town Bwari. Near Kaduna–FCT boundary; state assigned from neighbouring Kagarko-area reserves.,Kusoru.,wdpa,C,0,0,,https://www.protectedplanet.net/country/NGA | https://services9.arcgis.com/IkktFdUAcY3WrH25/arcgis/rest/services/WDPA_Terrestrial_Simplification50/FeatureServer/0,9.332,7.567
w36651,36651,Chihurma Forest Reserve,Forest Reserve,FCT,Bwari,130.0,130.0,,,,Sub-national ministry or agency,Kaduna State Forestry Department,,sguinea,Northern/Southern Guinea savanna transition.,,,,,,WDPA-listed forest reserve; polygon centroid nearest town Bwari. Near Kaduna–FCT boundary; state assigned from neighbouring Kagarko-area reserves.,Chihurma.,wdpa,C,0,0,,https://www.protectedplanet.net/country/NGA | https://services9.arcgis.com/IkktFdUAcY3WrH25/arcgis/rest/services/WDPA_Terrestrial_Simplification50/FeatureServer/0,9.315,7.54
w36652,36652,Gitata Forest Reserve,Forest Reserve,Nasarawa,Karu,909.0,,,,,Sub-national ministry or agency,,,sguinea,,,,,,,,,wdpa,C,2,2,,,9.162,7.944
w36653,36653,Jaja Forest Reserve,Forest Reserve,Kaduna,Sanga,6591.0,,,,,Sub-national ministry or agency,,,sguinea,,,,,,,,,wdpa,C,0,0,,,9.14,8.15
w36654,36654,Anji Forest Reserve,Forest Reserve,Kaduna,Sanga,1707.0,1707.4,,,,Sub-national ministry or agency,Kaduna State Forestry Department,,sguinea,Northern/Southern Guinea savanna transition.,,,,,,WDPA-listed forest reserve; polygon centroid nearest town Gwantu. Near Kaduna–Nasarawa boundary; state assigned from nearest town (Gwantu).,Anji.,wdpa,C,0,0,,https://www.protectedplanet.net/country/NGA | https://services9.arcgis.com/IkktFdUAcY3WrH25/arcgis/rest/services/WDPA_Terrestrial_Simplification50/FeatureServer/0,9.15,8.223
w36655,36655,Mada River South Forest Reserve,Forest Reserve,Nasarawa,Akwanga,2996.0,,,,,Sub-national ministry or agency,,,sguinea,,,,,,,,,wdpa,C,0,0,,,9.053,8.235
w36678,36678,Nunku Forest Reserve,Forest Reserve,Kaduna,Sanga,493.0,,,,,Sub-national ministry or agency,,,sguinea,,,,,,,,,wdpa,C,2,2,,,9.182,8.46
w36656,36656,Mada River North Forest Reserve,Forest Reserve,Nasarawa,Akwanga,2088.0,,,,,Sub-national ministry or agency,,,sguinea,,,,,,,,,wdpa,C,0,0,,,9.152,8.258
w36657,36657,Kogum River Forest Reserve,Forest Reserve,Kaduna,Sanga,1829.0,1829.2,,,,Sub-national ministry or agency,Kaduna State Forestry Department,,sguinea,Northern/Southern Guinea savanna transition.,,,,,,WDPA-listed forest reserve; polygon centroid nearest town Gwantu.,Kogum River.,wdpa,C,0,0,,https://www.protectedplanet.net/country/NGA | https://services9.arcgis.com/IkktFdUAcY3WrH25/arcgis/rest/services/WDPA_Terrestrial_Simplification50/FeatureServer/0,9.228,8.194
w36658,36658,Sanga River Forest Reserve,Forest Reserve,Kaduna,Jema'A,23831.0,23831.4,,,,Sub-national ministry or agency,Kaduna State Forestry Department,,sguinea,Northern/Southern Guinea savanna transition.,,,,,,WDPA-listed forest reserve; polygon centroid nearest town Gwantu.,Sanga River.,wdpa,B,1034,228,,https://www.protectedplanet.net/country/NGA | https://services9.arcgis.com/IkktFdUAcY3WrH25/arcgis/rest/services/WDPA_Terrestrial_Simplification50/FeatureServer/0,9.345,8.357
w36659,36659,Danguwa Forest Reserve,Forest Reserve,Kaduna,Jema'A,376.0,375.6,,,,Sub-national ministry or agency,Kaduna State Forestry Department,,sguinea,Northern/Southern Guinea savanna transition.,,,,,,WDPA-listed forest reserve; polygon centroid nearest town Gwantu.,Danguwa.,wdpa,C,0,0,,https://www.protectedplanet.net/country/NGA | https://services9.arcgis.com/IkktFdUAcY3WrH25/arcgis/rest/services/WDPA_Terrestrial_Simplification50/FeatureServer/0,9.342,8.28
w36660,36660,Nungu Forest Reserve,Forest Reserve,Kaduna,Jema'A,1157.0,1157.1,,,,Sub-national ministry or agency,Kaduna State Forestry Department,,sguinea,Northern/Southern Guinea savanna transition.,,,,,,WDPA-listed forest reserve; polygon centroid nearest town Kafanchan.,Nungu.,wdpa,C,0,0,,https://www.protectedplanet.net/country/NGA | https://services9.arcgis.com/IkktFdUAcY3WrH25/arcgis/rest/services/WDPA_Terrestrial_Simplification50/FeatureServer/0,9.355,8.265
w36679,36679,Kirmin Nunkuchu Forest Reserve,Forest Reserve,Nasarawa,Akwanga,511.0,510.9,,,,Sub-national ministry or agency,Kaduna State Forestry Department,,sguinea,Northern/Southern Guinea savanna transition.,,,,,,WDPA-listed forest reserve; polygon centroid nearest town Gwantu. Near Kaduna–Nasarawa boundary; state assigned from nearest town (Gwantu).,Kirmin Nunkuchu.,wdpa,C,96,47,,https://www.protectedplanet.net/country/NGA | https://services9.arcgis.com/IkktFdUAcY3WrH25/arcgis/rest/services/WDPA_Terrestrial_Simplification50/FeatureServer/0,9.12,8.36
w36661,36661,Amere Forest Reserve,Forest Reserve,Kaduna,Jema'A,2637.0,2636.7,,,,Sub-national ministry or agency,Kaduna State Forestry Department,,sguinea,Northern/Southern Guinea savanna transition.,,,,,,WDPA-listed forest reserve; polygon centroid nearest town Kafanchan.,Amere.,wdpa,C,102,45,,https://www.protectedplanet.net/country/NGA | https://services9.arcgis.com/IkktFdUAcY3WrH25/arcgis/rest/services/WDPA_Terrestrial_Simplification50/FeatureServer/0,9.468,8.223
w36662,36662,Gerti Kloof Forest Reserve,Forest Reserve,Kaduna,Jema'A,2753.0,2752.7,,,,Sub-national ministry or agency,Kaduna State Forestry Department,,sguinea,Northern/Southern Guinea savanna transition.,,,,,,WDPA-listed forest reserve; polygon centroid nearest town Kafanchan.,Gerti Kloof.,wdpa,C,24,5,,https://www.protectedplanet.net/country/NGA | https://services9.arcgis.com/IkktFdUAcY3WrH25/arcgis/rest/services/WDPA_Terrestrial_Simplification50/FeatureServer/0,9.462,8.265
w36663,36663,Ninjam Forest Reserve,Forest Reserve,Kaduna,Jema'A,5845.0,,,,,Sub-national ministry or agency,,,sguinea,,,,,,,,,wdpa,C,653,202,,,9.459,8.32
w36664,36664,Kafanchan Forest Reserve,Forest Reserve,Kaduna,Kaura,597.0,596.5,,,,Sub-national ministry or agency,Kaduna State Forestry Department,,sguinea,Northern/Southern Guinea savanna transition.,,,,,,WDPA-listed forest reserve; polygon centroid nearest town Kagoro.,Kafanchan.,wdpa,C,50,33,,https://www.protectedplanet.net/country/NGA | https://services9.arcgis.com/IkktFdUAcY3WrH25/arcgis/rest/services/WDPA_Terrestrial_Simplification50/FeatureServer/0,9.558,8.36
w36665,36665,Dawaki Forest Reserve,Forest Reserve,Kaduna,Kaura,715.0,714.7,,,,Sub-national ministry or agency,Kaduna State Forestry Department,,nguinea,Northern Guinea savanna zone.,,,,,,Name read from the (poorly scanned) First Schedule of the Kaduna State Forestry Law 2019; not matched to a WDPA polygon. WDPA-listed forest reserve; polygon centroid nearest town Kaura.,Kurmin Dawaki Forest Reserve.,wdpa,C,,,,https://www.protectedplanet.net/country/NGA | https://services9.arcgis.com/IkktFdUAcY3WrH25/arcgis/rest/services/WDPA_Terrestrial_Simplification50/FeatureServer/0 | https://www.policyvault.africa/wp-content/uploads/policy/NGA2193.pdf,9.66,8.422
w36666,36666,Rahama Forest Reserve,Forest Reserve,Kaduna,Kauru,3741.0,3740.6,,,,Sub-national ministry or agency,Kaduna State Forestry Department,,jos,Northern Guinea savanna zone.,,,,,,WDPA-listed forest reserve; polygon centroid nearest town Kaura. Listed as 'Rahama (part)' in Kaduna State Forestry Law 2019 schedule.,Rahama.,wdpa,C,0,0,,https://www.protectedplanet.net/country/NGA | https://services9.arcgis.com/IkktFdUAcY3WrH25/arcgis/rest/services/WDPA_Terrestrial_Simplification50/FeatureServer/0,9.745,8.585
w36667,36667,Wafin Forest Reserve,Forest Reserve,Kaduna,Kauru,3264.0,,,,,Sub-national ministry or agency,,,jos,,,,,,,,,wdpa,C,0,0,,,9.883,8.632
w36668,36668,Nimbia Forest Reserve,Forest Reserve,Kaduna,Jema'A,1010.0,1009.5,,,,Sub-national ministry or agency,Kaduna State Forestry Department,,sguinea,Northern/Southern Guinea savanna transition.,,,,,,Listed in Kaduna State Forestry Law 2019 schedule; plantation management under World Bank Forest Management Program.,Nimbia.,wdpa,C,18,13,,https://www.fao.org/4/AC918E/AC918E13.htm | https://www.policyvault.africa/wp-content/uploads/policy/NGA2193.pdf | https://www.protectedplanet.net/country/NGA,9.508,8.535
w36669,36669,Gimi River Forest Reserve,Forest Reserve,Kaduna,Jema'A,3594.0,3594.3,,,,Sub-national ministry or agency,Kaduna State Forestry Department,,sguinea,Northern/Southern Guinea savanna transition.,,,,,,WDPA-listed forest reserve; polygon centroid nearest town Kagoro.,Gimi River.,wdpa,C,235,93,,https://www.protectedplanet.net/country/NGA | https://services9.arcgis.com/IkktFdUAcY3WrH25/arcgis/rest/services/WDPA_Terrestrial_Simplification50/FeatureServer/0,9.466,8.486
w36670,36670,Assob Bachi Forest Reserve,Forest Reserve,Plateau,Riyom,6309.0,,,,,Sub-national ministry or agency,Plateau State Ministry of Environment (Forestry),,jos,Guinea savanna with gallery forest on escarpment.,,,,,,"GeoNames lists Assob Bachi / Assob Bachit FR (second point 9.55, 8.65); adjoins Assop Falls IBA.",Assob Bachit.,wdpa,C,738,190,,http://www.geonames.org/search.html?q=forest+reserve&country=NG,9.481,8.625
w36671,36671,North East Escarpment Forest Reserve,Forest Reserve,Plateau,Riyom,2204.0,,,,,Sub-national ministry or agency,Plateau State Ministry of Environment (Forestry),,jos,Jos Plateau montane savanna / Guinea savanna.,,,,,,Gazetted forest reserve; location from GeoNames point. Current condition not documented.,N.W. Escarpment.,wdpa,C,360,105,,http://www.geonames.org/search.html?q=forest+reserve&country=NG,9.422,8.64
w36672,36672,Kurra Jekko Forest Reserve,Forest Reserve,Plateau,Barkin Ladi,2386.0,,,,,Sub-national ministry or agency,Plateau State Ministry of Environment (Forestry),,jos,Jos Plateau montane savanna / Guinea savanna.,,,,,,Gazetted forest reserve; location from GeoNames point. Current condition not documented.,Kurra Jekko.,wdpa,C,0,0,,http://www.geonames.org/search.html?q=forest+reserve&country=NG,9.404,8.711
w36673,36673,Abak River Forest Reserve,Forest Reserve,Kaduna,Sanga,1120.0,,,,,Sub-national ministry or agency,,,jos,,,,,,,,,wdpa,C,,,,,9.37,8.692
w36674,36674,Ayu Hills Forest Reserve,Forest Reserve,Kaduna,Sanga,4814.0,4813.7,,,,Sub-national ministry or agency,Kaduna State Forestry Department,,jos,Northern/Southern Guinea savanna transition.,,,,,,WDPA-listed forest reserve; polygon centroid nearest town Gwantu. Probably the 'Yu Hills' reserve of the Kaduna State Forestry Law 2019 schedule; near Plateau border.,Ayu Hills.,wdpa,B,291,91,,https://www.protectedplanet.net/country/NGA | https://services9.arcgis.com/IkktFdUAcY3WrH25/arcgis/rest/services/WDPA_Terrestrial_Simplification50/FeatureServer/0,9.311,8.625
w36675,36675,Richa Forest Reserve,Forest Reserve,Plateau,Bokkos,3223.0,,,,,Sub-national ministry or agency,,,jos,,,,,,,,,wdpa,C,388,94,,,9.205,8.948
w36676,36676,Maharai Forest Reserve,Forest Reserve,Nasarawa,Wamba,6939.0,,,,,Sub-national ministry or agency,,,jos,,,,,,,,,wdpa,C,6,6,,,9.165,8.728
w36677,36677,Ningishi Hills Forest Reserve,Forest Reserve,Kaduna,Sanga,2201.0,2200.6,,,,Sub-national ministry or agency,Kaduna State Forestry Department,,sguinea,Northern/Southern Guinea savanna transition.,,,,,,WDPA-listed forest reserve; polygon centroid nearest town Gwantu. Listed as 'Ningshi Hills' in Kaduna State Forestry Law 2019 schedule.,Ningishi Hills.,wdpa,C,6,5,,https://www.protectedplanet.net/country/NGA | https://services9.arcgis.com/IkktFdUAcY3WrH25/arcgis/rest/services/WDPA_Terrestrial_Simplification50/FeatureServer/0,9.242,8.544
w36680,36680,Kirmin Agyaga Forest Reserve,Forest Reserve,Nasarawa,Akwanga,344.0,,,,,Sub-national ministry or agency,,,sguinea,,,,,,,,,wdpa,C,0,0,,,9.08,8.325
w36681,36681,Sherigia Forest Reserve,Forest Reserve,Nasarawa,Wamba,4605.0,,,,,Sub-national ministry or agency,,,sguinea,,,,,,,,,wdpa,C,,,,,8.943,8.522
w36682,36682,Kafa Forest Reserve,Forest Reserve,Nasarawa,Karu,412.0,,,,,Sub-national ministry or agency,Nasarawa State Ministry of Environment (Forestry),,sguinea,Southern Guinea savanna / derived savanna.,,,,,,Gazetted forest reserve; location from GeoNames point. Current condition not documented.,Kafa Kurmi.,wdpa,C,0,0,,http://www.geonames.org/search.html?q=forest+reserve&country=NG,9.12,7.633
w36683,36683,Langai Forest Reserve,Forest Reserve,Bauchi,Tafawa-Balewa,1247.0,,,,,Sub-national ministry or agency,,,jos,,,,,,,,,wdpa,C,123,60,,,9.695,9.305
w36684,36684,Gindiri Forest Reserve,Forest Reserve,Plateau,Mangu,1504.0,,,,,Sub-national ministry or agency,Plateau State Ministry of Environment (Forestry),,jos,Jos Plateau savanna woodland.,,,,,,Gazetted forest reserve; location from GeoNames point. Current condition not documented.,Gindiri.,wdpa,C,,,,http://www.geonames.org/search.html?q=forest+reserve&country=NG,9.602,9.21
w36685,36685,Mongu Forest Reserve,Forest Reserve,Plateau,Mangu,592.0,,,,,Sub-national ministry or agency,,,jos,,,,,,,,,wdpa,C,0,0,,,9.543,9.158
w36686,36686,Gerkawa Hill Forest Reserve,Forest Reserve,Plateau,Langtang North,1244.0,,,,,Sub-national ministry or agency,,,sguinea,,,,,,,,,wdpa,C,3,2,,,9.03,9.81
w36687,36687,Lantang Forest Reserve,Forest Reserve,Plateau,Langtang North,646.0,,,,,Sub-national ministry or agency,,,sguinea,,,,,,,,,wdpa,C,0,0,,,9.075,9.793
w36688,36688,Central Wase Forest Reserve,Forest Reserve,Plateau,Wase,38221.0,,,,,Sub-national ministry or agency,Plateau State Ministry of Environment (Forestry),,sguinea,Guinea savanna woodland.,,,,,,Gazetted forest reserve; location from GeoNames point. Current condition not documented.,Central Wase.,wdpa,C,316,72,,http://www.geonames.org/search.html?q=forest+reserve&country=NG,8.921,10.179
w36689,36689,Pai River Forest Reserve,Forest Reserve,Plateau,Wase,49547.0,,,,,Sub-national ministry or agency,,,sguinea,,,,,,,,,wdpa,C,71,65,,,9.019,10.521
w36690,36690,Zok Forest Reserve,Forest Reserve,Plateau,Wase,13165.0,,,,,Sub-national ministry or agency,,,sguinea,,,,,,,,,wdpa,C,151,57,,,9.186,10.324
w36699,36699,Demsa Forest Reserve,Forest Reserve,Adamawa,Demsa,306.0,,,,,Sub-national ministry or agency,,,sguinea,,,,,,,,,wdpa,C,1,1,,,9.408,12.17
w36691,36691,Zurak Forest Reserve,Forest Reserve,Plateau,Wase,10289.0,,,,,Sub-national ministry or agency,,,sguinea,,,,,,,,,wdpa,C,0,0,,,9.256,10.496
w36692,36692,Biliri Hills Forest Reserve,Forest Reserve,Gombe,Billiri,1597.0,,,,,Sub-national ministry or agency,,,nguinea,,,,,,,,,wdpa,C,179,51,,,9.857,11.207
w36693,36693,Kaltungo Forest Reserve,Forest Reserve,Gombe,Kaltungo,1079.0,,,,,Sub-national ministry or agency,,,nguinea,Guinea-Sudan savanna woodland.,"Azanza garckeana, Azadirachta indica",,,,,Studied forest reserve near Kaltungo town.,Kaltungo.,wdpa,C,111,51,,https://journalijcar.org/issues/assessment-tree-species-diversity-status-some-forest-reserves-gombe-state-strategy-ecosystems,9.802,11.298
w36694,36694,Kaltungo Hill Forest Reserve,Forest Reserve,Gombe,Kaltungo,1071.0,,,,,Sub-national ministry or agency,,,nguinea,,,,,,,,,wdpa,C,0,0,,,9.75,11.455
w36695,36695,Lafia (Gongola State) Forest Reserve,Forest Reserve,Adamawa,Lamurde,630.0,,,,,Sub-national ministry or agency,,,nguinea,,,,,,,,,wdpa,C,21,21,,,9.675,11.81
w36696,36696,Lamurde Forest Reserve,Forest Reserve,Adamawa,Lamurde,279.0,,,,,Sub-national ministry or agency,,,nguinea,,,,,,,,,wdpa,C,102,27,,,9.625,11.78
w36697,36697,Numan Forest Reserve,Forest Reserve,Adamawa,Demsa,97.0,,,,,Sub-national ministry or agency,,,sguinea,,,,,,,,,wdpa,C,202,86,,,9.465,12.055
w36698,36698,Kokomto Forest Reserve,Forest Reserve,Adamawa,Demsa,2396.0,,,,,Sub-national ministry or agency,,,sguinea,,,,,,,,,wdpa,C,37,18,,,9.37,12.067
w36700,36700,Namtari Forest Reserve,Forest Reserve,Adamawa,Yola South,6706.0,,,,,Sub-national ministry or agency,,,sguinea,Northern Guinea/Sudan savanna.,,,,,,Listed in GeoNames; little documented.,Namtari.,wdpa,C,163,71,,https://www.geonames.org/search.html?q=forest+reserve+adamawa&country=NG,9.254,12.371
w36701,36701,Lainde Forest Reserve,Forest Reserve,Adamawa,Fufore,8269.0,,,,,Sub-national ministry or agency,,,sguinea,,,,,,,,,wdpa,C,171,78,,,9.219,12.307
w36702,36702,Sebore Forest Reserve,Forest Reserve,Adamawa,Yola South,3513.0,,,,,Sub-national ministry or agency,,,sguinea,Northern Guinea/Sudan savanna.,,,,,,Listed in GeoNames; little documented.,Sebore.,wdpa,C,115,49,,https://www.geonames.org/search.html?q=forest+reserve+adamawa&country=NG,9.154,12.561
w36703,36703,Gurin Forest Reserve,Forest Reserve,Adamawa,Fufore,9711.0,,,,,Sub-national ministry or agency,,,sguinea,Northern Guinea/Sudan savanna.,,,,,,Listed in GeoNames; little documented.,Gurin.,wdpa,C,56,27,,https://www.geonames.org/search.html?q=forest+reserve+adamawa&country=NG,9.071,12.767
w36704,36704,Bagele Hill Forest Reserve,Forest Reserve,Adamawa,Girei,15900,,,,,Sub-national ministry or agency,,,sguinea,"Savanna woodland on hills; woody flora dominated by Combretaceae, followed by Caesalpinioideae",,,,,"Conversion to residential use and urbanisation (near Yola), indiscriminate logging, reclamation for infrastructure, subsistence farming","A tree-species survey by Boni, Njobdi, Marja and Mamudu (ADSU Journal of Agricultural Science) found Combretaceae to be the most frequent family, occurring in every plot, and recommended high conservation priority for several species.",,wdpa,C,648,139,,https://adsujas.adsu.edu.ng/survey-of-tree-species-in-bagale-hill-forest-reserve-of-adamawa-state-nigeria/,9.291,12.547
w36705,36705,Girei Forest Reserve,Forest Reserve,Adamawa,Girei,7811.0,,,,,Sub-national ministry or agency,,,sguinea,,,,,,,,,wdpa,C,104,70,,,9.447,12.525
w36706,36706,Karlahi Forest Reserve,Forest Reserve,Adamawa,Fufore,10184.0,,,,,Sub-national ministry or agency,,,sguinea,,,,,,,,,wdpa,C,151,53,,,8.916,12.674
w36707,36707,Nasarawa (Northern Kaduna) Forest Reserve,Forest Reserve,Kaduna,Makarfi,2166.0,2166.0,,,,Sub-national ministry or agency,Kaduna State Forestry Department,,sudan,Sudan savanna zone.,,,,,,WDPA-listed forest reserve; polygon centroid nearest town Makarfi. Listed as 'Nassarawa' in Kaduna State Forestry Law 2019 schedule.,Nasarawa (Northern Kaduna).,wdpa,C,34,16,,https://www.protectedplanet.net/country/NGA | https://services9.arcgis.com/IkktFdUAcY3WrH25/arcgis/rest/services/WDPA_Terrestrial_Simplification50/FeatureServer/0,11.238,7.955
w36710,36710,Kambari Forest Reserve,Forest Reserve,Taraba,Karim Lamido,35852.0,,,,,Sub-national ministry or agency,,,sguinea,,,,,,,Listed in GeoNames; little documented.,Kambari.,wdpa,C,0,0,,https://www.geonames.org/search.html?q=forest+reserve+taraba&country=NG,8.791,10.731
w555705900,555705900,Ise Forest Conservation Area,Conservation Area,Ekiti,Ise/Orun,3313.0,,,2020,II,Government-delegated management,,,rainforest,,,,,,,,,wdpa,C,142,92,,,7.392,5.376
w33149,33149,Sapoba Forest Reserve,Forest Reserve,Edo,Orhionmwon,52341.0,53406,53406,1912,,Sub-national ministry or agency,Edo State Ministry of Environment (Forestry),,rainforest,Lowland rainforest.,,,Timber,,,"Listed at 53,406 ha in FAO table; may correspond to/overlap Sokponba FR (same LGA).",Sapoba.,wdpa,B,1596,447,,https://www.fao.org/4/ab578e/AB578E10.htm,6.112,5.843
w7843,7843,Orle River Game Reserve,Game Reserve,Edo,Etsako Central,45234.0,,,1960,IV,Sub-national ministry or agency,,,mosaic,,,,,,,,,wdpa,B,8250,328,,,6.936,6.503
w7844,7844,Gilli-Gilli Game Reserve,Game Reserve,Edo,Ovia North-East,30986.0,36200,,1960,IV,Sub-national ministry or agency,,,rainforest,Freshwater swamp forest,,,,,"Farmland encroachment (lower than in neighbouring Okomu, 1984-2011)","FAO lists Gilli-Gilli as an existing game reserve of 36,200 ha (WDPA: 363 km2); the forest reserve is listed at 30,927 ha in Edo plus 554 ha in Delta. A Landsat study (1984-2011) found much less forest disturbance there than in Okomu Forest Reserve.",,wdpa,B,314,135,,https://www.fao.org/4/ab578e/AB578E06.htm | https://www.fao.org/4/ab578e/AB578E10.htm | https://protectedplanet.net/7844 | https://research.ceu.edu/en/publications/landuse-change-within-okomu-and-gilli-gilli-forest-reserves-south/,6.042,5.346
w7875,7875,Falgore (Kogin Kano) National Park,National Park,Kano,Tudun Wada,55409.0,92000,,1969,IV,Sub-national ministry or agency,National Park Service; Kano State Government (KAZOWMA),IBA; KBA; former Game Reserve,sudan,"Northern Guinea savanna woodland, Sudan savanna in north.","Savanna woodland (Isoberlinia, Afzelia, Daniellia types), Adansonia digitata, Tamarindus indica, Faidherbia albida, Vitex doniana, Pterocarpus erinaceus, Vitellaria paradoxa","Roan, hartebeest, buffalo, red-flanked duiker, red-fronted gazelle, lion (likely extirpated), 261 bird spp. incl. white stork, ground hornbill, Roan antelope, lion (very low/locally lost), 261 bird spp. incl. Abyssinian ground hornbill, bateleur","Watershed for Lake Tiga and Kano River, grazing, Watershed of Tiga Dam (Kano River Project), fisheries, fuelwood","Rock formations and rapids of the Kano River, Falgore ghost town; river navigable from Tiga Lake in wet season; camping near reserve. Game viewing and birding ~110 km south of Kano along the Kano–Jos road; Lake Tiga forms northern boundary.","Poaching, illegal grazing, chemical fishing, bush fires, farming encroachment, kidnapping/insecurity.","Former Kogin Kano Forest Reserve (1940s), upgraded to game reserve; WDPA also lists the overlapping Kogin Kano FR polygon (~757 km²). Proposed for national park status. Listed as 'Galgore NP' in the 2023 approval; Kogin Kano FR (1940s) then game reserve (1960s). Area ~1,000 km² (approx).",Falgore Game Reserve. Falgore (Kogin Kano).,wdpa,A,676,121,,https://en.wikipedia.org/wiki/Falgore_Game_Reserve | https://www.keybiodiversityareas.org/site/factsheet/6758 | https://africanconservation.org/wildlife-news/nigerian-senate-approves-establishment-of-10-new-national-parks/ | https://fjs.fudutsinma.edu.ng/index.php/fjs/article/view/1340,11.179,8.66
w11596,11596,Kambari Game Reserve,Game Reserve,Taraba,Gassol,42770.0,,,1969,IV,Sub-national ministry or agency,,,sguinea,,,,,,,,,wdpa,B,0,0,,,8.753,10.578
w7856,7856,Pai River Game Reserve,Game Reserve,Plateau,Kanam,15819.0,83100,,1972,,Sub-national ministry or agency,Plateau State Government,,sguinea,Guinea savanna woodland.,,"Elephants (occasional migrants from Yankari), antelopes",,Wilderness and wildlife tourism potential; neglected.,"Neglect, poaching.",831 km2 reserve in NE Plateau near Bauchi border; point is GeoNames Pai River FR.,Pai River.,wdpa,A,1,1,,https://repository.ui.edu.ng/server/api/core/bitstreams/22326fe1-4ac4-4379-99c8-4ff293c4af62/content | http://www.geonames.org/search.html?q=forest+reserve&country=NG,9.52,10.505
w7852,7852,Ibi Game Reserve,Game Reserve,Taraba,Ibi,4908.0,,,1972,,Sub-national ministry or agency,,,sguinea,Guinea savanna / Benue floodplain.,,,,,,Listed as a game reserve in a University of Ibadan review; status and boundaries poorly documented. Placed at Ibi town.,Ibi.,wdpa,B,37,37,,https://repository.ui.edu.ng/server/api/core/bitstreams/29447325-92ea-4260-aba6-d2465ed20388/content,8.263,9.798
w7860,7860,Lame-Burra Game Reserve,Game Reserve,Bauchi,Ningi,233726.0,205967,,1972,IV,Sub-national ministry or agency,Bauchi State Government,IBA; KBA,nguinea,Northern Guinea savanna grading to Sudan savanna; riparian forest.,,"Roan antelope, hartebeest, buffalo, red-flanked duiker, red-fronted gazelle, lion (very low/possibly extinct), 101 bird spp. incl. Abyssinian ground hornbill, bateleur",,Remote savanna wilderness; proposed for merger with Falgore GR and upgrade to national park.,"Poaching, illegal grazing, chemical fishing, bush fires, illegal land allocations, banditry.",Large savanna reserve in north-west Bauchi; part of the Falgore and Lame Burra IBA/KBA; under heavy encroachment.,Lame-Burra.,wdpa,A,4930,321,,https://www.keybiodiversityareas.org/site/factsheet/6758 | https://www.fao.org/4/ab578e/AB578E06.htm | https://www.icirnigeria.org/bauchi-politicians-betray-peoples-trust-plunder-states-forest-reserves/,10.732,9.083
w5156,5156,Kuyambana Game Reserve,Game Reserve,Zamfara,Maru,170823.0,170823.3,,1971,,Sub-national ministry or agency,Zamfara State Government,,sudan,Northern Guinea/Sudan savanna woodland.,,"Savanna mammals, elephants recorded in the Kamuku–Kwiambana complex (80 counted in 1993)","Timber, fuelwood, grazing land",Contiguous with Kamuku National Park to the south; wilderness potential but currently insecure.,"Banditry and kidnapping hideouts, encroachment, poaching.",Lies north of Kamuku National Park (Kaduna). Widely reported as a bandit stronghold; access unsafe.,Kuyambana.,wdpa,A,62,31,,https://www.protectedplanet.net/country/NGA | https://blueprint.ng/kamuku-kuyambana-forests-den-of-kidnappers/ | https://africanelephantdatabase.org/report/1995/Africa/West_Africa/Nigeria/19,11.27,6.641
w7863,7863,Dagida Game Reserve,Game Reserve,Niger,Lavun,36467.0,29422,,1971,IV,Sub-national ministry or agency,Niger State Ministry of Environment & Forest Resources,,nguinea,Guinea savanna woodland.,,,,,,WDPA reports 294.2 km2; Niger State lists 'Dagina Games Reserve' in Lavun LGA. Placed at Lavun HQ (Kutigi). Listed in the World Database on Protected Areas as 'Dagida' with a reported area of 294.22 km2.,Dagida.,wdpa,B,21,8,,https://protectedplanet.net/7863 | https://nairametrics.com/wp-content/uploads/2013/05/Facts-and-Figures-about-Niger-State1.pdf,9.682,5.464
w7864,7864,Alawa National Park,National Park,Niger,Shiroro,66989.0,29620,,1971,,Sub-national ministry or agency,National Park Service; National Park Service (handover from Niger State; 2024),former Game Reserve,nguinea,Guinea savanna woodland.,,,,Newly upgraded park; tourism infrastructure planned.,Banditry in surrounding area.,"Game reserve (29,620 ha, 1992 World Bank list); approved 2020 for upgrade to national park, Niger State transition committee Nov 2024 - overlaps national-park layer. Point is GeoNames Alawa FR. Former Alawa Game Reserve; presidential order 2020/2022, NASS approval Mar 2023; state transition committee Nov 2024. Coordinates approx at Alawa (Shiroro/Rafi area, unverified).",Alawa Game Reserve.,wdpa,A,82,28,,https://africanconservation.org/wildlife-news/nigerian-senate-approves-establishment-of-10-new-national-parks/ | https://fmino.gov.ng/niger-state-government-inaugurates-transition-committee-for-smooth-handing-and-taking-over-of-upgraded-alawa-game-reserve-to-a-national-park/ | https://www.fao.org/4/ab578e/AB578E06.htm | http://www.geonames.org/search.html?q=forest+reserve&country=NG,10.317,6.558
w5177,5177,Opara Game Reserve,Game Reserve,Oyo,Atisbo,215682.0,248640,,1973,,Sub-national ministry or agency,,,mosaic,Guinea savanna woodland. Savanna woodland (Anogeissus-dominated),"Anogeissus leiocarpus, Vitellaria paradoxa, Faidherbia (Acacia) albida",,,,Herder encroachment and insecurity reported in the Opara forest (2019); illegal land allocations later revoked,"Largest Oyo reserve (~73% of state reserve area); 219,953 ha mapped in 2023 study. Gazetted as a game reserve in the former Western State together with Upper Ogun (reported by Geerling in Environmental Conservation, 1974). FAO's national forest resources study lists Opara among existing game reserves at 110,000 ha, managed by the state forestry department's wildlife section.",Opara (Okpara) Forest Reserve.,wdpa,A,1520,250,,https://www.academia.edu/50121600/FOREST_RESERVES_AND_RESIDENTIAL_AREAS_A_CASE_STUDY_OF_GOVERNMENT_FOREST_RESERVES_IN_OYO_STATE | https://ejesm.org/wp-content/uploads/2023/08/ejesm.v16i3.6.pdf | https://www.geonames.org/advanced-search.html?q=forest+reserve&country=NG&featureClass=L&maxRows=500 | https://www.cambridge.org/core/journals/environmental-conservation/article/abs/upper-ogun-and-opara-game-reserves-gazetted-in-western-state-nigeria/CFD91C219467DE31F7A8FCC2ABC7FEA3 | https://www.fao.org/4/ab578e/AB578E06.htm | https://doaj.org/article/3e9f3b7ce47e47e2a1c4399e0556ea33 | https://saharareporters.com/2019/06/16/herdsmen-burkina-faso-mali-other-nations-taking-over-nigerias-forest-reserves-nigerians,8.318,2.855
w37032,37032,Edumanom National Park,National Park,Bayelsa,Ogbia,8774.0,9324,9324,1975,,Sub-national ministry or agency,National Park Service; Bayelsa State Ministry of Environment,KBA,mangrove,Freshwater swamp forest.,"Swamp forest trees, raffia palms","Chimpanzee (among Nigeria's last Delta populations), Sclater's guenon, olive colobus, Niger Delta red colobus, manatee, three crocodile species, Chimpanzee (last in Niger Delta), crocodiles","Fisheries, NTFPs, timber, fish",Proposed as a national park; key primate site. Proposed chimpanzee tour packages by boat.,"Oil industry, logging, hunting via pipelines, oil palm expansion, Ogbia–Nembe road.","Former Edumanom (Edumenum) Forest Reserve, largely community-managed; upgraded to national park 2023. Proposed by Rivers State in 1970; managed in practice as community forest.",Edumanom Forest Reserve.,wdpa,A,163,79,,https://en.wikipedia.org/wiki/Edumanom_Forest_Reserve | https://africanconservation.org/wildlife-news/nigerian-senate-approves-establishment-of-10-new-national-parks/ | https://www.swnigerdeltaforestproject.org.ng/where-we-work | https://www.fao.org/4/ab578e/AB578E10.htm,4.64,6.401
w37001,37001,Taylor Creek Forest Reserve (Biseni forests),Forest Reserve,Bayelsa,Yenegoa,21620.0,22566,22566,1975,,Sub-national ministry or agency,Bayelsa State Ministry of Environment,Game Reserve; IBA/KBA,swamp,Seasonally flooded freshwater swamp forest with forest lakes.,"Raphia palms, Symphonia globulifera, Ficus","Red-bellied guenon, pygmy hippopotamus, yellow-backed duiker, 96 bird species","Timber, fish",,"Logging via oil-access roads, unregulated hunting.","Biseni forests KBA (216 km2); Taylor Creek also listed as a game reserve. FAO area 22,566 ha.",Taylor Creek.,wdpa,A,1738,536,,https://www.keybiodiversityareas.org/site/factsheet/6749 | https://Parks.it/world/NG/Eindex.html | https://www.fao.org/4/ab578e/AB578E10.htm,5.245,6.491
w7872,7872,Baturiya Wetland Game Reserve,Game Reserve,Jigawa,Guri,68591.0,101094.7,,1976,IV,Sub-national ministry or agency,Jigawa State Government (proposed transfer to National Park Service),IBA (Hadejia-Nguru complex); Ramsar,sudan,"Sudano-Sahelian floodplain wetland, ponds and seasonally flooded fadama.","Mitragyna inermis, doum palm (Hyphaene thebaica), Borassus, Anogeissus leiocarpus, Acacia nilotica, baobab","Waterfowl (pelicans, yellow-billed stork, knob-billed duck, white-faced whistling duck, garganey, ~197, 000 counted Jan 2001), crocodiles, monitor lizards, monkeys","Fisheries, grazing, flood-recession farming, water, fuelwood","Major bird-watching wetland in the Hadejia-Nguru floodplain; research and field-study use, tourism development planned.","Reduced flooding from upstream Tiga and Challawa dams, drought, siltation, invasive grasses, overgrazing, fuelwood cutting.",Ramsar site (2008) within Hadejia-Nguru wetlands; among 10 game reserves approved by House of Reps for upgrade to national park.,Baturiya Wetlands.,wdpa,A,7333,352,,https://rsisd10.unepgrid.ch/RISapp/files/RISrep/NG1752RIS.pdf | https://dailytrust.com/reps-approve-designation-of-10-game-reserves-as-national-parks/,12.497,10.436
w11597,11597,Kashimbila Game Reserve,Game Reserve,Taraba,Takum,106528.0,139600,,1977,IV,Sub-national ministry or agency,,,mosaic,,,,,,,,,wdpa,B,5913,325,,https://en.wikipedia.org/wiki/Kashimbila_Game_Reserve,6.861,9.882
w7870,7870,Sambisa Game Reserve,Game Reserve,Borno,Konduga,52341.0,51800,,1978,,Sub-national ministry or agency,,,sudan,Sudan savanna woodland and dense thorn bush.,"Acacia spp, baobab, tamarind, Terminalia, Diospyros mespiliformis, Balanites, Combretum","Formerly elephant, roan antelope, leopard, spotted hyena, patas monkey, 62 bird spp. incl. Arabian bustard, once ostrich",,"Former safari destination (lodges from 1970s), now inaccessible.","Insurgent (Boko Haram/ISWAP) occupation since 2013, landmines, poaching, fuelwood.","Colonial-era reserve; area 51,800 ha (FAO) vs 518 km2 (Wikipedia). Management abandoned since 2013.",Sambisa.,wdpa,A,,,Closed/insecure,https://en.wikipedia.org/wiki/Sambisa_Forest | https://www.fao.org/4/ab578e/AB578E06.htm,11.455,12.907
w819,819,Kainji Lake National Park,National Park,Niger,Borgu,582444.0,397000,,1979,II,Federal or national ministry or agency,National Park Service,IBA,nguinea,Sudan-Guinea savanna woodland on hills and ironstone pans. Guinea forest-savanna mosaic on eroded sandstone plateau.,"Burkea africana, Terminalia avicennioides, Detarium microcarpum, Isoberlinia tomentosa/doka, Diospyros mespiliformis, Afzelia africana, Daniellia oliveri, Pterocarpus erinaceus, Parkia, Vitellaria paradoxa, Khaya senegalensis, Uapaca togoensis","Lion, leopard, elephant, hippo (Oli River), kob, roan, hartebeest, buffalo, ~350 birds, Nile crocodile, Savanna antelopes, monkeys (depleted by poaching)","Fisheries (Kainji Lake, 82 fish spp.), grazing, NTFPs","Only sector developed for tourism: game drives, Oli River hippo pool, lodge at New Bussa HQ. No access roads; not developed for tourism.","Insecurity/banditry (operations suspended 2021), poaching, grazing. Overgrazing, erosion, heavy poaching.","Former Zugurma Game Reserve, SE of Kainji Lake. Coordinates at Zugurma village (approx). West of Kainji Lake; former Borgu Game Reserve. Coordinates at New Bussa HQ.",Kainji Lake National Park – Zugurma Sector.,wdpa,A,6848,927,Limited,https://en.wikipedia.org/wiki/Kainji_Lake_National_Park | http://nigeriaparkservice.gov.ng/?p=148,10.007,4.414
w7846,7846,Udi-Nsukka Game Reserve,Game Reserve,Enugu,Uzo-Uwani,17020.0,5600,,1981,,Sub-national ministry or agency,,,rainforest,Guinea savanna / derived savanna.,,,,,,"Listed by FAO (1990s) as a 5,600 ha game reserve/wildlife sanctuary; exact location and current status unclear. Placed approx at Udi. Listed by FAO as an existing game reserve of 5,600 ha (WDPA reported area 56 km2), managed by the state forestry department's wildlife section.",Udi/Nsukka.,wdpa,B,104,53,,https://www.fao.org/4/ab578e/AB578E06.htm | https://protectedplanet.net/7846,6.806,7.19
w36987,36987,Ologbo Forest Reserve,Forest Reserve,Edo,Ikpoba-Okha,18134.0,17784,17784,1981,,Sub-national ministry or agency,,,rainforest,Freshwater swamp forest with rainforest and fallow land,"Lovoa trichilioides, Entandrophragma sp., Millettia sp., Cleistopholis patens, Ficus spp., Musanga cecropioides",,,,Degradation of floristic value; conversion to fallow land,"FAO lists Ologbo forest reserve at 17,784 ha (freshwater swamp) and Ologbo game reserve at 19,440 ha (WDPA: 194.4 km2). A 2015 survey of the Ologbo concession recorded 71 woody species in 27 families; rainforest and swamp plots were more diverse than fallow.",,wdpa,A,835,218,,https://www.fao.org/4/ab578e/AB578E10.htm | https://www.fao.org/4/ab578e/AB578E06.htm | https://protectedplanet.net/7840 | https://dicames.online/jspui/handle/20.500.12177/1909,6.045,5.565
w7465,7465,Okomu National Park,National Park,Edo,Ovia South-West,111626.0,18100,,1988,,Sub-national ministry or agency,National Park Service,IBA; KBA,rainforest,Lowland rainforest.,"Ceiba pentandra (kapok), Triplochiton scleroxylon, Antiaris africana, Alstonia congensis, 60 medicinal spp","Forest elephant, white-throated guenon (endemic), sitatunga, red river hog, Maxwell's duiker, dwarf crocodile, ~150 birds, 700+ butterflies","Timber, NTFPs, medicinal plants","Forest trails, two tree houses (one 43 m up a silk-cotton tree), chalets, guided walks and birding.","Illegal logging, poaching, farm encroachment, oil-palm/rubber plantations around park.",Wildlife sanctuary 1935 within Okomu Forest Reserve; national park 1999.,Okomu.,wdpa,A,,,Established,https://en.wikipedia.org/wiki/Okomu_National_Park | http://nigeriaparkservice.gov.ng/?p=152,6.32,5.209
w20299,20299,Cross River National Park,National Park,Cross River,Etung,329687.0,280000,,1991,II,Federal or national ministry or agency,National Park Service,IBA; KBA; UNESCO MAB (Oban); UNESCO MAB (Okwangwo),rainforest,"Lowland and submontane rainforest, montane grassland on ridges. Lowland Guineo-Congolian rainforest (Pleistocene refuge).","~1, 568 plant spp. (77 endemic to Nigeria): African mahogany, red ironwood (Lophira alata), African corkwood, epiphytic ferns and orchids, 545 spp. in 98 families incl. Ancistrocladus korupensis, Prunus africana, ebony","Forest elephant, chimpanzee, drill, Sclater's guenon, 75+ mammals, 350+ birds (incl. olive ibis), 42 snakes, ~950 butterflies, Cross River gorilla, Nigeria-Cameroon chimpanzee, Preuss's guenon, grey-necked rockfowl, golden greenbul, grey parrot","Timber, bushmeat, NTFPs (bush mango, Afang/Gnetum), watershed, NTFPs, medicinal plants","Kanyang tourist village ~1 h from Calabar, Kwa Falls, Agbokim Falls, forest hiking and birding; contiguous with Korup NP (Cameroon). Gorilla tracking, hiking near the Obudu Plateau; borders Takamanda NP (Cameroon).","Illegal logging, slash-and-burn farming, hunting, chemical fishing, plantations at margins. Logging, snaring/poaching, farming, cattle grazing.","Formed from Boshi, Okwangwo and Boshi Extension Forest Reserves; Cross River gorilla stronghold. Southern and larger division of CRNP, carved from Oban Group Forest Reserve.",Cross River National Park – Okwangwo Division.,wdpa,A,20748,3000,Basic,https://en.wikipedia.org/wiki/Cross_River_National_Park | http://nigeriaparkservice.gov.ng/?p=140 | https://en.unesco.org/biosphere/africa/okwangwo,5.831,8.9
w1332,1332,Yankari Game Reserve,Game Reserve,Bauchi,Alkaleri,238743.0,224400,,1991,IV,Sub-national ministry or agency,Bauchi State Government,IBA; former National Park,nguinea,Sudan-Guinea savanna with riparian forest along Gaji river.,"Savanna woodland, riparian forest, wild baobab, Borassus palms, Isoberlinia doka, Daniellia oliveri, Anogeissus leiocarpa, Vitellaria paradoxa","Savanna elephant, lion (near extinct), hippo, buffalo, roan, waterbuck, baboons, 350+ birds (saddle-billed stork), African bush elephant, lion, roan antelope, hartebeest, baboon, 350+ bird spp","Warm springs, NTFPs, Water (Gaji, Yashi, Yuli streams), wildlife","Nigeria's best-known wildlife destination: Wikki Warm Springs, game drives, Marshall Caves, Dukke iron-smelting furnaces.","Poaching, grazing incursions; lion near extinction. Poaching (elephant), grazing, decline of lions.","Constituted as Bauchi NA forest reserve 1957, opened as game reserve 1962; national park 1991-2006, then returned to state as game reserve.",Yankari Game Reserve (former Yankari National Park).,wdpa,A,18102,1226,Established,https://en.wikipedia.org/wiki/Yankari_National_Park | https://en.wikipedia.org/wiki/Yankari_Game_Reserve | https://www.questjournals.org/jses/papers/Vol12-issue-5/12051013.pdf,9.794,10.486
w26625,26625,Old Oyo National Park,National Park,Oyo,Olorunsogo,236928.0,251200,,1991,II,Federal or national ministry or agency,National Park Service,IBA,sguinea,Guinea savanna woodland with gallery forest and inselbergs.,"Savanna woodland trees (Isoberlinia, Daniellia, Vitellaria), riparian forest","Buffalo, kob, roan, western hartebeest, waterbuck, bushbuck, patas monkey, birds","Water (River Ogun, Ikere Gorge Dam), grazing, minerals","Ruins of Oyo-Ile (old Oyo Empire capital), Ikere Gorge Dam, caves, rock shelters, inselberg climbing.","Poaching, logging, herder encroachment, illegal mining.",Formed from Upper Ogun (1936) and Oyo-Ile (1941) Forest Reserves.,Old Oyo.,wdpa,A,8032,782,Basic,https://en.wikipedia.org/wiki/Old_Oyo_National_Park | http://nigeriaparkservice.gov.ng/?p=160,8.677,3.961
w7873,7873,Gashaka-Gumti National Park,National Park,Taraba,Gashaka,582735.0,640200,,1991,II,Federal or national ministry or agency,National Park Service,IBA; KBA,montane,Guinea savanna (Gumti) to montane forest and grassland (Gashaka).,"Afzelia africana, Khaya senegalensis, Daniellia oliveri, Isoberlinia doka, Vitellaria paradoxa, Triplochiton scleroxylon, Pterocarpus erinaceus","Largest chimpanzee population in Nigeria, buffalo, elephant, giant eland, roan, leopard, lion (rare), wild dog, 500+ birds","Watershed (Taraba/Benue tributaries), timber (rosewood), grazing","Chappal Waddi (2,419 m, Nigeria's highest peak), Kiri waterfall, hippo pool, hot spring, German fort ruins on Gashaka Hill.","Rosewood logging, grazing, poaching, insecurity.",Nigeria's largest national park; home to Gashaka Primate Project.,Gashaka-Gumti.,wdpa,A,11682,1588,Basic,https://en.wikipedia.org/wiki/Gashaka_Gumti_National_Park | http://nigeriaparkservice.gov.ng/?p=144,7.437,11.691
w7874,7874,Kamuku National Park,National Park,Kaduna,Birnin Gwari,34619.0,112000,,1999,II,Federal or national ministry or agency,National Park Service,IBA,nguinea,Sudan-Guinea savanna woodland with riparian forest.,"Isoberlinia doka, Afzelia africana, Daniellia oliveri, Detarium, Terminalia avicennioides, Raphia, Andropogon gayanus","Elephant, roan, western hartebeest, oribi, red-flanked duiker, patas monkey, baboon, 177 birds (secretarybird, ground hornbill, Denham's bustard)","Grazing, NTFPs","Elephants, Dogon Ruwa waterfalls, Goron Dutse inselberg, Tsaunin Rema boulder hill, birding.","Banditry (operations suspended 2021), hunting, cattle grazing.",Gazetted 1936 as Birnin Gwari Native Authority Forest Reserve; upgraded 1999.,Kamuku.,wdpa,A,,,Closed/insecure,https://en.wikipedia.org/wiki/Kamuku_National_Park | http://nigeriaparkservice.gov.ng/?p=156,10.807,6.303
w36534,36534,Yankari Forest Reserve,Forest Reserve,Bauchi,Alkaleri,213446.0,,,1999,II,Sub-national ministry or agency,,,nguinea,West African savanna; bush savanna on sandy soils east of the Gaji valley,,"African bush elephant, olive baboon, patas monkey, roan antelope, lion, African buffalo, waterbuck, bushbuck, hippopotamus; 350+ bird species incl. saddle-billed stork, helmeted guineafowl, African grey hornbill",,"Yankari is Nigeria's best-known wildlife destination, with several natural warm-water springs, and was opened to the public on 1 December 1962. Archaeological sites, including old iron-smelting furnaces and caves at Delimiri and Ampara, support heritage tourism.",Lion population reported to be close to local extinction; illegal activities,"The game preservation area was approved in 1956, constituted as a Bauchi Native Authority Forest Reserve in 1957 and declared a national park by Decree 36 of 1991. National park status was withdrawn in 2006 at the Bauchi State Government's request. Wikipedia gives the area as about 2,244 km², compared with the atlas polygon's 2,134 km².",,wdpa,B,17068,1210,,https://en.wikipedia.org/wiki/Yankari_National_Park,9.84,10.491
w903105,903105,Baturiya Wetland,Ramsar Site,Jigawa,Guri,101109.0,101095,,2008,,Sub-national ministry or agency,,Game Reserve; National Park (Hadejia Wetlands),sudan,Intermittent floodplain lakes and Acacia–doum palm woodland.,"Acacia nilotica, Mitragyna inermis, doum palm, Borassus, baobab, wild rice","Pelicans, yellow-billed stork, knob-billed duck, garganey, crocodiles, monitor lizards","Fishing, farming, grazing, fuelwood, water",Birdwatching; part of Hadejia Wetlands NP.,"Upstream dams, siltation, invasive grasses, illegal grazing.",Ramsar no. 1752; part of Hadejia-Nguru wetlands.,,wdpa,B,11498,390,,https://rsisd10.unepgrid.ch/RISapp/files/RISrep/NG1752RIS.pdf,12.568,10.522
w903106,903106,Dagona Sanctuary Lake Ramsar Site,Ramsar Site,Yobe,Bade,344.0,344,,2008,,Federal or national ministry or agency,Chad Basin National Park (multiple-use),Chad Basin NP; IBA (Hadejia-Nguru wetlands); Ramsar; Waterfowl Sanctuary,sudan,Seasonally flooded oxbow lake in Hadejia-Jama'are floodplain. Seasonal oxbow lake with Mitragyna and doum palm woodland.,"Mitragyna inermis, doum palm, Borassus, Acacia, Parkia, Khaya senegalensis","20, 000+ waterbirds: herons incl. goliath, egrets, pelicans, spur-winged goose, spoonbill, red-fronted gazelle, 25+ waterbird spp, wintering Palaearctic ducks, breeding grey heron, little egret, fishes","Fishing, grazing, doum palm fronds","Dagona Waterfowl Sanctuary: birdwatching base for the Hadejia-Nguru wetlands. Bird hides, platforms and nature trails in the Dagona Waterfowl Sanctuary.","Grazing and wild-resource collection despite prohibitions. Grazing, fuelwood, upstream dams, drought.","Dagona Waterfowl Sanctuary, Ramsar No. 1753; managed within the Bade-Nguru sector of Chad Basin NP.",Dagona Sanctuary Lake.,wdpa,C,196,109,,https://rsistest.ramsar.org/RISapp/files/RISrep/NG1753RIS.pdf | https://rsis.ramsar.org/ris/1753 | https://www.keybiodiversityareas.org/site/factsheet/6754,12.82,10.745
w903112,903112,Upper Orashi Forests Ramsar Site,Ramsar Site,Rivers,Ahoada West,25138.0,25165,,2008,,Sub-national ministry or agency,Rivers State Ministry of Environment,Forest Reserve; Ramsar,mangrove,Freshwater swamp forest.,"Lophira alata, Hallea ledermannii (abura), Sacoglottis, Ricinodendron, Irvingia, Raphia hookeri, rattan, Ricinodendron heudelotii, Albizia adianthifolia, Hallea ledermannii, oil palm","Sclater's and white-throated guenons, Delta red colobus, pygmy hippo, black-fronted duiker, grey parrot roost, Sclater's guenon, white-throated guenon, red colobus","Timber, fishing, NTFPs, fish",Limited; research/education potential. Ecotourism limited by insecurity.,"Uncontrolled logging, oil access roads, farm clearing, insecurity. Poaching, uncontrolled logging, militancy.","Ramsar site since 30 Apr 2008 (25,165 ha); forest reserve ~10,384 ha (FAO). Ramsar no. 1759; gazetted FR 9,696 ha within site.",Upper Orashi Forest Reserve.,wdpa,A,256,97,,https://rsisd10.unepgrid.ch/RISapp/files/RISrep/NG1759RIS.pdf | https://rsis.ramsar.org/ris/1759 | https://en.wikipedia.org/wiki/Upper_Orashi_Forest_Reserve | https://www.fao.org/4/ab578e/AB578E10.htm,4.906,6.496
w903107,903107,Foge Islands Ramsar Site,Ramsar Site,Kebbi,Ngaski,4207.0,4229,,2008,,Sub-national ministry or agency,,IBA; Ramsar,nguinea,Seasonally flooded grassland islands in Kainji Lake.,"Nymphaea lotus, Echinochloa, Vossia cuspidata, Cyperus, Andropogon, Hyparrhenia, Echinochloa pyramidalis, E. stagnina, Cyperus procerus","180+ birds (whistling ducks, pratincoles, spur-winged goose, glossy ibis), hippo, kob, waterbuck, hartebeest, 180+ bird spp. (white-faced whistling-duck, collared pratincole, blue-cheeked bee-eater)","Fishing (~5, 000 residents), recession farming, grazing, Fisheries",Birding by boat on Lake Kainji next to Kainji Lake National Park.,"Low lake levels and drought, overfishing, fuelwood cutting, hunting.","Island in Lake Kainji; permanently exposed parts lie in Kebbi State, western section in Niger State. Ramsar no. 1754; in northern Kainji Lake.",Foge Islands.,wdpa,B,42,32,,https://rsisd10.unepgrid.ch/RISapp/files/RISrep/NG1754RIS.pdf,10.507,4.548
w903113,903113,Lake Chad Wetlands in Nigeria Ramsar Site,Ramsar Site,Borno,Kukawa,603766.0,607354,,2008,,Transboundary governance,,IBA; Ramsar,sahel,"Lake, floodplain marsh, Typha/papyrus swamps and Sahel shrubland. Grasses, sedges, floating macrophytes, shrubs.","Typha australis, Cyperus papyrus, Mimosa pigra, Acacia nilotica, doum palm, Prosopis juliflora, wild rice","300+ birds (ferruginous duck, pallid harrier, great snipe), lungfish, Clarias, tilapia, Kouri cattle, Palaearctic waterbirds incl. marbled teal, indigenous fishes","Fishing, rice and recession farming, grazing, Fisheries, recession farming",Limited by insecurity.,"Lake recession, dams, desertification, overgrazing, Boko Haram insecurity. Lake recession from drought and upstream dams; insecurity.",Ramsar No. 1749; only traditional (Kanuri) management of fishing and farming rights. Largest Nigerian Ramsar site; unprotected.,Lake Chad Wetlands in Nigeria.,wdpa,A,652,274,,https://rsisd10.unepgrid.ch/RISapp/files/RISrep/NG1749RIS.pdf | https://rsisd7.unepgrid.ch/ris/1749,12.996,13.75
w903104,903104,Apoi Creek Forests Ramsar Site,Ramsar Site,Bayelsa,Southern Ijaw,29715.0,29213,,2008,,Sub-national ministry or agency,Bayelsa State Ministry of Environment,National Park (Apoi); Ramsar,mangrove,"Tidal freshwater swamp forest, mangrove, marsh.","~240 spp.: Rhizophora, Uapaca paludosa, Nauclea, Raphia, Irvingia, Hallea ledermannii, Pterocarpus soyauxii","Niger Delta red colobus, dwarf crocodile, sitatunga, leopard, grey parrot, Hartlaub's duck, African skimmer, Niger Delta red colobus (endemic, CR), fish spawning grounds","Fishing, logging, salt, NTFPs, canoe carving, Fish, timber","Community conservation areas around Apoi, Kokologbene and Gbanraun. Creek and boat tourism potential.","Logging canals, oil spills and flaring, hunting. Timber extraction via dug canals, hunting.","Ramsar site (30 Apr 2008); includes Apoi Creek FR (7,080 ha, FAO). Ramsar no. 1751; now within Apoi National Park.",Apoi Creek Forests.,wdpa,A,260,243,,https://rsis.ramsar.org/ris/1751 | https://rsisd10.unepgrid.ch/RISapp/files/RISrep/NG1751RIS.pdf | https://www.swnigerdeltaforestproject.org.ng/where-we-work | https://www.fao.org/4/ab578e/AB578E10.htm,4.706,5.813
w903108,903108,Lower Kaduna–Middle Niger Floodplain,Ramsar Site,Niger,Lavun,228512.0,229054,,2008,,,,IBA,sguinea,"Floodplain marsh, Mitragyna swamp forest, Guinea savanna.","Nymphaea lotus, Echinochloa, Vossia, Phragmites karka, Mitragyna, Mimosa pigra","Rosy bee-eater and carmine bee-eater colonies, Hartlaub's duck, woolly-necked stork, grey pratincole, Gymnarchus, Lates, Heterotis fish","Fishing, fadama rice/sugarcane farming, grazing, fuelwood",Bee-eater colonies and river birding.,"Upstream dams (Kainji, Jebba, Shiroro), intensive fadama farming, overfishing.",Ramsar no. 1755; otherwise unprotected.,Lower Kaduna-Middle Niger Floodplain.,wdpa,B,5013,457,,https://rsisd10.unepgrid.ch/RISapp/files/RISrep/NG1755RIS.pdf,8.903,5.818
w903110,903110,Oguta Lake,Ramsar Site,Imo,Oguta,572.0,572,,2008,,Federal or national ministry or agency,,,rainforest,Natural freshwater lake with swamp and relict forest.,"Nymphaea lotus, Pistia, Vossia, Lophira alata, Pycnanthus, Ricinodendron, oil palm","~40 fish spp. (Chrysichthys, Lates, Tilapia), Sclater's guenon in relict forests","Fishing, transport, sand dredging, water supply","Lakeside hotel and golf course, boat rides; Imo's largest natural lake.","Overfishing, dredging, sewage, algal blooms, gully erosion.",Ramsar no. 1757.,,wdpa,C,291,188,Limited,https://rsis.ramsar.org/ris/1757 | https://rsisd10.unepgrid.ch/RISapp/files/RISrep/NG1757RIS.pdf,5.703,6.803
w903111,903111,Pandam and Wase Lakes,Ramsar Site,Plateau,Qua'An Pan,19758.0,19742,,2008,,Sub-national ministry or agency,,IBA; National Park (Pandam),sguinea,Savanna lakes with gallery forest and woodland.,"Afzelia africana, Ceiba pentandra, Raphia sudanica, Isoberlinia doka, Parkia biglobosa, Vitellaria paradoxa","West African manatee, hippo, Nile crocodile, roan, buffalo, 217 birds (Pel's fishing owl, long-toed lapwing)","Fishing, forestry, grazing","Annual fishing festival, birdwatching, Pandam tourist village (20 chalets).","Poaching, overfishing, grazing/burning, farm conversion.",Ramsar no. 1758.,,wdpa,B,103,53,,https://rsisd10.unepgrid.ch/RISapp/files/RISrep/NG1758RIS.pdf,8.69,8.969
c0,,Chad Basin National Park – Chingurmi-Duguma Sector,National Park,Borno,Bama,,122800,,1991,II,,National Park Service,IBA,sudan,Sudan–Guinea savanna to Sahel; Acacia–Balanites woodland,"Acacia spp., Balanites aegyptiaca, elephant grass, wild sorghum","Savanna elephant (~100 in 2007), black crowned crane, demoiselle crane, white stork, helmeted guineafowl","Grazing, fisheries, NTFPs","Game viewing and birding near the Cameroon border; lodges abandoned, off-road access and camping needed.","Poaching, farming/grazing encroachment, Boko Haram insecurity",Largest of Chad Basin NP's three separate sectors; transboundary elephant range with Waza (Cameroon).,,published,B,3,3,Closed/insecure,https://en.wikipedia.org/wiki/Chad_Basin_National_Park | http://nigeriaparkservice.gov.ng/?p=136,11.75,14.25
c1,,Chad Basin National Park – Bade-Nguru Wetlands Sector,National Park,Yobe,Bade; Jakusko,,93800,,1991,II,,National Park Service,IBA; UNESCO MAB (Hadejia-Nguru-Bade),sudan,"Seasonal floodplain wetlands, doum palm and Acacia woodland; includes 5 forest reserves","Hyphaene thebaica, Acacia spp., Mitragyna inermis, wild rice","Palearctic migratory waterfowl (garganey, ruff), herons, pelicans, red-fronted gazelle","Fisheries, grazing, flood-recession farming, fuelwood",Includes the Dagona Waterfowl Sanctuary with bird hides and trails; prime winter birdwatching.,"Reduced flooding from upstream dams, quelea poisoning, cultivation, tree loss",Part of the Hadejia-Nguru wetlands complex.,,published,B,4011,271,Closed/insecure,https://en.wikipedia.org/wiki/Chad_Basin_National_Park,12.67,10.5
c2,,Chad Basin National Park – Bulatura Oases Sector,National Park,Yobe,Yusufari,,9200,,1991,II,,National Park Service,,sahel,Swampy inter-dune valleys (oases) between Sahelian sand dunes,"Doum palm, Acacia, Sahelian grasses",Sahelian birds and small mammals (poorly documented),"Grazing, date/doum palm products, water",Scenic dune and oasis landscapes near the Niger border.,"Desertification, grazing",Smallest sector of Chad Basin NP.,,published,B,0,0,Closed/insecure,https://en.wikipedia.org/wiki/Chad_Basin_National_Park,13.25,11.0
c3,,Apoi National Park,National Park,Bayelsa,Southern Ijaw,,29213,,2023,,,National Park Service,Ramsar,mangrove,Freshwater swamp forest and mangrove,"Rhizophora mangroves, Raphia, Irvingia, Uapaca, Nauclea, Hallea ledermannii, Xylopia staudtii","Niger Delta red colobus, Sclater's guenon (?), dwarf and Nile crocodile, sitatunga, leopard, grey parrot, Hartlaub's duck","Fisheries, timber, raffia, NTFPs",Riverine boat-based ecotourism potential.,"Logging canals, oil spills, gas flaring, hunting, land-tenure disputes",Former Apoi Creek Forest Reserve (Ramsar 2008); upgraded to national park (NASS approval 2023). Area is Ramsar boundary.,,published,B,8,8,,https://africanconservation.org/wildlife-news/nigerian-senate-approves-establishment-of-10-new-national-parks/ | https://rsisd10.unepgrid.ch/RISapp/files/RISrep/NG1751RIS.pdf | https://blueprint.ng/diri-assures-of-support-as-fg-approves-3-national-parks-for-bayelsa/,4.7,5.79
c4,,Hadejia Wetlands National Park,National Park,Jigawa,Kiri Kasama; Kafin Hausa,,101095,,2024,,,National Park Service,Ramsar; IBA,sudan,Seasonal floodplain wetlands with Acacia–doum palm woodland,"Acacia nilotica, Mitragyna inermis, Hyphaene thebaica, Borassus, Anogeissus leiocarpus, baobab, wild rice","Pelicans, yellow-billed stork, knob-billed duck, white-faced whistling duck, garganey (20,000+ waterbirds), crocodiles","Fisheries, floodplain farming, grazing, fuelwood",Waterbird watching in the dry season; state tourism development planned.,"Upstream dams (Tiga, Challawa), siltation, invasive Typha, illegal grazing/fuelwood",Former Baturiya Wetland Game Reserve; FG took over 10 Sep 2024. Area is Ramsar boundary.,,published,B,,,,https://guardian.ng/?p=2435326 | https://rsisd10.unepgrid.ch/RISapp/files/RISrep/NG1752RIS.pdf,12.53,10.49
c5,,Kampe National Park,National Park,Kwara,Patigi,,11730,,2025,,,"National Park Service (handover from Kwara State, 2025).",former Game Reserve,sguinea,Guinea savanna / forest-savanna mosaic.,,,Kampe River watershed,Planned ecotourism; named after the Kampe River.,,WDPA lists Ebbe/Kampe at 117.3 km2; approved in 2020 for upgrade to national park and handed to the Federal Government in Feb 2025 (overlaps national-park layer). Coordinates are GeoNames River Kampe FR. Former Kampe (Ebbe/Kampe) forest and game reserve; handed to NPS Feb 2025. LGA as reported by ThisDay; coordinates approx.,Kampe (Ebbe/Kampe) Game Reserve,approx_town,D,123,63,,https://www.thisdaylive.com/2025/02/05/abdulrazaq-inaugurates-steering-committee-hands-over-kampe-game-reserve-to-fg/ | https://africanconservation.org/wildlife-news/nigerian-senate-approves-establishment-of-10-new-national-parks/ | https://protectedplanet.net/7834 | https://fmino.gov.ng/gov-abdulrazaq-inaugurates-steering-committee-hands-over-kampe-game-reserve-to-fg/ | http://www.geonames.org/search.html?q=forest+reserve&country=NG,8.73,5.75
c6,,Marhai National Park,National Park,Nasarawa,Wamba,,5379,,2024,,,National Park Service (taken over 2024).,former Forest Reserve,sguinea,Guinea savanna with gallery forest on escarpment. Guinea savanna and hills.,,"Diverse wildlife (undocumented), Monkeys, guinea fowl",,"Contains Farin Ruwa waterfall (~150 m), picnic site, Kulere culture. Scenic landscape; ecotourism, research and education planned. Promoted by the state for eco-tourism, research and education for its scenic landscape and wildlife.",,Gazetted 1960 by Northern Region; upgraded to national park (FG takeover Dec 2024) - overlaps national-park layer. Former Marhai (Marhi) Forest Reserve; upgrade process began 2011; FG takeover Dec 2024. In Wamba LGA; the upgrade effort began in 2011 and in December 2024 the Federal Government took over management for the National Park Service as a national park.,Marhai Forest Reserve (Farin Ruwa),approx_town,D,204,74,,https://fmino.gov.ng/marhai-forest-in-wamba-lga-becomes-national-park-as-fg-takes-over/ | https://africanconservation.org/wildlife-news/nigerian-senate-approves-establishment-of-10-new-national-parks/ | https://www.researchgate.net/publication/234029837_Assessment_of_Ecotourism_Development_at_Farin_Ruwa_Waterfall_in_Nasarawa_State_Nigeria,8.94,8.6
c7,,Pandam National Park,National Park,Plateau,Qua'an Pan,,22400,,2023,,,Plateau State Government (approved 2020 for NP upgrade). National Park Service.,IBA; KBA; Ramsar (Pandam & Wase Lakes),sguinea,Sudan-Guinea savanna with gallery forest; Pandam Lake (~2 km²).,"Afzelia africana, Ceiba pentandra, Raphia sudanica, Burkea africana, Isoberlinia doka","West African manatee, hippo, roan, buffalo, duikers, warthog, 217 birds (Pel's/Bouvier's fishing owl, long-toed lapwing), hippopotamus, roan antelope, buffalo (formerly), olive baboon, white-faced whistling duck, Pel's fishing owl","Fisheries, timber, grazing, water","Game viewing, birding, sport fishing, canoeing on Pandam Lake; 20 chalets (dilapidated). Pandam Lake boating, sport fishing, bird watching, chalets (some derelict).","Poaching, grazing, bush burning, logging, illegal fishing, encroachment. Poaching, grazing, bush burning, neglect, floodplain rice schemes.","Game reserve since 1972; one of 10 reserves approved in 2020 for upgrade to national park - may overlap national-park layer. Pandam Wildlife Park/Game Reserve (1972); upgraded to national park (NASS approval 2023). KBA gives 33,048 ha.",Pandam Wildlife Park,published,B,214,68,,https://www.keybiodiversityareas.org/site/factsheet/6742 | https://www.icirnigeria.org/pandam-wildlife-park-a-blight-on-the-plateau/ | https://africanconservation.org/wildlife-news/nigerian-senate-approves-establishment-of-10-new-national-parks/,8.6667,9.05
c8,,Nguru Lake (and Marma Channel) Complex,Ramsar Site,Jigawa; Yobe,Nguru; Birniwa; Guri,,58100,,2000,,,,IBA; KBA; Ramsar; UNESCO MAB (Hadejia-Nguru-Bade),sudan,"Floodplain lakes, channels and marshes with doum palm uplands. Sahelian floodplain lake, marsh and fadama.","Echinochloa, Nymphaea, Typha, Ceratophyllum, doum palm, tamarind, wild rice","Garganey (20, 000+ wintering), ruff, white-faced whistling duck, ~65 fish spp, white-faced whistling duck (each >20, 000), disc tilapia","Fisheries, recession farming, grazing, fuelwood, groundwater recharge, flood-recession farming",Boat rides and birdwatching; IUCN wetland information centre. Boat-based ecotourism at Dabar Magini; winter birdwatching.,"Typha invasion, upstream dams, grazing, cultivation, overfishing. Invasive Typha, upstream dams, overgrazing, fuelwood harvest.","Ramsar site designated 2 Oct 2000, core of the Hadejia-Nguru wetlands. RIS coordinates are garbled; placed at Nguru town. Nigeria's first Ramsar site (21 Mar 2000), Ramsar no. 1039.",,published,B,2186,228,,https://rsis.ramsar.org/ris/1039 | https://rsisd7.unepgrid.ch/RISapp/files/RISrep/NG1039RIS.pdf | https://www.keybiodiversityareas.org/site/factsheet/6754,12.77,10.38
c9,,Maladumba Lake,Ramsar Site,Bauchi,Misau,,1860,,2008,,,,Forest Reserve; Ramsar,nguinea,Shallow Sudan-savanna lake with surrounding forest reserve. Permanent lake and marsh within savanna forest reserve.,"Acacia nilotica, Tamarindus indica, baobab, Typha, Mimosa pigra (~175 spp.)","~82 birds (ruff, grey heron), buffalo, bushbuck, patas monkey, Lates, Bagrus, Hydrocynus, white-necked stork, green fruit pigeon, diverse fishes","Fishing, irrigation, grazing, fuelwood, Fisheries, farmland",Birdwatching and lakeside recreation potential. Annual fishing festival.,"Rapid siltation, fires, unregulated fishing/hunting. Rapid siltation, farming, grazing, hunting.",Ramsar site (No. 1756) comprising the lake and its surrounding forest reserve. Ramsar lists 10.4N 9.85E; GeoNames places the lake in Misau LGA. Ramsar no. 1756; surrounded by Maladumba Forest Reserve (51.8 km²).,,published,B,70,46,,https://rsistest.ramsar.org/RISapp/files/RISrep/NG1756RIS.pdf | https://rsis.ramsar.org/ris/1756 | https://www.geonames.org/search.html?q=maladumba&country=NG,10.4,9.85
c10,,Ado-Awaye (Iyake) Suspended Lake Wetland,Ramsar Site,Oyo,Iseyin,,165,,2024,,,,,mosaic,Hilltop (suspended) lake on inselberg with woodland,"Afzelia africana (VU), Albizia zygia, Antiaris toxicaria, Parkia biglobosa, Ficus","Mona monkey, bushbuck, Nile crocodile, Nile monitor, egrets, woolly-necked stork","Water, farming (cassava, cashew)",Hike to Africa's rare suspended lake atop Oke-Ado; sacred Ishage rock.,"Farming, tree felling, unregulated tourism/religious use",Ramsar no. 2550 (1 Mar 2024).,,published,B,36,31,,https://rsis.ramsar.org/ris/2550 | https://rsisd7.unepgrid.ch/RISapp/files/RISrep/NG2550RIS_2409_en.pdf,7.822,3.438
c11,,International Institute of Tropical Agriculture (IITA) Ramsar Site,Ramsar Site,Oyo,Akinyele,,53,,2024,,,,IBA; KBA,rainforest,Reservoir lake and regenerated lowland rainforest (protected since 1965),"Ceiba, Milicia, Terminalia, bamboo, Raphia, oil palm","300+ birds incl. Ibadan malimbe (EN), great snipe; mona monkey","Irrigation water, research","Birdwatching, forest walks and canoeing at IITA campus, Ibadan.","Urbanisation, siltation, invasive species","Ramsar no. 2551 (1 Mar 2024); inside 1,000 ha IITA campus.",,published,B,6130,758,,https://rsis.ramsar.org/ris/2551 | https://rsis.ramsar.org/RISapp/files/RISrep/NG2551RIS_2409_en.pdf,7.493,3.904
c12,,Osun-Osogbo Sacred Grove,Ramsar Site,Osun,Osogbo; Olorunda,,54,,2024,,,NCMM / Osun State.,UNESCO World Heritage; UNESCO World Heritage Site,mosaic,Riverine primary high forest along Osun River.,"400+ spp.: Terminalia ivorensis, Ceiba, Triplochiton, Milicia excelsa, Brachystegia nigerica, 400+ plant species, 200+ medicinal","White-throated guenon (EN), red-capped mangabey (EN), mona monkey, pangolin, pythons, catfish","Sacred forest, medicinal plants, Sacred/cultural forest",UNESCO World Heritage site with ~40 shrines and sculptures; annual Osun-Osogbo Festival (August).,"Historical hunting, fishing, felling, land speculation. Urbanisation, invasive plants, tourism pressure.",Sacred grove; 47 ha buffer zone. Ramsar no. 2563 (1 Mar 2024).,,published,B,303,79,Established,https://rsis.ramsar.org/ris/2563 | https://rsisd7.unepgrid.ch/RISapp/files/RISrep/NG2563RIS_2503_en.pdf | https://whc.unesco.org/en/list/1118,7.753,4.551
c13,,Ebute Oni Coastal Wetland,Ramsar Site,Ogun,Ijebu Waterside,,103,,2024,,,,,rainforest,Coastal lagoon mangrove and swamp forest,"Rhizophora racemosa, Nypa palm, Raphia hookeri, Lophira alata, Nauclea diderrichii","Crocodiles, waterbirds, Sclater's guenon (reported), sea turtles (reported)","Artisanal fishing, rice farming, water transport",Annual festivals and lagoon recreation.,"Water hyacinth, agriculture, effluents, sea-level rise",Ramsar no. 2564 (1 Mar 2024).,,published,B,0,0,,https://rsis.ramsar.org/ris/2564 | https://rsistest.ramsar.org/RISapp/files/RISrep/NG2564RIS_2503_en.pdf,6.56,4.228
c14,,Arinta Waterfall,Ramsar Site,Ekiti,Ekiti West,,181,,2024,,,,,rainforest,Riverine forest and waterfall stream,"Ricinodendron heudelotii, Ceiba pentandra, Milicia excelsa, Alstonia boonei, Pycnanthus angolensis","Mona monkey, red-capped mangabey, bushbuck, red-flanked duiker, grey parrot, endangered damselflies","Drinking water (Ipole-Iloro plant), hydropower potential",Multi-tiered waterfall at Ipole-Iloro near Ikogosi Warm Springs; swimming and hiking.,"Deforestation, unregulated tourism",Ramsar no. 2565 (1 Mar 2024).,,published,B,0,0,Limited,https://rsis.ramsar.org/ris/2565 | https://rsistest.ramsar.org/RISapp/files/RISrep/NG2565RIS_2503_en.pdf,7.517,4.926
c15,,"Yemoji Lake, Ijebu-Ode",Ramsar Site,Ogun,Ijebu-Ode,,184,,,,,,,rainforest,Urban-fringe freshwater lake and swamp,,,Water,Lake in Ijebu-Ode town with cultural significance.,,Listed Nigerian Ramsar site (184.1 ha); details not verified.,,approx_town,D,146,105,,https://en.wikipedia.org/wiki/List_of_Ramsar_sites_in_Nigeria,6.82,3.92
c16,,Ogoni Mangrove Wetland,Ramsar Site,Rivers,Gokana; Khana; Tai; Eleme,,31700,,2026,,,,,mangrove,"Mangrove forest, tidal creeks, mudflats and islands","Mangroves (Rhizophora, Avicennia), Nypa palm","Finfish, shellfish, crustaceans, crocodiles, turtles, grey parrot","Fisheries, carbon storage, flood regulation",Mangrove restoration showcase (HYPREP).,"Oil pollution legacy, illegal refining",Designated Mar 2026 after HYPREP clean-up; coordinates at Bori (approx).,,approx_town,D,,,,https://hyprep.gov.ng/hyprep-celebrates-designation-of-ogoni-mangrove-wetland-as-a-ramsar-site-of-international-importance/ | https://von.gov.ng/ramsar-convention-designates-ogoniland-wetland/,4.67,7.37
c17,,Omo Biosphere Reserve (incl. Strict Nature Reserve),Biosphere Reserve,Ogun,Ijebu East; Ogun Waterside,,675124,,1977,Ia,,Ogun State Forestry Department / UNESCO MAB.,Forest Reserve; IBA; Strict Nature Reserve; UNESCO MAB,rainforest,"Mixed moist semi-evergreen lowland rainforest, plantations.","Diospyros spp, Khaya ivorensis, Cordia millenii, Dracaena mannii, Gmelina and teak plantations, Dracaena manni","Forest elephant, chimpanzee, white-throated monkey, pangolin, yellow-casqued hornbill, rich butterflies, African elephant, civet, long-crested eagle","Timber, fuelwood, farming, NTFPs, fishing in transition zone",Elephant camp research station; forest birding and butterfly watching. Research and nature tourism around the strict nature reserve core.,"Logging, farm encroachment, erosion, biodiversity loss.","UNESCO biosphere (1977): 460 ha core strict nature reserve, 8,165 ha buffer, ~666,499 ha transition; ~6,000 residents. Nigeria's first biosphere reserve (core 460 ha Omo SNR; ~130,500 ha forest reserve).",Omo Biosphere Reserve / Omo Strict Nature Reserve,published,B,12943,1308,,https://en.unesco.org/biosphere/africa/omo | https://protectedplanet.net/2089 | https://www.fao.org/4/ab578e/AB578E06.htm,6.858,4.492
c18,,Oban Biosphere Reserve,Biosphere Reserve,Cross River,Akamkpa; Odukpani,,557682,,2020,,,NPS / Cross River State,UNESCO MAB; National Park,rainforest,"Lowland rainforest, hills and wetlands","1,568 plant spp.","Cross River gorilla, Nigeria-Cameroon chimpanzee, forest elephant, drill","Watershed, NTFPs, timber",Rainforest ecotourism via Cross River NP (Oban).,"Logging, farming, hunting","Core 195,771 ha; includes Oban FR, CRNP and Obudu Plateau.",,published,B,6304,1513,,https://en.unesco.org/biosphere/africa/oban,5.62,8.59
c19,,Okwangwo Biosphere Reserve,Biosphere Reserve,Cross River,Obanliku; Boki,,138061,,2020,,,NPS / Cross River State,UNESCO MAB; National Park,montane,Lowland to montane rainforest,"~1,545 spp. in 98 families","Cross River gorilla, chimpanzee, drill, Preuss's guenon, elephant, grey-necked rockfowl","NTFPs, watershed",Gorilla habitat near Obudu Mountain Resort.,"Shifting cultivation, hunting","Core 83,060 ha; centred on CRNP Okwangwo division (coords from division).",,approx_town,D,22757,1026,,https://en.unesco.org/biosphere/africa/okwangwo,6.28,9.23
c20,,Hadejia-Nguru-Bade Biosphere Reserve,Biosphere Reserve,Yobe; Jigawa,Bade; Jakusko; Nguru,,394889,,2020,,,,UNESCO MAB; Ramsar; IBA,sudan,Sahel/Sudan savanna floodplain wetlands,"Doum palm, Acacia, Typha, wild rice","377 bird spp. incl. ferruginous duck, pallid harrier, great snipe","Fisheries, farming, grazing","Winter waterbird watching (Dagona, Nguru).","Dams, Typha invasion, drought",Designated under BIOPALT (Lake Chad) project.,,published,B,11460,509,,https://en.unesco.org/biosphere/africa/hadejia-nguru-bade | https://pmnewsnigeria.com/2020/10/30/unesco-approves-3-additional-reserves-for-nigeria/,12.76,10.67
c21,,Shere Hills Biosphere Reserve,Biosphere Reserve,Plateau,Jos East,,,,,,,,UNESCO MAB,jos,"Montane grassland and rocky hills of the Jos Plateau (to 1,759 m)",,,,"Hiking and rock climbing on the Jos Plateau's highest hills, ~10 km east of Jos.",,Cited by UNESCO/FRIN as a Nigerian biosphere reserve; designation year not verified.,,published,B,277,119,,https://gazettengr.com/unesco-reiterates-commitment-to-conserving-nigerias-natural-reserves/ | https://en.wikipedia.org/wiki/Shere_Hills,9.95,9.05
c22,,Ohunbe Forest Reserve,Forest Reserve,Ogun,,,,,,,,,,rainforest,,,,,,,Western Ogun (Yewa) reserve per GeoNames; little documented.,,published,C,10,8,,https://www.geonames.org/advanced-search.html?q=forest+reserve&country=NG&featureClass=L&maxRows=500,6.9292,2.8047
c23,,Oja-Odan Forest Reserve,Forest Reserve,Ogun,Yewa North,,,,,,,,,rainforest,,,,,,,Listed among Ogun's nine forest reserves; located at Oja-Odan town (approx).,,approx_town,D,0,0,,https://newtelegraphng.com/ogun-a-paradigm-shift-in-forestry-conservation/,7.0,2.88
c24,,Ologe Lagoon Forest Reserve,Forest Reserve,Lagos,Badagry; Ojo,,4427,4427,,,,,,rainforest,Mangrove/freshwater swamp forest,,,,,,Lagoon-fringe reserve listed in Beak (1998) inventory.,,approx_town,D,40,5,,https://www.fao.org/4/ab578e/AB578E10.htm,6.5,3.05
c25,,Yelwa Forest Reserve,Forest Reserve,Lagos,,,122,122,,,,,,,Mangrove forest,,,,,,Small reserve listed under Lagos in Beak (1998); location unverified.,,,D,,,,https://www.fao.org/4/ab578e/AB578E10.htm,,
c26,,Lufasi Nature Park,Community Forest,Lagos,Ibeju-Lekki,,20,,2016,,,LUFASI (NGO),,mangrove,Farm-forest remnant,,Wildlife rescue/rehabilitation sanctuary,,"Forest tours, lakes, eco-hall, picnic and play areas on Lekki–Epe Expressway (km 41).",,Private NGO-run urban forest park.,,approx_town,D,197,92,Established,https://lufasi.org/lufasi-nature-park/,6.47,3.7
c27,,Okoo Forest Reserve,Forest Reserve,Oyo,Ogo-Oluwa,,,,,,,,,mosaic,,,,,,,~0.7% of Oyo reserve area.,,approx_town,D,10,7,,https://www.academia.edu/50121600/FOREST_RESERVES_AND_RESIDENTIAL_AREAS_A_CASE_STUDY_OF_GOVERNMENT_FOREST_RESERVES_IN_OYO_STATE,7.95,4.18
c28,,Olaseinde Forest Reserve,Forest Reserve,Oyo,Iseyin,,,,,,,,,mosaic,,,,,,,Small reserve (~0.2% of Oyo reserve area).,,approx_town,D,119,71,,https://www.academia.edu/50121600/FOREST_RESERVES_AND_RESIDENTIAL_AREAS_A_CASE_STUDY_OF_GOVERNMENT_FOREST_RESERVES_IN_OYO_STATE,7.97,3.6
c29,,Ago-Are Forest Reserves I & II,Forest Reserve,Oyo,Atisbo,,,,,,,,,mosaic,,,,,,,Listed among Oyo's nine reserves.,,approx_town,D,73,38,,https://ejesm.org/wp-content/uploads/2023/08/ejesm.v16i3.6.pdf,8.5,3.42
c30,,Oke-Iho Forest Reserve,Forest Reserve,Oyo,Iseyin,,,,,,,,,mosaic,,,,,,,Listed among Oyo's nine reserves.,,approx_town,D,11,10,,https://ejesm.org/wp-content/uploads/2023/08/ejesm.v16i3.6.pdf,8.03,3.35
c31,,Ogbomoso Forest Reserve,Forest Reserve,Oyo,Ogbomoso,,,,,,,,,mosaic,,,,,,,,,published,C,23,11,,https://www.geonames.org/advanced-search.html?q=forest+reserve&country=NG&featureClass=L&maxRows=500,8.1022,4.2339
c32,,Old Ogbomoso Waterworks Forest Reserve,Forest Reserve,Oyo,Ogbomoso,,,,,,,,,mosaic,,,,,,,Watershed protection reserve.,,published,C,93,37,,https://www.geonames.org/advanced-search.html?q=forest+reserve&country=NG&featureClass=L&maxRows=500,8.1147,4.2808
c33,,Ogunpa Forest Reserve,Forest Reserve,Oyo,Ibadan North,,,,1950,,,,,rainforest,Indigenous & exotic tree plantation,,,,"Urban forest behind Agodi Gardens, Ibadan.",Felling and proposed conversion to residential/commercial use,Early indigenous-species plantation; watershed of Ogunpa River.,,approx_town,D,,,,https://conbio.org/publications/scb-news-blog/halting-the-destruction-of-the-ogunpa-forest-reserve-in-ibadan-oyo-state,7.41,3.9
c34,,IITA Forest Reserve (Ibadan),Community Forest,Oyo,Akinyele,,350,,,,,International Institute of Tropical Agriculture,IBA,rainforest,"Secondary lowland forest, lake",,Rich bird community incl. Ibadan malimbe,,"Forest school, trails, canopy tower, birdwatching (Ibadan Bird Club).",,"~350 ha of forest on IITA's 1,000 ha campus; recognised IBA.",,approx_town,D,6134,756,Basic,https://forestcenter.iita.org/?p=8,7.5,3.9
c35,,Osogbo Forest Reserve,Forest Reserve,Osun,Osogbo,,,,,,,,,mosaic,,,,,,,,,published,C,249,69,,https://www.geonames.org/advanced-search.html?q=forest+reserve&country=NG&featureClass=L&maxRows=500,7.7597,4.5303
c36,,Oyinmo Forest Reserve,Forest Reserve,Ondo,Akoko,,,,,,,,,rainforest,,,,,,,Listed as 'Oyinno' in GeoNames.,,published,C,0,0,,https://www.geonames.org/advanced-search.html?q=forest+reserve&country=NG&featureClass=L&maxRows=500,7.3167,5.6406
c37,,Ada Forest Reserves (1 & 2),Forest Reserve,Ondo,,,1069,401,,,,,,,,,,,,,Listed under 'Ondo/Ekiti' (668 + 401 ha) in Beak (1998); location unverified.,,,D,,,,https://www.fao.org/4/ab578e/AB578E10.htm,,
c38,,Idanre Hills (Oke Idanre),Other,Ondo,Idanre,,,,,,,,UNESCO WH tentative,rainforest,Inselberg landscape with forest,,"Rock hyrax, monkeys, bat colony",,"Hilltop heritage site (Owa's palace, shrines), ~3,000 ft; Ogun and Ije festivals; popular hiking.",Hunting,On UNESCO World Heritage tentative list (2007).,,published,B,236,141,Basic,https://whc.unesco.org/en/tentativelists/5169,7.1038,5.1015
c39,,Ikere Forest Reserve,Forest Reserve,Ekiti,Ikere,,,,,,,,,rainforest,,,,,,,,,published,C,19,15,,https://www.geonames.org/advanced-search.html?q=forest+reserve&country=NG&featureClass=L&maxRows=500 | https://ijras.org/administrator/components/com_jresearch/files/publications/IJRAS_81_Final.pdf,7.4953,5.1392
c40,,Aramoko Forest Reserve,Forest Reserve,Ekiti,Ekiti West,,3282,3282,,,,,,mosaic,,,,"Timber, NTFPs for local livelihoods",,,,,approx_town,D,290,52,,https://www.fao.org/4/ab578e/AB578E10.htm | https://ijras.org/administrator/components/com_jresearch/files/publications/IJRAS_81_Final.pdf,7.7,5.05
c41,,Isan-Ayede Forest Reserve,Forest Reserve,Ekiti,Oye; Ilejemeje,,,,,,,,,mosaic,,,,,,,,,published,C,0,0,,https://www.geonames.org/advanced-search.html?q=forest+reserve&country=NG&featureClass=L&maxRows=500 | https://ijras.org/administrator/components/com_jresearch/files/publications/IJRAS_81_Final.pdf,7.9978,5.4114
c42,,Gelegele Forest Reserve,Forest Reserve,Edo,,,,,,,,Edo State Ministry of Environment (Forestry),,,Lowland rainforest,,"Forest elephant, white-throated monkey",,Accessed by boat; 30-year conservation/eco-tourism concession to Africa Nature Investors Foundation (2022).,"Illegal logging, uncontrolled farming",Second largest reserve in Edo after Okomu; contiguous with Okomu NP landscape.,,,D,,,,https://edostate.gov.ng/?p=23561 | https://www.primebusiness.africa/edo-concessions-okomu-south-gele-gele-forest-reserves-for-30-years-to-ani-foundation/,,
c43,,Sokponba Forest Reserve,Forest Reserve,Edo,Orhionmwon,,49210,,1912,,,Edo State Ministry of Environment (Forestry),,rainforest,"Lowland rainforest (3-layer, closed canopy)","Opepe, Afara (Terminalia), Mahogany, Albizia, Alstonia, Okwen",,Timber,,Deforestation,~175 compartments. Location overlaps the Sapoba area; may be the same reserve as or adjoin Sapoba FR.,,published,B,982,377,,https://distantreader.org/stacks/journals/jtfe/jtfe-4690.pdf,6.09,5.85
c44,,Ologbo Game Reserve / Forest Reserve,Game Reserve,Edo,Ikpoba-Okha,,19440,,,,,Edo State Ministry of Environment (Forestry),WDPA,rainforest,Lowland rainforest,,,"Timber, bushmeat",,,"WDPA lists Ologbo at 194.4 km2; FAO lists Ologbo FR at 17,784 ha.",,approx_town,D,162,64,,https://protectedplanet.net/7840 | https://Parks.it/world/NG/Eindex.html | https://www.fao.org/4/ab578e/AB578E10.htm,6.06,5.67
c45,,Ohosu Game Reserve / Forest Reserve,Game Reserve,Edo,Ovia North-East,,47100,,,,,Edo State Ministry of Environment (Forestry),,rainforest,Lowland rainforest,,"Forest elephant, white-throated monkey, red-capped mangabey, forest buffalo (Idanre cluster)",,,,"471 km2 game reserve; FAO lists Ohosu FR at 51,519 ha. Part of the Idanre forest cluster with Ondo reserves.",,approx_town,D,250,110,,https://en.wikipedia.org/wiki/Ohosu_Game_Reserve | https://www.swnigerdeltaforestproject.org.ng/where-we-work | https://www.fao.org/4/ab578e/AB578E10.htm,6.73,5.39
c46,,Urhonigbe Forest Reserve & Strict Nature Reserve,Forest Reserve,Edo,Orhionmwon,,30791,30791,,,,Edo State Ministry of Environment (Forestry),Strict Nature Reserve,,Lowland rainforest,,,Timber,,,"FAO lists Urhonigbe FR at 30,791 ha; a strict nature reserve of this name is also listed for Nigeria.",,,D,,,,https://www.fao.org/4/ab578e/AB578E10.htm | https://Parks.it/world/NG/Eindex.html,,
c47,,Ekiadolor Forest Reserve,Forest Reserve,Edo,Ovia North-East,,24720,24720,,,,Edo State Ministry of Environment (Forestry),,rainforest,Lowland rainforest,,,Timber,,,Gazetted state forest reserve (FAO list of Bendel/Edo reserves); location approximate to LGA.,,approx_town,D,157,92,,https://www.fao.org/4/ab578e/AB578E10.htm,6.27,5.46
c48,,Igbuobazuwa (Iguobazuwa) Forest Reserve,Forest Reserve,Edo,Ovia South-West,,32199,32199,,,,Edo State Ministry of Environment (Forestry),,rainforest,Lowland rainforest,,,Timber,,,Gazetted state forest reserve (FAO list of Bendel/Edo reserves); location approximate to LGA.,,approx_town,D,219,118,,https://www.fao.org/4/ab578e/AB578E10.htm,6.38,5.46
c49,,Udo Forest Reserve,Forest Reserve,Edo,Ovia South-West,,2137,2137,,,,Edo State Ministry of Environment (Forestry),,rainforest,Lowland rainforest,,,Timber,,,Gazetted state forest reserve (FAO list of Bendel/Edo reserves); location approximate to LGA.,,approx_town,D,79,39,,https://www.fao.org/4/ab578e/AB578E10.htm,6.38,5.46
c50,,Okhuesan Forest Reserve,Forest Reserve,Edo,Esan South-East,,2718,2718,,,,Edo State Ministry of Environment (Forestry),,rainforest,Lowland rainforest,,,Timber,,,Gazetted state forest reserve (FAO list of Bendel/Edo reserves); location approximate to LGA.,,approx_town,D,201,75,,https://www.fao.org/4/ab578e/AB578E10.htm,6.66,6.38
c51,,Urohi-Ojogba Forest Reserve,Forest Reserve,Edo,,,3195,3195,,,,Edo State Ministry of Environment (Forestry),,,Lowland rainforest,,,Timber,,,Gazetted state forest reserve listed by FAO; exact location not established.,,,D,,,,https://www.fao.org/4/ab578e/AB578E10.htm,,
c52,,Okpe-Urhobo Forest Reserve,Forest Reserve,Delta,,,13962,13962,,,,Delta State Ministry of Environment (Forestry),,rainforest,Lowland rainforest,,,Timber,,Encroachment and illegal land sales,Subject of a state judicial panel over sale of reserve land by a former ministry director.,,approx_town,D,158,84,,https://guardian.ng/?p=1319693 | https://www.fao.org/4/ab578e/AB578E10.htm,5.89,5.68
c53,,Sapele Forest Reserve,Forest Reserve,Delta,Sapele,,,,,,,Delta State Ministry of Environment (Forestry),,rainforest,Lowland rainforest,,,Timber,,,State-controlled reserve patrolled by Forest Guards; may overlap Okpe-Urhobo FR.,,approx_town,D,82,31,,https://repository.up.ac.za/bitstreams/d885493b-5397-445a-9957-4b17f0482b9c/download,5.89,5.68
c54,,Kolotoro Communal Forests,Community Forest,Bayelsa,Southern Ijaw,,,,,,,Community / SW Niger Delta Forest Project,,mangrove,Niger Delta swamp forest,,Niger Delta red colobus,,,Forest loss,"Community forest patches near Kasama, Sampou and Azama.",,approx_town,D,0,0,,https://www.swnigerdeltaforestproject.org.ng/where-we-work,4.86,5.96
c55,,Sombreiro Forest Reserve (proposed),Forest Reserve,Rivers,,,14206,14206,,,,Rivers State Ministry of Environment,,,Swamp/mangrove forest,,,,,,Proposed reserve listed by FAO.,,,D,,,,https://www.fao.org/4/ab578e/AB578E10.htm,,
c56,,Drill Ranch (Afi Mountain & Calabar),Other,Cross River,Boki; Calabar,,,,1991,,,Pandrillus,,rainforest,Primary forest enclosures,,"Drill (286 in 6 groups), orphan chimpanzees",,"Free public visits 365 days; Afi lodge, cabins, canopy walkway; Calabar site popular with schools.",,"Primate rescue/breeding centre founded 1991; Afi field site at foot of Afi Mountain, HQ in Calabar.",,approx_town,D,23,18,Basic,https://www.pandrillus.org/projects/drill-ranch/,6.3333,9.0
c57,,Ekuri Community Forest,Community Forest,Cross River,Akamkpa,,33600,,1992,,,Ekuri Initiative (Old & New Ekuri communities),UNESCO Tentative List (CRIKOT),rainforest,Lowland rainforest,,"Forest elephant, chimpanzee, drill, Preuss's red colobus, crowned guenon, leopard, grey-necked rockfowl","NTFPs, sustainable timber",Award-winning community conservation model (UNDP Equator Prize).,"Logging pressure, superhighway (rerouted), funding shortfalls",Adjoins Oban Division of Cross River NP; Ekuri Initiative formed 1992.,,approx_town,D,937,306,,https://news.mongabay.com/2019/08/ekuri-initiative-inside-a-nigerian-communitys-battle-to-keep-its-forest/ | https://whc.unesco.org/en/tentativelists/6204/,5.32,8.35
c58,,Iko Esai Community Forest,Community Forest,Cross River,Akamkpa,,,,,,,Iko Esai community / NABU,,,Primary tropical rainforest,,"Drill, chimpanzee, Cross River gorilla, forest elephant, ~350 bird species","Livelihoods for ~12,000 people",,"Illegal logging, farming, gold mining",Buffer to Cross River NP; elephants re-recorded 2025.,,,D,,,,https://en.nabu.de/topics/ecosystems/iko-esai-project,,
c59,,Obudu Plateau,Other,Cross River,Obanliku,,70740,,,,,,IBA/KBA,rainforest,"Montane grassland and forest, ~1,500-1,700 m","Cyathea manniana, Polyscias fulva, Andropogon distachyos, Ficus","Preuss's monkey, seasonal Cross River gorilla, Bannerman's weaver, montane birds","Grazing land, water","Obudu Mountain Resort: cable car, canopy walkway, cool highland climate.","Overgrazing, erosion, bushfire, farming, roads, tourism",IBA/KBA with no formal protection.,,published,B,1097,194,Established,https://www.keybiodiversityareas.org/site/factsheet/6734 | https://en.wikipedia.org/wiki/Obudu_Plateau,6.5357,9.4708
c60,,Ukpon River Forest Reserve,Forest Reserve,Cross River,Obubra; Yakurr,,31300,34274,1930,,,Cross River State Forestry Commission,,rainforest,Lowland rainforest,"Brachystegia eurycoma, Milicia excelsa, Khaya ivorensis, Baillonella toxisperma",,Timber,,"Logging, degradation, poor regeneration","FAO lists 34,274 ha.",,approx_town,D,177,103,,https://medcraveonline.com/IJAWB/forest-structure-tree-species-diversity-and-distribution-in-ukpon-river-forest-reserve-cross-river-state-nigeria.html | https://www.fao.org/4/ab578e/AB578E10.htm,6.08,8.33
c61,,Cross River South Forest Reserve,Forest Reserve,Cross River,Akamkpa,,29119,29119,,,,Cross River State Forestry Commission,,rainforest,Lowland rainforest,,,Timber,,,State forest reserve (FAO list).,,approx_town,D,937,306,,https://www.fao.org/4/ab578e/AB578E10.htm,5.32,8.35
c62,,Nkissi Forest Reserve,Forest Reserve,Anambra,Onitsha North,,,,,,,Anambra State Ministry of Environment (Dept. of Forestry),,rainforest,Formerly lowland forest,,,,,"Urbanisation, erosion",Reported as replaced by blocks of flats; effectively de-reserved. Placed at Onitsha.,,approx_town,D,210,141,,https://www.icirnigeria.org/?p=132584 | https://von.gov.ng/anambra-reserves-protection-suffers-from-lack-of-funds-expert/,6.16,6.79
c63,,Aguaba Forest Reserve,Forest Reserve,Anambra,Awka South,,222.63,,,,,Anambra State Ministry of Environment (Dept. of Forestry),,rainforest,Secondary forest,,,,,"Developer encroachment, ownership dispute",Also given as Agu-Aba; described as a proposed reserve that has become an estate. Placed at Awka.,,approx_town,D,107,57,,https://www.icirnigeria.org/?p=132584 | https://www.icirnigeria.org/concerns-as-urbanisation-threatens-anambra-forest-reserves/ | https://ebrary.net/202324/sociology/anambra_state,6.21,7.07
c64,,Ogbakuba Forest Reserve,Forest Reserve,Anambra,Ogbaru,,,,,,,Anambra State Ministry of Environment (Dept. of Forestry),,rainforest,Riverine/swamp forest,,,,,Poor management,Listed among Anambra's 8 gazetted reserves; few details. Placed approx at Ogbaru LGA.,,approx_town,D,0,0,,https://ebrary.net/202324/sociology/anambra_state,6.02,6.75
c65,,Umuawulu Community Forest,Community Forest,Anambra,Awka South,,,,,,,Umuawulu community,,rainforest,,,Sclater's monkey (Cercopithecus sclateri),,,"Population growth, housing demand, hunting",Ungazetted community-managed forest with diverse flora and fauna.,,approx_town,D,0,0,,https://ebrary.net/202324/sociology/anambra_state,6.17,7.12
c66,,Ukwulu Community Forest,Community Forest,Anambra,Dunukofia,,,,,,,Ukwulu community,,rainforest,,,,,,Housing demand,Ungazetted community-managed forest relic.,,approx_town,D,161,63,,https://ebrary.net/202324/sociology/anambra_state,6.2,6.97
c67,,Ogbunike Caves Sacred Forest,Other,Anambra,Oyi,,20,,,,,Ogbunike community / Anambra State,UNESCO WH Tentative,rainforest,Tropical rainforest in valley,Rainforest trees,Bat colonies,"Water (streams, River Nkissa)","Sacred cave system with 317-step descent, ten tunnels; annual Ime Ogba festival.",,Sacred cave and surrounding ~20 ha forest; on Nigeria's UNESCO World Heritage tentative list.,,approx_town,D,2,0,Established,https://en.wikipedia.org/wiki/Ogbunike_Caves,6.18,6.86
c68,,Ngwo Pine Forest,Forest Reserve,Enugu,Udi,,,,,,,Enugu State Ministry of Environment (Forestry Dept.),,rainforest,Pine plantation within montane/escarpment forest,"Pinus spp., raffia palm",,"Timber, raffia, water",Popular recreation site with Ngwo cave and waterfall.,"Agriculture, logging, mining, pollution, overtourism",Colonial-era forest reserve on the Ngwo Hills.,,published,B,85,62,Limited,https://en.wikipedia.org/wiki/Ngwo_Pine_forest,6.4294,7.4414
c69,,Milken Hill Forest Reserve,Forest Reserve,Enugu,Udi,,,,,,,Enugu State Ministry of Environment (Forestry Dept.),,rainforest,,,,,Scenic hill area (Milken Hill) overlooking Enugu.,Land allocated to individuals,State commissioner said land was allocated before 2023; state plans recovery. Placed at Ngwo.,,approx_town,D,53,35,,https://gazettengr.com/?p=283237,6.44,7.43
c70,,Ugwuoba Forest Reserve,Forest Reserve,Enugu,Oji River,,,,,,,Enugu State Ministry of Environment (Forestry Dept.),,rainforest,,,,,,Loss of land to communities,Named by state commissioner among Enugu's ~20 forestry reserves; Mamu FR is described as an annex of Ugwuoba land.,,approx_town,D,61,36,,https://gazettengr.com/?p=283237 | https://en.wikipedia.org/wiki/Ugwuoba,6.2686,7.1542
c71,,Akpugoeze Sacred Monkey Groves,Community Forest,Enugu,Oji River,,,,,,,Akpugoeze community; Oji River LGA (Primate Rights law 2019),,rainforest,Small sacred groves (avg ~2 ha) in farmland,,"Sclater's monkey (~193-249), mona monkey, patas, tantalus, angwantibo, potto, galagos",,Community primate-viewing potential.,"Farm and building encroachment, crop-raiding conflict",Sacred groves protecting endangered Sclater's monkey; LGA bylaw (Nov 2019) bans killing primates in Akpugoeze and Inyi.,,approx_town,D,29,29,,https://media.rufford.org/media/project_reports/2-34.07.05%20Detailed%20Final%20Report.pdf | https://guardian.ng/property/enugu-council-bans-killing-of-primates-imposes-n100-000-fine/ | https://conservationevidencejournal.com/individual-study/6343,6.12,7.2
c72,,Ohatekwe Forest Reserve,Forest Reserve,Ebonyi,Edda (Afikpo South),,,,,,,Ebonyi State Forestry Department,,rainforest,,,,,,,"Listed in the schedule of Forest Reserve Orders under the Ebonyi State Forest Law (Cap. 85); name read from a poor scan, spelling uncertain; location approximate.",,approx_town,D,23,22,,https://faolex.fao.org/docs/pdf/nig238501.pdf | https://www.informea.org/en/content/legislation/ebonyi-state-forest-law,5.8,7.78
c73,,Ishieke Forest Reserve,Forest Reserve,Ebonyi,Ebonyi,,,,,,,Ebonyi State Forestry Department,,rainforest,,,,,,,"Listed in the schedule of Forest Reserve Orders under the Ebonyi State Forest Law (Cap. 85); name read from a poor scan, spelling uncertain; location approximate.",,approx_town,D,109,29,,https://faolex.fao.org/docs/pdf/nig238501.pdf | https://www.informea.org/en/content/legislation/ebonyi-state-forest-law,6.36,8.12
c74,,Uhoanwu Forest Reserve,Forest Reserve,Ebonyi,,,,,,,,Ebonyi State Forestry Department,,,,,,,,,"Listed in the schedule of Forest Reserve Orders under the Ebonyi State Forest Law (Cap. 85); name read from a poor scan, spelling uncertain; location approximate.",,,D,,,,https://faolex.fao.org/docs/pdf/nig238501.pdf | https://www.informea.org/en/content/legislation/ebonyi-state-forest-law,,
c75,,Okpoto Forest Reserve,Forest Reserve,Ebonyi,Ishielu,,,,,,,Ebonyi State Forestry Department,,rainforest,,,,,,,"Listed in the schedule of Forest Reserve Orders under the Ebonyi State Forest Law (Cap. 85); name read from a poor scan, spelling uncertain; location approximate.",,approx_town,D,0,0,,https://faolex.fao.org/docs/pdf/nig238501.pdf | https://www.informea.org/en/content/legislation/ebonyi-state-forest-law,6.4,7.9
c76,,Nwode Forest Reserve,Forest Reserve,Ebonyi,,,,,,,,Ebonyi State Forestry Department,,,,,,,,,"Listed in the schedule of Forest Reserve Orders under the Ebonyi State Forest Law (Cap. 85); name read from a poor scan, spelling uncertain; location approximate.",,,D,,,,https://faolex.fao.org/docs/pdf/nig238501.pdf | https://www.informea.org/en/content/legislation/ebonyi-state-forest-law,,
c77,,Abakaliki Fuelwood Forest Reserve,Forest Reserve,Ebonyi,Abakaliki,,,,,,,Ebonyi State Forestry Department,,rainforest,,,,,,,"Listed in the schedule of Forest Reserve Orders under the Ebonyi State Forest Law (Cap. 85); name read from a poor scan, spelling uncertain; location approximate.",,approx_town,D,156,55,,https://faolex.fao.org/docs/pdf/nig238501.pdf | https://www.informea.org/en/content/legislation/ebonyi-state-forest-law,6.325,8.113
c78,,Afikpo Forest Reserve,Forest Reserve,Ebonyi,Afikpo North,,,,,,,Ebonyi State Forestry Department,,rainforest,,,,,,,"Listed in the schedule of Forest Reserve Orders under the Ebonyi State Forest Law (Cap. 85); name read from a poor scan, spelling uncertain; location approximate.",,approx_town,D,124,30,,https://faolex.fao.org/docs/pdf/nig238501.pdf | https://www.informea.org/en/content/legislation/ebonyi-state-forest-law,5.89,7.94
c79,,Uwana Forest Reserve,Forest Reserve,Ebonyi,Afikpo North,,,,,,,Ebonyi State Forestry Department,,rainforest,,,,,,,"Listed in the schedule of Forest Reserve Orders under the Ebonyi State Forest Law (Cap. 85); name read from a poor scan, spelling uncertain; location approximate.",,approx_town,D,2,2,,https://faolex.fao.org/docs/pdf/nig238501.pdf | https://www.informea.org/en/content/legislation/ebonyi-state-forest-law,5.84,7.97
c80,,Uruto Forest Reserve,Forest Reserve,Ebonyi,,,,,,,,Ebonyi State Forestry Department,,,,,,,,,"Listed in the schedule of Forest Reserve Orders under the Ebonyi State Forest Law (Cap. 85); name read from a poor scan, spelling uncertain; location approximate.",,,D,,,,https://faolex.fao.org/docs/pdf/nig238501.pdf | https://www.informea.org/en/content/legislation/ebonyi-state-forest-law,,
c81,,Ovim Ozizza Forest Reserve,Forest Reserve,Ebonyi,Afikpo South,,,,,,,Ebonyi State Forestry Department,,,,,,,,,"Listed in the schedule of Forest Reserve Orders under the Ebonyi State Forest Law (Cap. 85); name read from a poor scan, spelling uncertain; location approximate.",,,D,,,,https://faolex.fao.org/docs/pdf/nig238501.pdf | https://www.informea.org/en/content/legislation/ebonyi-state-forest-law,,
c82,,Egbu Forest (Okposi),Community Forest,Ebonyi,Ohaozara,,,,,,,Okposi traditional council,,rainforest,Old-growth community forest,Trees said to be over 500 years old,,,,"Logging, clearing",Community forest protected by traditional-ruler bye-laws.,,approx_town,D,90,43,,https://wepnigeria.net/traditional-rulers-enforce-bye-laws-to-save-ebonyi-forests/,6.03,7.81
c83,,Nkalunta Forest Reserve,Forest Reserve,Abia,Ikwuano,,,,,,,Abia State Ministry of Environment (Forestry),,rainforest,Lowland rainforest / plantation,,,Timber,,Illegal clearing,Near Iyalu/Iberenta; GeoNames lists it as Kalunta Forest Reserve.,,published,B,0,0,,https://www.geonames.org/search.html?q=forest+reserve+abia&country=NG | https://businessday.ng/?p=1120296,5.487224,7.608799
c84,,Arochukwu Forest Reserve,Forest Reserve,Abia,Arochukwu,,,,,,,Abia State Ministry of Environment (Forestry),,rainforest,Lowland rainforest,,,Timber,,Illegal land sales,Unnamed reserve in Arochukwu referenced by state government; placed at Arochukwu town.,,approx_town,D,5,5,,https://businessday.ng/?p=1120296,5.39,7.91
c85,,Lagwa Sacred Monkey Forests,Community Forest,Imo,Aboh Mbaise,,,,,,,Lagwa community (traditional protection),,rainforest,"Small degraded sacred groves, secondary growth",,Sclater's monkey (~124-206 individuals),,Sacred-monkey community with ecotourism potential.,"Shrine abandonment, tree cutting, crop-raiding conflict, killing",Sacred groves (0.01-2.5 ha each) across Lagwa villages sheltering endangered Sclater's monkey.,,approx_town,D,25,24,,https://media.rufford.org/media/project_reports/2-34.07.05%20Detailed%20Final%20Report.pdf | https://conservationevidencejournal.com/individual-study/6343,5.45,7.23
c86,,Imo State Zoo and Wildlife Park,Other,Imo,Owerri West,,,,,,,Imo State Government,,rainforest,,,Captive wildlife,,Zoo and park near Owerri; planned upgrade.,Land grabbing,NCF described it as among Nigeria's best zoos; governor pledged to reclaim encroached land (2020).,,approx_town,D,0,0,,https://www.vanguardngr.com/2020/03/imo-loses-13-of-forest-cover/amp/,5.43,7.03
c87,,Shamyough Forest Reserve,Forest Reserve,Benue,,,,,,,,Benue State Ministry of Agriculture/Forestry,,sguinea,Southern Guinea savanna / derived savanna,,,,,,Gazetted forest reserve; location from GeoNames point. Current condition not documented.,,published,C,0,0,,http://www.geonames.org/search.html?q=forest+reserve&country=NG,7.8258,8.8685
c88,,Akpagher Forest Reserve,Forest Reserve,Benue,,,,,,,,Benue State Ministry of Agriculture/Forestry,,mosaic,Southern Guinea savanna / derived savanna,,,,,,Gazetted forest reserve; location from GeoNames point. Current condition not documented.,,published,C,36,32,,http://www.geonames.org/search.html?q=forest+reserve&country=NG,7.2944,8.7931
c89,,Wanmune Forest Reserve,Forest Reserve,Benue,,,,,,,,Benue State Ministry of Agriculture/Forestry,,mosaic,Southern Guinea savanna / derived savanna,,,,,,Gazetted forest reserve; location from GeoNames point. Current condition not documented.,,published,C,0,0,,http://www.geonames.org/search.html?q=forest+reserve&country=NG,7.5939,8.6556
c90,,Okoklo Forest Reserve,Forest Reserve,Benue,Otukpo,,,,,,,Benue State Ministry of Agriculture/Forestry,,mosaic,Teak and Gmelina plantation,"Tectona grandis, Gmelina arborea",,"Plantation timber, fuelwood",,"Urbanization, fuelwood, bush burning, logging, land clearing",Plantation reserve near Otukpo; studies report ongoing degradation; forest cover ~85% (2005) to ~57% (2020).,,published,B,5,1,,http://www.geonames.org/search.html?q=forest+reserve&country=NG | https://zenodo.org/records/819560 | https://www.researchsquare.com/article/rs-8824690/v1,7.2278,8.145
c91,,Ibaji Ojoku Forest Reserve,Forest Reserve,Kogi,,,,24,,,,Kogi State Ministry of Environment (Forestry),,mosaic,Southern Guinea savanna / derived savanna,,,,,,Gazetted forest reserve; location from GeoNames point. Current condition not documented.,,published,B,4,2,,http://www.geonames.org/search.html?q=forest+reserve&country=NG | https://www.fao.org/4/ab578e/AB578E10.htm,7.0239,6.8954
c92,,Onye Forest Reserve,Forest Reserve,Kogi,,,,,,,,Kogi State Ministry of Environment (Forestry),,mosaic,Southern Guinea savanna / derived savanna,,,,,,Gazetted forest reserve; location from GeoNames point. Current condition not documented.,,published,C,0,0,,http://www.geonames.org/search.html?q=forest+reserve&country=NG,7.971,6.2108
c93,,Adagaki Escarpment Forest Reserve,Forest Reserve,Kogi,,,,,,,,Kogi State Ministry of Environment (Forestry),,sguinea,Southern Guinea savanna / derived savanna,,,,,,Gazetted forest reserve; location from GeoNames point. Current condition not documented.,,published,C,20,18,,http://www.geonames.org/search.html?q=forest+reserve&country=NG,8.1264,6.8106
c94,,Lai Yagba Forest Reserve,Forest Reserve,Kogi,,,,,,,,Kogi State Ministry of Environment (Forestry),,mosaic,Southern Guinea savanna / derived savanna,,,,,,Gazetted forest reserve; location from GeoNames point. Current condition not documented.,,published,C,0,0,,http://www.geonames.org/search.html?q=forest+reserve&country=NG,8.0136,5.861
c95,,Lai-Ibbedde Forest Reserve,Forest Reserve,Kogi,,,,,,,,Kogi State Ministry of Environment (Forestry),,mosaic,Southern Guinea savanna / derived savanna,,,,,,Gazetted forest reserve in Yagba area; GeoNames also lists 'Lai Forest Reserve' at almost the same point.,,published,C,0,0,,http://www.geonames.org/search.html?q=forest+reserve&country=NG,7.9538,5.83
c96,,Opanda (Opandha) Forest / Game Reserve,Game Reserve,Kogi,,,,,,,,,,mosaic,Southern Guinea savanna / derived savanna,,,,,,Listed as Opanda Game Reserve in WDPA (via Parks.it) and as Opandha Forest in GeoNames; in Opanda (Igala/Bassa) area. Status/condition not documented.,,published,C,0,0,,https://www.parks.it/world/NG/Eindex.html | http://www.geonames.org/search.html?q=forest+reserve&country=NG,7.8199,7.4399
c97,,Ejidogari Forest Reserve,Forest Reserve,Kwara,,,,,,,,Kwara State Ministry of Environment & Forestry,,sguinea,Guinea savanna woodland,,,,,,Gazetted forest reserve; location from GeoNames point. Current condition not documented.,,published,C,1,1,,http://www.geonames.org/search.html?q=forest+reserve&country=NG,8.9022,4.5896
c98,,Borgu Native Area River Moshi Forest and Game Reserves,Forest Reserve,Kwara,Baruten,,,,,,,Kwara State Ministry of Environment & Forestry,,sguinea,Guinea savanna woodland,,,,,,"Native Authority forest and game reserve along River Moshi, Borgu area (south of Kainji Lake NP).",,published,C,1,1,,http://www.geonames.org/search.html?q=forest+reserve&country=NG,9.2461,3.8925
c99,,Effan Forest Reserve,Forest Reserve,Kwara,,,,,,,,Kwara State Ministry of Environment & Forestry,,,Guinea savanna woodland,,,,,"Deforestation, farming",Gazetted reserve studied for land-use change and deforestation; exact location not confirmed here.,,,D,,,,https://www.researchgate.net/publication/353992753_Land-useLand-cover_Changes_and_Deforestation_in_Effan_Forest_Reserve_Kwara_State_Nigeria,,
c100,,Jebba Forest Reserve,Forest Reserve,Kwara; Niger,,,,,,,,,,sguinea,Guinea savanna woodland,,,,,,"GeoNames point with no state, near Jebba on the River Niger (Kwara-Niger boundary).",,published,C,1,1,,http://www.geonames.org/search.html?q=forest+reserve&country=NG,9.1333,4.8833
c101,,Otogu Forest Reserve,Forest Reserve,Nasarawa,,,,,,,,Nasarawa State Ministry of Environment (Forestry),,sguinea,Southern Guinea savanna / derived savanna,,,,,,Gazetted forest reserve; location from GeoNames point. Current condition not documented.,,published,C,109,52,,http://www.geonames.org/search.html?q=forest+reserve&country=NG,8.8577,8.6372
c102,,Choriki Forest Reserve,Forest Reserve,Nasarawa,,,,,,,,Nasarawa State Ministry of Environment (Forestry),,sguinea,Southern Guinea savanna / derived savanna,,,,,,Gazetted forest reserve; location from GeoNames point. Current condition not documented.,,published,C,1,1,,http://www.geonames.org/search.html?q=forest+reserve&country=NG,8.9801,8.3017
c103,,Akwang Native Area Forest Reserve,Forest Reserve,Nasarawa,,,,,,,,Nasarawa State Ministry of Environment (Forestry),,sguinea,Southern Guinea savanna / derived savanna,,,,,,Gazetted forest reserve; location from GeoNames point. Current condition not documented.,,published,C,0,0,,http://www.geonames.org/search.html?q=forest+reserve&country=NG,8.9596,8.5168
c104,,Kurmin Akereku Forest Reserve,Forest Reserve,Nasarawa,,,,,,,,Nasarawa State Ministry of Environment (Forestry),,sguinea,Southern Guinea savanna / derived savanna,,,,,,Gazetted forest reserve; location from GeoNames point. Current condition not documented.,,published,C,765,106,,http://www.geonames.org/search.html?q=forest+reserve&country=NG,8.3667,8.5333
c105,,Risha Forest Reserve,Forest Reserve,Nasarawa,,,,,1966,,,Nasarawa State Ministry of Environment (Forestry),,,Southern Guinea savanna / derived savanna,,,,,"Conversion to cropland. Agricultural expansion (rapid after 2001), grazing, illegal timber extraction and bribery for timber/farmland access","Gazetted 1966, northern Nasarawa; lost ~88% of forest, mostly to cropland, by 2020. Gazetted reserve in northern Nasarawa State, one of three reserves studied by Chunwate et al. (2025); local respondents describe forest cover as nearly totally lost after 2001.",,,D,,,,https://eprints.whiterose.ac.uk/id/eprint/230599/1/1-s2.0-S266671932500189X-main.pdf | https://www.mdpi.com/2073-445X/14/7/1450,,
c106,,Odu Forest Reserve,Forest Reserve,Nasarawa,,,,,1966,,,Nasarawa State Ministry of Environment (Forestry),,,Southern Guinea savanna / derived savanna,,,,,"Farming, logging. Lumbering followed by conversion to agriculture, grazing","Gazetted 1966, western Nasarawa; ~45% forest cover remaining by 2020 after partial recovery. Gazetted reserve in western Nasarawa State; the only one of three studied reserves to gain forest cover (+45% by 2020), attributed to its cultural significance to local communities and fallow regeneration.",,,D,,,,https://eprints.whiterose.ac.uk/id/eprint/230599/1/1-s2.0-S266671932500189X-main.pdf | https://www.mdpi.com/2073-445X/14/7/1450 | https://etheses.whiterose.ac.uk/id/eprint/36906/,,
c107,,Kabo Forest Reserve,Forest Reserve,Niger,,,,,,,,Niger State Ministry of Environment & Forest Resources,,sguinea,Guinea savanna woodland,,,,,,Gazetted forest reserve; location from GeoNames point. Current condition not documented.,,published,C,0,0,,http://www.geonames.org/search.html?q=forest+reserve&country=NG,9.395,7.2019
c108,,Beni Forest Reserve,Forest Reserve,Niger,,,,,,,,Niger State Ministry of Environment & Forest Resources,,nguinea,Guinea savanna woodland,,,,,,Gazetted forest reserve; location from GeoNames point. Current condition not documented.,,published,C,0,0,,http://www.geonames.org/search.html?q=forest+reserve&country=NG,9.6631,7.197
c109,,Kakuri Forest Reserve,Forest Reserve,Niger,,,,,,,,Niger State Ministry of Environment & Forest Resources,,nguinea,Guinea savanna woodland,,,,,,Gazetted forest reserve; location from GeoNames point. Current condition not documented.,,published,C,0,0,,http://www.geonames.org/search.html?q=forest+reserve&country=NG,9.6172,7.1656
c110,,Kwagena Forest Reserve,Forest Reserve,Niger,,,,,,,,Niger State Ministry of Environment & Forest Resources,,sguinea,Guinea savanna woodland,,,,,,Gazetted forest reserve; location from GeoNames point. Current condition not documented.,,published,C,0,0,,http://www.geonames.org/search.html?q=forest+reserve&country=NG,9.5586,7.1506
c111,,Ferl Forest Reserve,Forest Reserve,Niger,,,,,,,,Niger State Ministry of Environment & Forest Resources,,sguinea,Guinea savanna woodland,,,,,,Gazetted forest reserve; location from GeoNames point. Current condition not documented.,,published,C,0,0,,http://www.geonames.org/search.html?q=forest+reserve&country=NG,9.5425,7.1605
c112,,Siche Forest Reserve,Forest Reserve,Niger,,,,,,,,Niger State Ministry of Environment & Forest Resources,,sguinea,Guinea savanna woodland,,,,,,Gazetted forest reserve; location from GeoNames point. Current condition not documented.,,published,C,0,0,,http://www.geonames.org/search.html?q=forest+reserve&country=NG,9.5373,7.1247
c113,,Nanati Forest Reserve,Forest Reserve,Niger,,,,,,,,Niger State Ministry of Environment & Forest Resources,,sguinea,Guinea savanna woodland,,,,,,Gazetted forest reserve; location from GeoNames point. Current condition not documented.,,published,C,1,1,,http://www.geonames.org/search.html?q=forest+reserve&country=NG,9.5534,7.1041
c114,,Kafin Koro Forest Reserve,Forest Reserve,Niger,Paikoro,,,,,,,Niger State Ministry of Environment & Forest Resources,,sguinea,Guinea savanna woodland,,,,,,Gazetted forest reserve; location from GeoNames point. Current condition not documented.,,published,C,24,5,,http://www.geonames.org/search.html?q=forest+reserve&country=NG,9.5271,7.0832
c115,,Pinai Forest Reserve,Forest Reserve,Niger,,,,,,,,Niger State Ministry of Environment & Forest Resources,,sguinea,Guinea savanna woodland,,,,,,Gazetted forest reserve; location from GeoNames point. Current condition not documented.,,published,C,6,6,,http://www.geonames.org/search.html?q=forest+reserve&country=NG,9.5077,7.0125
c116,,Kudugi Forest Reserve,Forest Reserve,Niger,,,,,,,,Niger State Ministry of Environment & Forest Resources,,sguinea,Guinea savanna woodland,,,,,,Gazetted forest reserve; location from GeoNames point. Current condition not documented.,,published,C,0,0,,http://www.geonames.org/search.html?q=forest+reserve&country=NG,9.4465,5.7416
c117,,Dansu Forest Reserve,Forest Reserve,Niger,,,,,,,,Niger State Ministry of Environment & Forest Resources,,sguinea,Guinea savanna woodland,,,,,,Gazetted forest reserve; location from GeoNames point. Current condition not documented.,,published,C,4,1,,http://www.geonames.org/search.html?q=forest+reserve&country=NG,9.3428,5.5746
c118,,Gunu Hill Forest Reserve,Forest Reserve,Niger,,,,,,,,Niger State Ministry of Environment & Forest Resources,,sguinea,Guinea savanna woodland,,,,,,Gazetted forest reserve; location from GeoNames point. Current condition not documented.,,published,C,71,6,,http://www.geonames.org/search.html?q=forest+reserve&country=NG,9.4037,6.0126
c119,,Ewunraphia Forest Reserve,Forest Reserve,Niger,,,,,,,,Niger State Ministry of Environment & Forest Resources,,sguinea,Guinea savanna woodland,,,,,,Gazetted forest reserve; location from GeoNames point. Current condition not documented.,,published,C,2,1,,http://www.geonames.org/search.html?q=forest+reserve&country=NG,9.2546,6.2428
c120,,Shakwata Forest Reserve,Forest Reserve,Niger,,,,,,,,Niger State Ministry of Environment & Forest Resources,,nguinea,Guinea savanna woodland,,,,,,Gazetted forest reserve; location from GeoNames point. Current condition not documented.,,published,C,18,2,,http://www.geonames.org/search.html?q=forest+reserve&country=NG,9.6644,6.7275
c121,,Rafin Daboyi Forest Reserve,Forest Reserve,Niger,,,,,,,,Niger State Ministry of Environment & Forest Resources,,nguinea,Guinea savanna woodland,,,,,,Gazetted forest reserve; location from GeoNames point. Current condition not documented.,,published,C,0,0,,http://www.geonames.org/search.html?q=forest+reserve&country=NG,9.6275,6.679
c122,,Lapai Native Area Forest Reserve,Forest Reserve,Niger,Lapai,,,,,,,Niger State Ministry of Environment & Forest Resources,,sguinea,Guinea savanna woodland,,,,,,Gazetted forest reserve; location from GeoNames point. Current condition not documented.,,published,C,87,46,,http://www.geonames.org/search.html?q=forest+reserve&country=NG,9.1186,6.5572
c123,,Gwaha Forest Reserve,Forest Reserve,Niger,,,,,,,,Niger State Ministry of Environment & Forest Resources,,nguinea,Guinea savanna woodland,,,,,,Gazetted forest reserve; location from GeoNames point. Current condition not documented.,,published,C,0,0,,http://www.geonames.org/search.html?q=forest+reserve&country=NG,9.65,6.8154
c124,,Zabehidna Forest Reserve,Forest Reserve,Niger,,,,,,,,Niger State Ministry of Environment & Forest Resources,,sguinea,Guinea savanna woodland,,,,,,Gazetted forest reserve; location from GeoNames point. Current condition not documented.,,published,C,0,0,,http://www.geonames.org/search.html?q=forest+reserve&country=NG,9.3907,7.2372
c125,,Rumfan-Gwamna Forest Reserve,Forest Reserve,Plateau,,,,,,,,Plateau State Ministry of Environment (Forestry),,nguinea,Jos Plateau montane savanna / Guinea savanna,,,,,,Gazetted forest reserve; location from GeoNames point. Current condition not documented.,,published,C,0,0,,http://www.geonames.org/search.html?q=forest+reserve&country=NG,10.0928,8.8946
c126,,Amo River Forest Reserve,Forest Reserve,Plateau,,,,,,,,Plateau State Ministry of Environment (Forestry),,nguinea,Jos Plateau montane savanna / Guinea savanna,,,,,,Gazetted forest reserve; location from GeoNames point. Current condition not documented.,,published,C,0,0,,http://www.geonames.org/search.html?q=forest+reserve&country=NG,10.1025,8.7308
c127,,Rafin Bauna North Forest Reserve,Forest Reserve,Plateau,,,,,,,,Plateau State Ministry of Environment (Forestry),,jos,Jos Plateau montane savanna / Guinea savanna,,,,,,Gazetted forest reserve; location from GeoNames point. Current condition not documented.,,published,C,1077,263,,http://www.geonames.org/search.html?q=forest+reserve&country=NG,9.9,8.85
c128,,Rafin Bauna South Forest Reserve,Forest Reserve,Plateau,,,,,,,,Plateau State Ministry of Environment (Forestry),,jos,Jos Plateau montane savanna / Guinea savanna,,,,,,Gazetted forest reserve; location from GeoNames point. Current condition not documented.,,published,C,4,3,,http://www.geonames.org/search.html?q=forest+reserve&country=NG,9.85,8.8167
c129,,North Sura Forest Reserve,Forest Reserve,Plateau,Mangu,,,,,,,Plateau State Ministry of Environment (Forestry),,jos,Jos Plateau savanna woodland,,,,,,Gazetted reserve near Mangu (also referred to as Mongu Forest Reserve).,,published,C,10,8,,http://www.geonames.org/search.html?q=forest+reserve&country=NG,9.5764,9.0961
c130,,Naraguta Forest Reserve,Forest Reserve,Plateau,Jos North,,,,,,,Plateau State Ministry of Environment (Forestry),,jos,"Jos Plateau montane savanna, rocky hills",,,,,,Reserve on Naraguta hills N of Jos; Naraguta Mountain Forest also surveyed as community forest.,,published,C,332,183,,http://www.geonames.org/search.html?q=forest+reserve&country=NG,9.9667,8.9
c131,,Wafi Forest Reserve,Forest Reserve,Plateau; Kaduna,,,,,,,,,,jos,Guinea savanna woodland,,,,,,"GeoNames point with no state, near the Plateau-Kaduna boundary; state unconfirmed.",,published,C,0,0,,http://www.geonames.org/search.html?q=forest+reserve&country=NG,9.9167,8.6167
c132,,Damakasua Forest Reserve,Forest Reserve,Plateau; Kaduna,,,,,,,,,,jos,Guinea savanna woodland,,,,,,"GeoNames point with no state, near the Plateau-Kaduna boundary; state unconfirmed.",,published,C,31,30,,http://www.geonames.org/search.html?q=forest+reserve&country=NG,9.8667,8.55
c133,,Bari Forest Reserve,Forest Reserve,Plateau; Kaduna,,,,,,,,,,nguinea,Guinea savanna woodland,,,,,,"GeoNames point with no state, near the Plateau-Kaduna boundary; state unconfirmed.",,published,C,31,30,,http://www.geonames.org/search.html?q=forest+reserve&country=NG,9.8833,8.5333
c134,,Jos Wildlife Park,Wildlife Sanctuary,Plateau,,,800,,1972,,,Plateau State Government (NCF involvement),,jos,Jos Plateau savanna with pine plantation,,"Lions, hyenas, crocodiles, pythons, elands, roan antelope, ostrich, crowned crane, vultures, tantalus monkey",,"Game drives, hippo pool, picnic spots in pine forest, Vongnifwel Hill (1,345 m), horse riding.",,Established 1972 by Gov. Joseph Gomwalk; ~8 km2 wildlife park east of Jos.,,published,B,1098,261,Basic,https://en.wikipedia.org/wiki/Jos_Wildlife_Park | https://repository.ui.edu.ng/server/api/core/bitstreams/22326fe1-4ac4-4379-99c8-4ff293c4af62/content,9.8853,8.8486
c135,,Amurum Forest Reserve,Community Forest,Plateau,Jos East,,115,,,,,A.P. Leventis Ornithological Research Institute / community,IBA; KBA,jos,Dry scrub savanna with granite outcrops and gallery forest,"Daniellia oliveri, Parkia biglobosa, Lophira lanceolata, Khaya senegalensis, Vitex doniana","Rock firefinch (Nigerian endemic), Jambandu indigobird, yellow wagtail",,Bird watching and ornithological research site near Jos.,"Wood-cutting, grazing, farming, fires",Amurum Woodlands (Taboru) IBA ~15 km NE of Jos; among best remaining natural vegetation on the Jos Plateau.,,published,B,31717,692,,https://www.keybiodiversityareas.org/site/factsheet/6753 | https://www.ajol.info/index.php/jrfwe/article/view/207217,9.8833,8.9833
c136,,Wase Rock Bird Sanctuary,Wildlife Sanctuary,Plateau,Wase,,321,,,,,Plateau State Government,,sguinea,Inselberg (volcanic plug) in Guinea savanna,,Great white (rosy) pelican breeding colony,,"Bird watching, rock climbing at the ~350 m Wase Rock.","Insecurity, disturbance",Land around Wase Rock protected as a bird sanctuary; one of few pelican breeding sites in Africa.,,published,B,20,4,,https://en.wikipedia.org/wiki/Wase_Rock | https://www.parks.it/world/NG/Eindex.html,9.0764,9.9583
c137,,Wase Game Reserve,Game Reserve,Plateau,Wase,,,,,,,Plateau State Government,,sguinea,Guinea savanna woodland,,"Pelicans, savanna wildlife",,Wildlife viewing and birding near Wase Rock.,"Insecurity, poaching",Also called Wase Wildlife Park; facilities reported destroyed during Wase crisis. Located at Wase town.,,approx_town,D,20,4,,https://repository.ui.edu.ng/server/api/core/bitstreams/22326fe1-4ac4-4379-99c8-4ff293c4af62/content | https://www.parks.it/world/NG/Eindex.html,9.09,9.96
c138,,Assop Falls and Hills,Other,Plateau,,,2978,,,,,Plateau State Tourism Corporation,IBA; KBA,jos,Guinea savanna with gallery forest and grassland,,"165+ bird species incl. Gambaga flycatcher, booted eagle, red-headed lovebird, double-toothed barbet",,"Assop waterfall beside Jos-Kagoro road; picnicking, birding.","Wood-cutting, grazing, farming, pollution",Waterfall and surroundings legally protected; ~78% of KBA within protected areas (Assob FR).,,published,B,221,71,Limited,https://www.keybiodiversityareas.org/site/factsheet/6756,9.5333,8.6167
c139,,Kurunduma Forest Reserve,Forest Reserve,FCT,,,,,,,,FCT Administration (Forestry),,sguinea,Guinea savanna woodland,,,,,,Gazetted forest reserve; location from GeoNames point. Current condition not documented.,,published,C,1251,98,,http://www.geonames.org/search.html?q=forest+reserve&country=NG,9.0256,7.5281
c140,,Gabazuma Forest Reserve,Forest Reserve,FCT,Bwari,,,,,,,FCT Administration (Forestry),,sguinea,Guinea savanna woodland,,,,,,Gazetted forest reserve; location from GeoNames point. Current condition not documented.,,published,C,0,0,,http://www.geonames.org/search.html?q=forest+reserve&country=NG,9.2727,7.4063
c141,,Madala Forest Reserve,Forest Reserve,FCT,,,,,,,,FCT Administration (Forestry),,sguinea,Guinea savanna woodland,,,,,,Gazetted forest reserve; location from GeoNames point. Current condition not documented.,,published,C,13,11,,http://www.geonames.org/search.html?q=forest+reserve&country=NG,9.1209,7.2283
c142,,Gunufufu Forest Reserve,Forest Reserve,FCT,,,,,,,,FCT Administration (Forestry),,sguinea,Guinea savanna woodland,,,,,,Gazetted forest reserve; location from GeoNames point. Current condition not documented.,,published,C,0,0,,http://www.geonames.org/search.html?q=forest+reserve&country=NG,8.6149,7.2221
c143,,Kutada Forest Reserve,Forest Reserve,FCT,,,,,,,,FCT Administration (Forestry),,sguinea,Guinea savanna woodland,,,,,,Gazetted forest reserve; location from GeoNames point. Current condition not documented.,,published,C,0,0,,http://www.geonames.org/search.html?q=forest+reserve&country=NG,8.5723,7.2695
c144,,Gawu Forest Reserve,Forest Reserve,FCT,,,,,,,,FCT Administration (Forestry),,sguinea,Guinea savanna woodland,,,,,,Gazetted forest reserve; location from GeoNames point. Current condition not documented.,,published,C,0,0,,http://www.geonames.org/search.html?q=forest+reserve&country=NG,8.7316,7.1609
c145,,Kusaki Forest Reserve,Forest Reserve,FCT,,,,,,,,FCT Administration (Forestry),,sguinea,Guinea savanna woodland,,,,,,Gazetted forest reserve; location from GeoNames point. Current condition not documented.,,published,C,14,14,,http://www.geonames.org/search.html?q=forest+reserve&country=NG,8.796,7.4317
c146,,Dafara Forest Reserve,Forest Reserve,FCT,,,,,,,,FCT Administration (Forestry),,sguinea,Guinea savanna woodland,,,,,,Gazetted forest reserve; location from GeoNames point. Current condition not documented.,,published,C,0,0,,http://www.geonames.org/search.html?q=forest+reserve&country=NG,8.8399,7.2518
c147,,Pyakasa Forest Reserve,Forest Reserve,FCT,AMAC,,,,,,,FCT Administration (Forestry),,sguinea,Guinea savanna woodland,,,,,,Gazetted forest reserve; location from GeoNames point. Current condition not documented.,,published,C,853,111,,http://www.geonames.org/search.html?q=forest+reserve&country=NG,8.9582,7.3856
c148,,Kuje Forest Reserve,Forest Reserve,FCT,Kuje,,,,,,,FCT Administration (Forestry),,sguinea,Guinea savanna woodland,,,,,,Gazetted forest reserve; location from GeoNames point. Current condition not documented.,,published,C,23,23,,http://www.geonames.org/search.html?q=forest+reserve&country=NG,8.8796,7.2553
c149,,Lugbe Forest Reserve,Forest Reserve,FCT,AMAC,,,,,,,FCT Administration (Forestry),,sguinea,Guinea savanna woodland,,,,,,Gazetted forest reserve; location from GeoNames point. Current condition not documented.,,published,C,866,116,,http://www.geonames.org/search.html?q=forest+reserve&country=NG,8.9649,7.3647
c150,,Shereti Forest Reserve,Forest Reserve,FCT,,,,,,,,FCT Administration (Forestry),,sguinea,Guinea savanna woodland,,,,,,Gazetted forest reserve; location from GeoNames point. Current condition not documented.,,published,C,1,1,,http://www.geonames.org/search.html?q=forest+reserve&country=NG,8.9309,7.4226
c151,,Dajin Tamba Game Reserve,Game Reserve,Bauchi,Ningi,,,,,,,,,,,,,,,Illegal land allocation to individuals (212 ha reported),Bauchi game reserve near Lame-Burra; reported encroached through politically linked land allocations.,,,D,,,,https://www.icirnigeria.org/bauchi-politicians-betray-peoples-trust-plunder-states-forest-reserves/,,
c152,,Sumu Wildlife Park,Wildlife Sanctuary,Bauchi,Ganjuwa,,,,2006,,,Bauchi State Government,,nguinea,Fenced savanna,,"Introduced Namibian game: giraffe, Burchell's zebra, eland, blue wildebeest, red hartebeest, oryx, kudu, springbok, impala",,Fenced safari park with reception and huts; one of the few places in Nigeria to see giraffe and zebra.,,Opened 2006 and stocked with 279 animals donated by Namibia.,,published,B,169,123,,https://en.wikipedia.org/wiki/Sumu_Wildlife_Park,9.8466,10.3084
c153,,Wawa-Zange Forest Reserve,Forest Reserve,Gombe,Dukku; Funakaye,,153657,,1962,,,Gombe State Ministry of Environment and Forest Resources,,nguinea,Sudan savanna woodland,"Anogeissus leiocarpus, Diospyros mespiliformis, Combretum hypoleucum, Vitellaria paradoxa, Guiera senegalensis",,"Fuelwood, medicinal plants, grazing",,"Fuelwood/charcoal cutting, farmland expansion, desertification","Gazetted 1962; one of about 30 forest reserves in Gombe State. Area as reported in a 2018 study (1,536.57 km2).",,published,B,1147,179,,https://www.academia.edu/85612482/Woody_Species_Composition_and_Diversity_of_Wawa_Zange_Forest_Gombe_State_Nigeria | https://journalijcar.org/issues/assessment-tree-species-diversity-status-some-forest-reserves-gombe-state-strategy-ecosystems,10.8228,10.7731
c154,,Male Hina Forest Reserve,Forest Reserve,Gombe,Nafada,,,,,,,,,sudan,Sudan savanna,,,,,,Listed in GeoNames; little documented.,,published,C,4,1,,https://www.geonames.org/search.html?q=forest+reserve+gombe&country=NG,11.269162,11.064064
c155,,Jajeri Forest Reserve,Forest Reserve,Yobe,Fune,,,,,,,,,sudan,Sahel/Sudan savanna,,,,,,Listed in GeoNames; little documented.,,published,C,0,0,,https://www.geonames.org/search.html?q=forest+reserve+yobe&country=NG,11.984037,11.184736
c156,,Damaturu Forest Reserve,Forest Reserve,Yobe,Damaturu,,,,,,,,,sudan,Sahel/Sudan savanna,,,,,,Listed in GeoNames; little documented.,,published,C,0,0,,https://www.geonames.org/search.html?q=forest+reserve+yobe&country=NG,11.66338,11.883448
c157,,Machina Forest Reserve,Forest Reserve,Yobe,Machina,,,,,,,,,sahel,Sahel/Sudan savanna,,,,,,Listed in GeoNames; little documented.,,published,C,0,0,,https://www.geonames.org/search.html?q=forest+reserve+yobe&country=NG,13.10088,10.168539
c158,,Berniwa Forest Reserve,Forest Reserve,Borno,Askira Uba,,,,,,,,,nguinea,Sudan savanna,,,,,,Listed in GeoNames; little documented.,,published,C,21,21,,https://www.geonames.org/search.html?q=forest+reserve+borno&country=NG,10.557458,13.04997
c159,,Fuchu Forest Reserve,Forest Reserve,Borno,Mafa,,,,,,,,,sudan,Sudan savanna,,,,,,Listed in GeoNames; little documented.,,published,C,0,0,,https://www.geonames.org/search.html?q=forest+reserve+borno&country=NG,11.842143,13.527001
c160,,Madigine Forest Reserve,Forest Reserve,Borno,Mafa,,,,,,,,,sudan,Sudan savanna,,,,,,Listed in GeoNames; little documented.,,published,C,0,0,,https://www.geonames.org/search.html?q=forest+reserve+borno&country=NG,11.971766,13.528831
c161,,Gangoro Forest Reserve,Forest Reserve,Adamawa,Toungo,,4700,,1961,,,,,,Mid-altitude forest on Tiba Plateau,"Entandrophragma angolense, Pouteria altissima, Prunus africana",,,,,Tiba Plateau NW of Vogel Peak; includes Leinde Bumay and Leinde Faya Unga forests. LGA inferred from Tiba Plateau location.,,,D,,,,https://www.canterbury.ac.nz/content/dam/uoc-main-site/documents/faculties/science/biological-sciences/afromontane/The%20Forests%20of%20Adamawa%20and%20Taraba%20States%20Nigeria%20-%20Chapman%20and%20Chapman%20-WEB.pdf,,
c162,,Vogel Peak Forest Reserve,Forest Reserve,Adamawa,Ganye,,,,,,,,,sguinea,Montane and mid-altitude forest and grassland (Shebshi Mts),"Khaya grandifoliola, Lovoa trichilioides, Eugenia gilgii",,,Shebshi Mountains / Chappal Waddi-Dimlang highlands scenery.,,Referred to as a forest reserve in Chapman & Chapman; placed at Mount Dimlang (Vogel Peak).,,approx_town,D,48,34,,https://www.canterbury.ac.nz/content/dam/uoc-main-site/documents/faculties/science/biological-sciences/afromontane/The%20Forests%20of%20Adamawa%20and%20Taraba%20States%20Nigeria%20-%20Chapman%20and%20Chapman%20-WEB.pdf,8.4,11.78
c163,,Bagale Forest Reserve,Forest Reserve,Adamawa,Fufore,,,,,,,,,sguinea,Northern Guinea/Sudan savanna,,,,,,Hill reserve near Yola-Girei; subject of tree-species surveys (ADSU).,,published,C,62,60,,https://www.geonames.org/search.html?q=forest+reserve+adamawa&country=NG | https://adsujas.adsu.edu.ng/tag/hills/,9.313406,12.610889
c164,,Jimeta Number One Forest Reserve,Forest Reserve,Adamawa,Yola North,,,,,,,,,sguinea,Northern Guinea/Sudan savanna,,,,,,Listed in GeoNames; little documented.,,published,C,5,4,,https://www.geonames.org/search.html?q=forest+reserve+adamawa&country=NG,9.261992,12.430258
c165,,Jimeta Number Two Forest Reserve,Forest Reserve,Adamawa,Yola North,,,,,,,,,sguinea,Northern Guinea/Sudan savanna,,,,,,Listed in GeoNames; little documented.,,published,C,213,71,,https://www.geonames.org/search.html?q=forest+reserve+adamawa&country=NG,9.258225,12.471257
c166,,Akwaizantar Forest Reserve,Forest Reserve,Taraba,Sardauna,,,,,,,,,,Escarpment lowland forest (Mambilla western escarpment),Dombeya cf. ledermannii,,,,,On western escarpment of Mambilla Plateau; little documented.,,,D,,,,https://www.canterbury.ac.nz/content/dam/uoc-main-site/documents/faculties/science/biological-sciences/afromontane/The%20Forests%20of%20Adamawa%20and%20Taraba%20States%20Nigeria%20-%20Chapman%20and%20Chapman%20-WEB.pdf,,
c167,,Serti Forest Reserve,Forest Reserve,Taraba,Gashaka,,,,,,,,,montane,,,,,,,Listed in GeoNames; little documented.,,published,C,1,1,,https://www.geonames.org/search.html?q=forest+reserve+taraba&country=NG,7.416667,11.383333
c168,,Gangumi Forest Reserve,Forest Reserve,Taraba,Gashaka,,,,,,,,,sguinea,,,,,,,Lowland high-forest outlier near the Gashaka lowlands (Chapman & Chapman); listed in GeoNames.,,published,C,1,1,,https://www.geonames.org/search.html?q=forest+reserve+taraba&country=NG | https://www.canterbury.ac.nz/content/dam/uoc-main-site/documents/faculties/science/biological-sciences/afromontane/The%20Forests%20of%20Adamawa%20and%20Taraba%20States%20Nigeria%20-%20Chapman%20and%20Chapman%20-WEB.pdf,7.957801,11.216524
c169,,Gashaka Forest Reserve,Forest Reserve,Taraba,Gashaka,,,,,,,,,montane,,,,,,,GeoNames-listed reserve near Gashaka; area may now lie within Gashaka-Gumti National Park.,,published,C,6,6,,https://www.geonames.org/search.html?q=forest+reserve+taraba&country=NG,7.316561,11.518638
c170,,Matan Fada Forest Reserve,Forest Reserve,Kano,,,1770.6,,,,,Kano State Forestry Department,,sudan,Sudan/Sahel savanna zone,,,,,,"WDPA-listed forest reserve; polygon centroid nearest town Kunchi. Matan Fada FR: 1,882 ha in 1966 with large forest loss reported by 2015 (drying water sources after damming, wood felling); Parkia biglobosa reported extinct locally.",,published,B,0,0,,https://fjs.fudutsinma.edu.ng/index.php/fjs/article/view/1340 | https://www.protectedplanet.net/country/NGA | https://services9.arcgis.com/IkktFdUAcY3WrH25/arcgis/rest/services/WDPA_Terrestrial_Simplification50/FeatureServer/0,12.5128,8.242
c171,,Unnamed Forest Reserve (WDPA 'No.1'),Forest Reserve,Sokoto,,,815.6,,,,,Sokoto State Forestry Department.,,sahel,Sudan/Sahel savanna zone.,,,,,,WDPA-listed forest reserve; polygon centroid nearest town Gidan Madi.,Unnamed Forest Reserve (WDPA 'No.2'); Unnamed Forest Reserve (WDPA 'No.3'),published,B,0,0,,https://www.protectedplanet.net/country/NGA | https://services9.arcgis.com/IkktFdUAcY3WrH25/arcgis/rest/services/WDPA_Terrestrial_Simplification50/FeatureServer/0,13.5502,4.9628
c172,,Unnamed Forest Reserve (WDPA 'No.5'),Forest Reserve,Jigawa,,,1166.4,,,,,Jigawa State Forestry Department,,sudan,Sudan/Sahel savanna zone,,,,,,WDPA-listed forest reserve; polygon centroid nearest town Birniwa.,,published,B,104,48,,https://www.protectedplanet.net/country/NGA | https://services9.arcgis.com/IkktFdUAcY3WrH25/arcgis/rest/services/WDPA_Terrestrial_Simplification50/FeatureServer/0,12.8701,10.2908
c173,,Unnamed Forest Reserve (WDPA 'No.7'),Forest Reserve,Jigawa,,,272.1,,,,,Jigawa State Forestry Department.,,sudan,Sudan/Sahel savanna zone.,,,,,,WDPA-listed forest reserve; polygon centroid nearest town Babura.,Unnamed Forest Reserve (WDPA 'No.9'),published,B,0,0,,https://www.protectedplanet.net/country/NGA | https://services9.arcgis.com/IkktFdUAcY3WrH25/arcgis/rest/services/WDPA_Terrestrial_Simplification50/FeatureServer/0,12.7713,9.0383
c174,,Unnamed Forest Reserve (WDPA 'No.18'),Forest Reserve,Kano,,,99.3,,,,,Kano State Forestry Department.,,sudan,Sudan savanna zone.,,,,,,WDPA-listed forest reserve; polygon centroid nearest town Dawakin Tofa.,Unnamed Forest Reserve (WDPA 'No.16'); Unnamed Forest Reserve (WDPA 'No.17'),published,B,98,44,,https://www.protectedplanet.net/country/NGA | https://services9.arcgis.com/IkktFdUAcY3WrH25/arcgis/rest/services/WDPA_Terrestrial_Simplification50/FeatureServer/0,12.1258,8.4554
c175,,Unnamed Forest Reserve (WDPA 'No.8'),Forest Reserve,Katsina,,,1398.5,,,,,Katsina State Ministry of Environment (Forestry),,sudan,Sudan/Sahel savanna zone,,,,,,WDPA-listed forest reserve; polygon centroid nearest town Charanchi.,,published,B,0,0,,https://www.protectedplanet.net/country/NGA | https://services9.arcgis.com/IkktFdUAcY3WrH25/arcgis/rest/services/WDPA_Terrestrial_Simplification50/FeatureServer/0,12.6215,7.7598
c176,,Unnamed Forest Reserve (WDPA 'No.11'),Forest Reserve,Jigawa,,,93.3,,,,,Jigawa State Forestry Department.,,sudan,Sudan savanna zone.,,,,,,WDPA-listed forest reserve; polygon centroid nearest town Gagarawa.,Unnamed Forest Reserve (WDPA 'No.13'); Unnamed Forest Reserve (WDPA 'No.14'),published,B,0,0,,https://www.protectedplanet.net/country/NGA | https://services9.arcgis.com/IkktFdUAcY3WrH25/arcgis/rest/services/WDPA_Terrestrial_Simplification50/FeatureServer/0,12.4977,9.7242
c177,,Unnamed Forest Reserve (WDPA 'No.15'),Forest Reserve,Jigawa,,,349.4,,,,,Jigawa State Forestry Department,,sudan,Sudan savanna zone,,,,,,WDPA-listed forest reserve; polygon centroid nearest town Jahun.,,published,B,0,0,,https://www.protectedplanet.net/country/NGA | https://services9.arcgis.com/IkktFdUAcY3WrH25/arcgis/rest/services/WDPA_Terrestrial_Simplification50/FeatureServer/0,12.1594,9.4839
c178,,Unnamed Forest Reserve (WDPA 'No.19'),Forest Reserve,Jigawa,,,232.5,,,,,Jigawa State Forestry Department.,,sudan,Sudan savanna zone.,,,,,,WDPA-listed forest reserve; polygon centroid nearest town Kafin Hausa.,Unnamed Forest Reserve (WDPA 'No.20'),published,B,48,24,,https://www.protectedplanet.net/country/NGA | https://services9.arcgis.com/IkktFdUAcY3WrH25/arcgis/rest/services/WDPA_Terrestrial_Simplification50/FeatureServer/0,12.111,10.1333
c179,,Unnamed Forest Reserve (WDPA 'No.29'),Forest Reserve,Kano,,,1031.7,,,,,Kano State Forestry Department,,sudan,Sudan savanna zone,,,,,,WDPA-listed forest reserve; polygon centroid nearest town Bunkure.,,published,B,30,8,,https://www.protectedplanet.net/country/NGA | https://services9.arcgis.com/IkktFdUAcY3WrH25/arcgis/rest/services/WDPA_Terrestrial_Simplification50/FeatureServer/0,11.6737,8.471
c180,,Kwiambana Forest Reserve,Forest Reserve,Zamfara,Maru,,260306.9,,,,,Zamfara State Ministry of Environment,,sudan,Guinea–Sudan savanna woodland,,Elephants historically (Kamuku & Kwiambana GRs: 80 counted 1993),"Timber, fuelwood, grazing","Contains ruins of the walled town of Kwiambana (destroyed early 19th c.), on Nigeria's UNESCO World Heritage tentative list since 1995.","Banditry, encroachment, poaching, logging","Very large reserve (c. 2,600 km² GIS) bordering Kamuku NP across the Mariga River; sometimes called Kwiambana Game Reserve.",,published,B,22,12,,https://www.protectedplanet.net/country/NGA | https://en.wikipedia.org/wiki/Kwiambana | https://africanelephantdatabase.org/report/1995/Africa/West_Africa/Nigeria/19,11.2685,6.569
c181,,Unnamed Forest Reserve (WDPA 'No.32'),Forest Reserve,Katsina,,,531.5,,,,,Katsina State Ministry of Environment (Forestry),,sudan,Sudan savanna zone,,,,,,WDPA-listed forest reserve; polygon centroid nearest town Faskari.,,published,B,5,4,,https://www.protectedplanet.net/country/NGA | https://services9.arcgis.com/IkktFdUAcY3WrH25/arcgis/rest/services/WDPA_Terrestrial_Simplification50/FeatureServer/0,11.6353,7.1474
c182,,Unnamed Forest Reserve (WDPA 'No.34'),Forest Reserve,Katsina,,,266.8,,,,,Katsina State Ministry of Environment (Forestry).,,sudan,Sudan savanna zone.,,,,,,WDPA-listed forest reserve; polygon centroid nearest town Danja.,Unnamed Forest Reserve (WDPA 'No.36'),published,B,26,26,,https://www.protectedplanet.net/country/NGA | https://services9.arcgis.com/IkktFdUAcY3WrH25/arcgis/rest/services/WDPA_Terrestrial_Simplification50/FeatureServer/0,11.4651,7.5486
c183,,Unnamed Forest Reserve (WDPA 'No.50'),Forest Reserve,Kaduna,,,249.8,,,,,Kaduna State Forestry Department.,,nguinea,Northern/Southern Guinea savanna transition.,,,,,,WDPA-listed forest reserve; polygon centroid nearest town Kafanchan.,Unnamed Forest Reserve (WDPA 'No.43'); Unnamed Forest Reserve (WDPA 'No.47'); Unnamed Forest Reserve (WDPA 'No.57'),published,B,1,1,,https://www.protectedplanet.net/country/NGA | https://services9.arcgis.com/IkktFdUAcY3WrH25/arcgis/rest/services/WDPA_Terrestrial_Simplification50/FeatureServer/0,9.8052,8.2299
c184,,Unnamed Forest Reserve (WDPA 'No.53'),Forest Reserve,Kaduna,,,4789.8,,,,,Kaduna State Forestry Department,,nguinea,Northern Guinea savanna zone,,,,,,WDPA-listed forest reserve; polygon centroid nearest town Kagarko.,,published,B,0,0,,https://www.protectedplanet.net/country/NGA | https://services9.arcgis.com/IkktFdUAcY3WrH25/arcgis/rest/services/WDPA_Terrestrial_Simplification50/FeatureServer/0,9.6259,7.6173
c185,,Dansoshiya Forest Reserve,Forest Reserve,Kano,Kiru,,6903,,,,,Kano State Forestry,,sudan,Sudan savanna woodland,"Anogeissus leiocarpus, Diospyros mespiliformis, Balanites aegyptiaca, Tamarindus indica, Combretum glutinosum, Guiera senegalensis","Hare, egret (hyena and antelope reported lost)","Grazing, fuelwood, medicinal plants",,"Settlement by herders, tree cutting","Little forest loss 1966–2015 (6,903 → 6,871 ha); being developed as a model grazing reserve with pastoral housing and a dam (KSADP).",,published,B,66,32,,https://fjs.fudutsinma.edu.ng/index.php/fjs/article/view/1340 | https://humanglemedia.com/transformation-of-dansoshiya-forest-will-catapult-agro-pastoral-development-in-kano-gawauna | https://www.protectedplanet.net/country/NGA,11.561,8.1075
c186,,Nindam (Ninjam) Forest Reserve,Forest Reserve,Kaduna,Jema'a; Kaura,,5845.1,,,,,Kaduna State Forestry,IBA; KBA (Kagoro–Nindam),sguinea,Savanna–riparian forest mosaic on the Jos Plateau escarpment,,"Brown-chested lapwing (breeding), yellow-throated cuckoo (one of two Nigerian localities)","Timber, NTFPs, water",Escarpment scenery and birding near Kagoro hills.,"Slash-and-burn farming, logging, poaching, grazing, fire","Part of the Kagoro–Nindam Forest Reserves IBA (c. 118 km², four FRs plus communal land).",,published,B,91,84,,https://www.keybiodiversityareas.org/site/factsheet/6746 | https://www.policyvault.africa/wp-content/uploads/policy/NGA2193.pdf | https://www.protectedplanet.net/country/NGA,9.4701,8.3298
c187,,Hadejia-Nguru Wetlands,Other,Jigawa; Yobe,Hadejia; Auyo; Kafin Hausa; Kirikasamma; Guri; Birniwa (Jigawa) and Nguru area (Yobe),,277850,,,,,,IBA; KBA,sudan,"Sahel–Sudan floodplain: seasonally flooded fadama, marsh, Acacia scrub, riparian kurmi forest","Acacia albida, Khaya senegalensis, Hyphaene thebaica, Acacia nilotica, Echinochloa and Oryza grasses","377 bird spp.; 200,000–325,000 Palearctic waterbirds (Jan counts 1995–97), ferruginous duck, red-fronted gazelle; 89+ fish spp.","Fisheries, flood-recession farming, grazing, fuelwood, water",One of West Africa's key waterbird wetlands; bird-watching around Baturiya and Nguru lakes.,"Upstream dams (Tiga, Challawa) altering floods, drought, overgrazing, farm expansion, Quelea control chemicals",Floodplain of Hadejia and Jama'are rivers; contains Baturiya Wetland GR (Jigawa) and several forest reserves; c. 35% under protection.,,published,B,11961,475,Limited,https://www.keybiodiversityareas.org/site/factsheet/6754,12.65,10.55
c188,,Rugu Forest Reserve,Forest Reserve,Katsina,Safana area,,,,,,,Katsina State Ministry of Environment,,sudan,Sudan savanna woodland,,,"Fuelwood, grazing",,"Fuelwood extraction, farm encroachment, insecurity, weak protection, grazing-reserve designation. Fuelwood extraction, farming encroachment, insecurity, inadequate protection, and its use as a grazing reserve.","Degraded reserve studied as a case of forest degradation; notorious bandit enclave. Relationship to WDPA's Ruma and Kukar Jangara reserves unverified. Case study of forest degradation (Ladan & Saulawa 2022, Springer), which recommends tackling insecurity so the reserve can be reforested.",,approx_town,D,5,5,,https://link.springer.com/10.1007/978-981-19-5478-8_5,12.4108,7.4146
c189,,Runka Forest Reserve,Forest Reserve,Katsina,Safana,,,,,,,Katsina State Ministry of Environment,,sudan,Sudan savanna woodland,,,NTFPs used by fringe settlements (e.g. Gimi),,,Studied for faunal restoration and NTFP use; may overlap WDPA-listed reserves near Runka.,,approx_town,D,0,0,,https://link.springer.com/10.1007/978-981-19-5478-8_5,12.4479,7.3092
c190,,Duddurun Gaya Forest Reserve,Forest Reserve,Kano,Gaya,,6416,,,,,Kano State Forestry,,sudan,Sudan savanna (largely neem-dominated),"Azadirachta indica (introduced, dominant)",,"Irrigated farmland, fuelwood",,"Conversion to irrigation farmland, fuelwood cutting","Shrank c. 60% (6,416 ha in 1966 to 1,950 ha in 2015).",,approx_town,D,13,6,,https://fjs.fudutsinma.edu.ng/index.php/fjs/article/view/1340,11.8606,9.0027
c191,,Kagoro Forest Reserve,Forest Reserve,Kaduna,Kaura,,,,,,,Kaduna State Forestry Department,IBA; KBA (Kagoro–Nindam),sguinea,Savanna–gallery forest mosaic on escarpment,,"Brown-chested lapwing, yellow-throated cuckoo",,Kagoro hills and escarpment scenery; birding.,"Slash-and-burn farming, logging, poaching, grazing, fire",Part of Kagoro–Nindam Forest Reserves IBA (c. 118 km²); coordinates are the IBA centre. Listed in Kaduna State Forestry Law 2019.,,published,B,81,36,,https://www.keybiodiversityareas.org/site/factsheet/6746 | https://www.policyvault.africa/wp-content/uploads/policy/NGA2193.pdf,9.4714,8.2882
c192,,Kagom Forest Reserve,Forest Reserve,Kaduna,,,,,,,,Kaduna State Forestry Department,,,,,,,,,Name read from the (poorly scanned) First Schedule of the Kaduna State Forestry Law 2019; not matched to a WDPA polygon.,,,D,,,,https://www.policyvault.africa/wp-content/uploads/policy/NGA2193.pdf,,
c193,,Ikara Forest Reserve,Forest Reserve,Kaduna,Ikara,,,,,,,Kaduna State Forestry Department,,sudan,,,,,,,Name read from the (poorly scanned) First Schedule of the Kaduna State Forestry Law 2019; not matched to a WDPA polygon.,,approx_town,D,3,1,,https://www.policyvault.africa/wp-content/uploads/policy/NGA2193.pdf,11.1751,8.2247
c194,,Lere Forest Reserve,Forest Reserve,Kaduna,Lere,,,,,,,Kaduna State Forestry Department,,nguinea,,,,,,,Name read from the (poorly scanned) First Schedule of the Kaduna State Forestry Law 2019; not matched to a WDPA polygon.,,approx_town,D,15,3,,https://www.policyvault.africa/wp-content/uploads/policy/NGA2193.pdf,10.387,8.5726
c195,,Kaura Forest Reserve,Forest Reserve,Kaduna,Kaura,,,,,,,Kaduna State Forestry Department,,nguinea,,,,,,,Name read from the (poorly scanned) First Schedule of the Kaduna State Forestry Law 2019; not matched to a WDPA polygon.,,approx_town,D,0,0,,https://www.policyvault.africa/wp-content/uploads/policy/NGA2193.pdf,9.6681,8.4582
c196,,Kachia Forest Reserve,Forest Reserve,Kaduna,Kachia,,,,,,,Kaduna State Forestry Department,,nguinea,,,,,,,Name read from the (poorly scanned) First Schedule of the Kaduna State Forestry Law 2019; not matched to a WDPA polygon.,,approx_town,D,27,10,,https://www.policyvault.africa/wp-content/uploads/policy/NGA2193.pdf,9.8734,7.9541
c197,,Kauru Forest Reserve,Forest Reserve,Kaduna,Kauru,,,,,,,Kaduna State Forestry Department,,nguinea,,,,,,,Name read from the (poorly scanned) First Schedule of the Kaduna State Forestry Law 2019; not matched to a WDPA polygon.,,approx_town,D,2,1,,https://www.policyvault.africa/wp-content/uploads/policy/NGA2193.pdf,10.576,8.151
c198,,Zangon Kataf Forest Reserve,Forest Reserve,Kaduna,Zangon Kataf,,,,,,,Kaduna State Forestry Department,,,,,,,,,Name read from the (poorly scanned) First Schedule of the Kaduna State Forestry Law 2019; not matched to a WDPA polygon.,,,D,,,,https://www.policyvault.africa/wp-content/uploads/policy/NGA2193.pdf,,
c199,,Bugau South Forest Reserve,Forest Reserve,Kaduna,,,,,,,,Kaduna State Forestry Department,,,,,,,,,Name read from the (poorly scanned) First Schedule of the Kaduna State Forestry Law 2019; not matched to a WDPA polygon.,,,D,,,,https://www.policyvault.africa/wp-content/uploads/policy/NGA2193.pdf,,
c200,,Dogon Kurmi Forest Reserve,Forest Reserve,Kaduna,,,,,,,,Kaduna State Forestry Department,,,,,,,,,Name read from the (poorly scanned) First Schedule of the Kaduna State Forestry Law 2019; not matched to a WDPA polygon.,,,D,,,,https://www.policyvault.africa/wp-content/uploads/policy/NGA2193.pdf,,
c201,,Tukurwa Forest Reserve,Forest Reserve,Kaduna,,,,,,,,Kaduna State Forestry Department,,,,,,,,,Name read from the (poorly scanned) First Schedule of the Kaduna State Forestry Law 2019; not matched to a WDPA polygon.,,,D,,,,https://www.policyvault.africa/wp-content/uploads/policy/NGA2193.pdf,,
c202,,Chawal Forest Reserve,Forest Reserve,Kaduna,,,,,,,,Kaduna State Forestry Department,,,,,,,,,Name read from the (poorly scanned) First Schedule of the Kaduna State Forestry Law 2019; not matched to a WDPA polygon.,,,D,,,,https://www.policyvault.africa/wp-content/uploads/policy/NGA2193.pdf,,
c203,,Damakasuwa Forest Reserve,Forest Reserve,Kaduna,,,,,,,,Kaduna State Forestry Department,,,,,,,,,Name read from the (poorly scanned) First Schedule of the Kaduna State Forestry Law 2019; not matched to a WDPA polygon.,,,D,,,,https://www.policyvault.africa/wp-content/uploads/policy/NGA2193.pdf,,
c204,,Kurmin Badye Forest Reserve,Forest Reserve,Kaduna,,,,,,,,Kaduna State Forestry Department,,,,,,,,,Name read from the (poorly scanned) First Schedule of the Kaduna State Forestry Law 2019; not matched to a WDPA polygon.,,,D,,,,https://www.policyvault.africa/wp-content/uploads/policy/NGA2193.pdf,,
c205,,Bahama Forest Reserve,Forest Reserve,Kaduna,,,,,,,,Kaduna State Forestry Department,,,,,,,,,Name read from the (poorly scanned) First Schedule of the Kaduna State Forestry Law 2019; not matched to a WDPA polygon.,,,D,,,,https://www.policyvault.africa/wp-content/uploads/policy/NGA2193.pdf,,
c206,,Ladduga Forest Reserve (part),Forest Reserve,Kaduna,,,,,,,,Kaduna State Forestry Department,,,,,,,,,Name read from the (poorly scanned) First Schedule of the Kaduna State Forestry Law 2019; not matched to a WDPA polygon.,,,D,,,,https://www.policyvault.africa/wp-content/uploads/policy/NGA2193.pdf,,
c207,,Warfi Forest Reserve,Forest Reserve,Kaduna,,,,,,,,Kaduna State Forestry Department,,,,,,,,,Name read from the (poorly scanned) First Schedule of the Kaduna State Forestry Law 2019; not matched to a WDPA polygon.,,,D,,,,https://www.policyvault.africa/wp-content/uploads/policy/NGA2193.pdf,,
c208,,Escarpment Forest Reserve,Forest Reserve,Kaduna,,,,,,,,Kaduna State Forestry Department,,,,,,,,,Name read from the (poorly scanned) First Schedule of the Kaduna State Forestry Law 2019; not matched to a WDPA polygon.,,,D,,,,https://www.policyvault.africa/wp-content/uploads/policy/NGA2193.pdf,,
n_lcc,,Lekki Conservation Centre,Conservation Area,Lagos,Eti-Osa,,78,,1990,,,Nigerian Conservation Foundation,,mangrove,"Secondary/swamp forest, mangrove, savanna grassland",,"Mona monkey, bushbuck, Maxwell's duiker, crocodile, monitor lizard, many birds",,"Canopy walkway (among Africa's longest), tree house, nature trail, boardwalks; major Lagos ecotourism site.",Urban development pressure,Urban nature reserve managed by the Nigerian Conservation Foundation.,,published,B,,,Established,https://en.wikipedia.org/wiki/Lekki_Conservation_Centre | https://www.fao.org/4/ab578e/AB578E06.htm,6.4364,3.5356
n0,,Farin Ruwa Forest Reserve,Forest Reserve,Nasarawa,,,,,,,,,,,,,,,"Surrounds the Farin Ruwa waterfalls in Wamba LGA, which the state plans to develop for tourism (including a proposed 'Film City').",Encroachment by loggers and herders; grazing and tree cutting are prohibited,News report (Feb 2021) of the state government vowing to protect the reserve and waterfalls.,,,D,,,,https://nannews.ng/nasarawa-state-govt-vows-to-protect-forest-reserve-waterfalls/,,
fao0,,Mgbeagu Forest Reserve,Forest Reserve,Abia,,,112,112,,,,,,,,,,,,,"Listed in FAO Table 18 (high-forest states, Beak Consultants 1998); location not yet established.",,,D,,,,https://www.fao.org/4/ab578e/AB578E10.htm,,
fao1,,Ohambele Forest Reserve,Forest Reserve,Abia,,,118,118,,,,,,,,,,,,,"Listed in FAO Table 18 (high-forest states, Beak Consultants 1998); location not yet established.",,,D,,,,https://www.fao.org/4/ab578e/AB578E10.htm,,
fao2,,Gilli-Gilli Forest Reserve,Forest Reserve,Delta,,,554,554,,,,,,,,,,,,,"Listed in FAO Table 18 (high-forest states, Beak Consultants 1998); location not yet established.",,,D,,,,https://www.fao.org/4/ab578e/AB578E10.htm,,
fao3,,Obigbo Obokofia Forest Reserve,Forest Reserve,Imo,,,42,42,,,,,,,,,,,,,"Listed in FAO Table 18 (high-forest states, Beak Consultants 1998); location not yet established.",,,D,,,,https://www.fao.org/4/ab578e/AB578E10.htm,,
fao4,,Ofili-Anozie 1 Forest Reserve,Forest Reserve,Imo,,,418,418,,,,,,,,,,,,,"Listed in FAO Table 18 (high-forest states, Beak Consultants 1998); location not yet established.",,,D,,,,https://www.fao.org/4/ab578e/AB578E10.htm,,
